id,position,primary_keyword,role_family,experience_years,experience_bucket,english_level,english_score,skills,skill_count,interest_tags,cv_excerpt
0d138415-50d2-5450-bf3f-1f04d20799c4,"Art director, Web UI designer, Branding designer, Graphic designer, Illustrator",Design,design_ux,11.0,senior_10_plus,intermediate,3.0,figma;ui/ux,2,remote,"More than 300 successful projects done for 10+ years of work for clients in Ukraine, Europe, USA and Asia, as a freelancer or as a team member as well. Among clients: Samsung, Total, British Council, FAW, Xpower, Anagog, Yogo, Sigurd Vedal, Turkish Airlines, Macallan, AIG Lincoln, Ukrainian Greek Catholic Church, IDS Borjomi, National Technical University of Ukraine, Nanan, Aika, Gorenje, Ralot, 1C Bitrix, Vogster Entertainment, Vitesse, Yuterra etc. 10+ years of remote full-time, part-time, freelance and office work in Art-Direction and Web UI/UX (+responsive), Product and App Design, Brandin"
3add7b7e-304c-5d82-9b17-a7715813d363,Front-end engineer,JavaScript,frontend,5.0,mid_3_6,intermediate,3.0,javascript;react;react native;vue,4,,"I am a Front End Engineer. I am currently employed as Front End Engineer. The most experience I have with Vue JS, Vuex. A little less with React, Redux, React Native. I am also gaining experience with Stencil JS and Ionic. English level - Intermediate. I have Experience working with teams from different countries. Constantly trying to improve my technology skills. Also working on improving my English level on Cambly service with foreign tutors. I look forward to discussing my qualifications in more detail. I am looking for an opportunity to channel my skills into working with some of the most "
7062abfe-f109-548a-a12e-438bf0a38d14,Project Manager,Project Manager,product_project,3.0,mid_3_6,fluent,5.0,agile;project management;scrum,3,,"Professional and ambitious IT Project Manager with successful background in international business and project execution. Possess excellent organizational, communication and negotiation skills and the ability to develop and maintain mutually beneficial internal and external relationships. More than 9 years of management experience. IT PM Responsibilities: - Project assessment, planning and roadmap creation; - Development, release and further support of IT projects based Magento 1, 2 versions, Phalcon Framework, Zend; - Team work management, control and evaluation of the effective team performa"
4abe22f0-a3ec-564b-93e2-a33813ebdd7a,Oracle DBA,SQL,data_analytics,3.0,mid_3_6,fluent,5.0,linux;sql,2,,"Linux, SQL, Unix shell (BASH), BAT, Oracle RDBMS 10.2/11.2, VirtualBox, TCP/IP, Windows, MS Office My future working place is has to be related to Oracle products and services with the Oracle RDBS in the center. I have never ever worked as a developer but i'd like to gain experience in that field. So i'd willingly consider all job proposals matching my desire to stay with Oracle and move forward."
d4cbd86d-3ac2-5024-b0ba-ca9eb8f0b229,DevOps,DevOps,devops_cloud,1.0,junior_1_3,intermediate,3.0,aws;docker;jenkins;python;terraform,5,,"Cyber security vCISO intern Work with Cloud , python , bash , MDMs, compliances, Networks, Pentest tools. Education project on Epam It was my own custom python project (Andromeda - Service for information security ) Technology(tools) on the project: Jenkins, Terraform, AWS, Docker Compose, LAMP stack, Python jango. On my crypto team I was responsible for all stages of IT development. the infrastructure was create by terraform on AWS, python scripts configured instances and deploy services"
91610a9c-9c9f-5f3b-95ea-67c80a65196b,Разработчик C++,C++,machine_learning,1.5,junior_1_3,intermediate,3.0,git;java;linux;machine learning;python;sql,6,,"C++, Qt, STL, SQL, Python, Java, OOP, Design Patterns, concurrency, distributed computing, Algorithms & Data structures, good math background, machine learning fundamentals, cryptography fundamentals, SVN/Git, Linux"
b98a4ecf-dc8d-50a7-9b48-073968e6a49c,QA Engineer,QA,qa_testing,0.5,junior_0_1,fluent,5.0,api;python;qa;scrum,4,,"QA Engineer, Prestashop test project, December 2023 - February 2023 Project Description: Internet store Conducting Manual Testing of Web Applications (Functional, Usability, Localization, Cross-browser); Creating testing documentation (Checklists, Test Cases, Bug Reports); Creating API tests using Postman, Python(requests, pytest) Participating in Team Meetings (Scrum team) Tools: TestRail, Postman, Python, Requests, Pytest QA Engineer, Training project, February 2023- April 2023 Project Description: Medical center Manual Testing of Web Applications; Writing appropriate test documentation (Тes"
c2d02cab-a32f-54fd-8f0a-4daf81d200d4,IT recruiter,Recruiter,fullstack,10.0,senior_10_plus,intermediate,3.0,.net;android;angular;ios;java;javascript;node.js;php;product management;qa;ui/ux,11,leadership,"I have experience leading junior IT Recruiter. I'm able to find a candidate in a very short term. Closed vacancies: - Solution Architect -System/Business Analyst -Project/Product Manager - Team Lead - Developer (Front, Back, FullStack/JS, Java, C# etc) - QA Engineer -UI/UX Designer -other Organizing of full cycle recruiting process - Recruiting IT specialists - Software developers (Javascript (Angular JS, Node JS), ASP.Net, C#, .Net, PHP, IOS, Android.), Quality Assurance specialists UI/UX designers etc. Daily communication with potential candidates, selection of candidates for further intervi"
d9443d7e-d854-55cd-8cf9-b47a3b6be8d5,UI/UX Designer,Design,mobile,2.5,junior_1_3,fluent,5.0,android;ios;ui/ux,3,leadership;research,"Creation of multiple products from scratch, one of them is currently working. Product added good value to the portfolio of company's existing products. Conducted lecture for the design team inside the company: Difference between Android & iOS guidelines, implementation of material design in iOS environment. Currently creating a process for the new design team to continue product development. Allocation of obligations, creation of regular meetings and methodologies for design review process. Development of the design system and creation of guidelines for its usage Experience of working with exi"
0383da23-a018-548d-91c1-ce542b45c0c7,Senior .Net Developer,.NET,backend,5.0,mid_3_6,intermediate,3.0,.net;microservices,2,,"Self-directed, detail-oriented, and professional C# programmer with more than 5 years of commercial experience in designing, developing, analyzing, and implementing client-server, web, applications using C# language. Has experience in Microservices Architecture, DDD"
35a5f606-4876-5e74-9f65-d4027b842bda,QA engineer,QA,qa_testing,2.0,junior_1_3,intermediate,3.0,ios;qa,2,,"1. Engaged in all testing phases of systems development life cycle (SDLC), creating test cases and planning project goals. 2. Creation acceptance tests for the application development process. 3. Manual testing of new features, regression testing of all implemented features. 4. Quality assurance of project goals and aims. 5. Cross-platform testing of a product. 6. Reporting bug issues. 7. Performing UI testing of different products. 8. Engaged in different types of data-based analysis. 9. Performing technical writing activities. 10. Applying test design techniques (Equivalence Partitioning, Bo"
6ed94aaf-d0f4-5c50-bf62-af3006ae903a,Java Software Engineer,Java,frontend,1.5,junior_1_3,intermediate,3.0,git;java;postgresql;react,4,,"I worked on several projects such as CRM and online shopping. On CRM system, i was responsible for creating CRUD and writing native Query for PostgreSQL. For this, i used JDBC, GIT, Maven on backend side. On online shopping, i worked on connect backend and frontend sides and integrate datas from postgres to frontend. I used HTML, React-redux and Queries on database side."
8a676663-678c-5250-bf71-b9be0ac00031,Manual QA Engineer,QA,mobile,2.0,junior_1_3,intermediate,3.0,android;api;qa,3,,"Participated in the project for the development of a VR attraction in the shopping center ""Nikolsky"" in Kharkov with the successful completion of the project for the opening of the shopping center. I worked in a company that develops lasertag hardware and software. I tested both the hardware part of the product and mobile application for setting up game scenarios. I also tested the mobile application of personal player statistics and tested the VR Lasertag project, which is a full-fledged simulator of playing laser tag in virtual reality with various PVP and PVE modes. Also, I have experience "
10319d23-5e5a-571e-84e1-158457d2f20e,Data Scientist,Data Science,machine_learning,4.0,mid_3_6,fluent,5.0,api;computer vision;machine learning;nlp;project management,5,,"ML/AI Engineer, 07/2020 to Current Softesis I had the opportunity to work extensively on AI tools for test automation, honing my skills in this specialized area. I developed and implemented production-level ML, NLP, and Computer Vision products, contributing to the advancement of automated testing processes. This involved leveraging cutting-edge technologies and algorithms to achieve efficient and accurate results. One of the key aspects of my work involved data extraction, cleaning, analysis, and presentation of large datasets. I utilized my expertise in data mining techniques to uncover valu"
e5693019-3fc6-5cb3-9f13-7c16e68da19c,Junior Project Manager,Project Manager,product_project,0.0,junior_0_1,fluent,5.0,product management;project management,2,,"Coursera specialization courses: - Introduction to Project Management Principles and Practices Specialization, University of California, Irvine (2020) -Software Product Management Specialization, University of Alberta AgileEngine/ Transvoyant, Data Quality Analyst (Kyiv) (May 2018 - Present) - Reporting on data accuracy and quality, both internal and external customers - Mentoring junior team members - Using Jira and Confluence for documentation and creation/tracking of tickets - Primary data validation of new customers' data, using databases for data quality analysis - Communicating updates a"
f2025a33-0c16-5f88-8acd-7c0b03645879,Java/C++ Backend Software Engineer,Java,backend,3.0,mid_3_6,fluent,5.0,java;jenkins;python;scrum,4,,"At Nokia I received an award for boosting employee morale and productivity. There many smaller accomplishments, see work experience. Nokia. Developed and refactored C++ applications for the integration testing system. Developed features (Python) enabling semi-automatic bug report handling for the product owners of the department. As a process facilitator (Scrum master), built a team and work-process for a new project (including work-process events like daily sync-ups, planning and retro sessions). For this I received an award. Facilitated meetings chairing and risk monitoring. JetBrains Resear"
c5fe1103-5420-5085-a2a2-0357e6ff58c1,junior Full Stack Web Developer,Ruby,fullstack,0.0,junior_0_1,intermediate,3.0,javascript;react;ruby,3,,Self-study Ruby on Rails with a mentor // 12.2020 - 08.2021 Courses beetroot academy: - Front-End // 09.2019 - 02.2020 - Advanced JavaScript (React/Redux React) // 02.2020 - 04.2020 I am looking for a vacancy with the possibility of combining with the main job at the initial stage
bb9161d3-5b5b-501b-8072-f1655c792570,Senior Software Engineer,Java,devops_cloud,11.0,senior_10_plus,fluent,5.0,aws;elasticsearch;java;python;spring,5,,"Designing and early level development for a custom python-like programming language for customer-defined operations for ""unsafe"" environment. Template cookie cutter for company ""simple"" AWS-driven ETL processes Creating and refactoring spark-based real-time mechanism for price computation, real-time high-load metric processing tool, aws dynamic EMR cluster management tool with auto scaling, elasticsearch real-time system plugin. I am a software engineer with ~10 year experience in enterprise with deep knowledge in object-oriented programming, JVM languages (+Spring), Python, high-load data pro"
06f30731-246e-5bd3-bb83-d0dfa1cb4f2b,QA Engineer,QA,data_analytics,2.5,junior_1_3,intermediate,3.0,agile;api;figma;python;qa;selenium;sql,7,,"Courses (training center ""QALight""): - Software testing (50 hours); - Practical SQL (32 hours); - Unix courses + Networking (30 hours); - Performance testing (6 hours); - Web Servers and Web Services Course (6 hours). Self-education: - HTML/CSS (Sololearn); - Test automation with Selenium and Python (stepik.org, in progress). After completing the preparatory courses (QALight), I worked as a manual QA engineer in two product companies: - ""Madgicx"" (Dec. 2021 - Oct. 2022) - online advertising company - ""BillLine"" (Jan. 2021 - Sep. 2021) - payment service provider Gained experience: - software de"
d55f43ef-409c-5bae-abec-8bbf5c92f90d,Product Designer,Design,design_ux,11.0,senior_10_plus,fluent,5.0,data analysis;ui/ux,2,,"More than 20 successful huge projects developed, plenty of them were fin.tech. One has risen $15M from Adressen & Horowitz 6 years ago, another did a $5M pre-seed round last autumn. Created several huge projects from scratch. Building teams and processes inside marketing and product teams. 2014 Young Lions semi finalist Innovative designer with 10+ years of experience is looking for product company to solve complex problems. Able to deeply understand business' and stakeholders' needs and constraints they operate under to deliver solutions that will be consistent with those needs. Work through "
c49e88a9-37dc-517d-9741-68877ba2be53,Scrum Master,Scrum Master,product_project,6.0,senior_6_10,fluent,5.0,figma;microservices;product management;project management;scrum,5,,"I heavily contributed to building from scratch a new Value Stream in the company I worked for (NDA). After two years of hard work, our products became well-recognised by the top companies on the market and demand for them grew exponentially. Engineers that never worked with each other, became very strong, mature, effective and self-organized teams that turned ideas into tangible outcomes quickly and with high quality. Certifications Professional Scrum Master™ I (PSM I) (April 2022) Professional Scrum Master™ II (PSM II) (August 2022) Recent project example: Banking Platform. A SaaS platform fo"
ef30012f-d22a-51e5-a24d-bb208f28c178,Project Manager,Project Manager,qa_testing,7.0,senior_6_10,fluent,5.0,project management;qa,2,,"Management of various projects (American, Asian, European clients - Global 500 ranking companies); business correspondence; conference calls; online meetings, webinars; linguistic team coordination; tasks evaluation, scheduling, assignment, registration, documenting, tracking; results assessment, correction processes; QA; testing - Adobe Acrobat, Illustrator, InDesign (software builds, emulation packages, screenshots); bug logging/fixing. Over 6 years of experience as a Project Manager (Translation & localization company, Kharkov, 2008-Present) Key Skills • Project management • Business corres"
9f483db5-12d7-5464-be33-e31d9ea6c57d,Backend Developer,PHP,backend,7.0,senior_6_10,intermediate,3.0,git;java;javascript;linux;mysql;node.js;php;rest;spring,9,,"Reduced server response time to 30ms, optimized and reduced db size in half. Working and developing RESTful services for last several years PHP, Symfony2 | Javascript, jQuery, KnockoutJS, QUnit, Jasmine | NodeJS, GruntJS, Express, Async | Java, Spring, Smartfox2, MyBatis, ActiveMQ, Protobuf, HBase| Gearman, ActiveMQ | MySQL, master-master replication | Git, Subversion | Linux, CentOS, RHEL best if project is related with offline business or hardware"
8e5535bb-8a6a-51b9-b304-a0831aeecb17,DevOps,DevOps,devops_cloud,9.0,senior_6_10,intermediate,3.0,aws;azure,2,,"• Wide experience in design and installation of local area networks and wireless networks, configuring different client and operator level equipment (Ubiquiti, MikroTik, D-Link, TP-Link, Cisco); • Experience in building corporate networks on Mikrotik equipment, D-Link L2 / L3, Ubiquiti, TPLink; • Providing external / internal security and NAT rules and restrictions with Firewall; Excellent guided in network protocols VLan, OSPF, VPN (PPPoE, PPtP), EOIP; Professional knowledge in operating Microsoft Windows / Mikrotik RouterOS systems; Experience in setting server roles: DHCP, DNS, VPN, RDP; • "
e85a9a56-5436-54c4-92de-575a348d0cd0,Content manager/Project Manager,Other,design_ux,9.0,senior_6_10,fluent,5.0,project management;ui/ux,2,leadership,"Nowadays, everything that surrounds us is moving to the Internet. Everything that you see on the webpage is my specialization. For seven years of experience as a content manager, I see the minor mistakes in the text, gaps in the size of the pictures, UI/UX issues, and bugs in the code. I worked with a team of managers and designers who, under my leadership, worked with the content to develop confident projects. Content Manager SEOBROTHERS 08/2020 - 01/2022, Full-cycle SEO and content marketing agency Achievements/Tasks Working with content Adding, editing content on the site Working in a team "
a97ac400-2055-5d89-a8aa-8684f345eb9b,Middle Data Analyst,Data Analyst,machine_learning,11.0,senior_10_plus,intermediate,3.0,machine learning;nlp;python;sql,4,,"With a career spanning 10 years in the data sector, I have worked for numerous companies within Azerbaijan. I bring to the table my advanced skills in Excel, SQL, and Python. In one of my notable roles at an insurance company, I developed a strong ability to create detailed reports using Excel and SQL. This experience gave me the opportunity to use data effectively and improve company performance. Additionally, lately I was involved in the ""Mirza"" NLP research project where my responsibilities included collection, cleaning, and preprocessing of textual data for the Machine Learning models, mai"
d1eaa6ba-cbe5-5a6e-b8be-0b48a43fdb2c,Front-End Developer,JavaScript,frontend,2.0,junior_1_3,fluent,5.0,javascript;qa;react,3,,"I worked as a FE dev for two companies, one of them was e-commerce Finnish project (www.bauhaus.fi, www.bauhaus.ee), another one a Ukrainian company delivering crypto-currency solutions (CPAY, CoinpriceList,YomiFinance). I've mainly used React/Next.js and its infrastructure, actively collaborated with designers, BE engineers, SEO-specialists, QA. Currently working as a part-time FE for Calaton Systems. Looking for a new full-time role to become a better version of myself speaking professionally ))"
60fea5ca-4979-5166-bb3c-63c387a0b378,Business Analyst,Business Analyst,data_analytics,2.0,junior_1_3,intermediate,3.0,api;rest;sql,3,,Designed the requirements specification for the third-party API integration to reduce the cost of orders. Initiated and drove the development of the automatic role- and workload-based task assignments for the insurance department. Launched a trigger-based message sending service with complex business conditions. Supported the development of a chat-bot implementation for client assistance. Coordinated changes in the web interface ERP-system module for the service process automation. Transformed the reports used to evaluate employee performance to get the necessary metrics more clearly. Business
1fa679fd-e557-577b-9c23-e71468cafba1,Full Stack Developer,PHP,fullstack,7.0,senior_6_10,intermediate,3.0,angular;java;javascript;laravel;mongodb;mysql;node.js;php;react;scrum;spring;sql,12,,"Full stack software developer with more than 7 years of experience in web technologies, micro services, front end and database management applied to the banking sector, e-learning, document management and business. SKILLS Web design: HTML5, CSS3, Bootstrap, Wordpress & Joomla. Software development: PHP( Laravel, Lumen, Codeigniter, Slim) Javascript (Angular, Jquery, Ajax, AngularJS, ReactJs) NodeJs (Sails Js, Express Js) C# (Entity Framework) Java (Spring, Hibernate) Database: Mysql, SQL Server, Oracle, Mongodb. Methodologies: Scrum LANGUAGES English: Good knowledge German: Good knowledge Span"
5aa1cede-5a4b-59d1-9212-fdf89b17bbff,Flutter Developer,Flutter,mobile,2.0,junior_1_3,intermediate,3.0,api;flutter;rest,3,,"MY IT-SKILLS: - Strong knowledge of Dart language, - Strong knowledge of Flutter - Knowledge of data structures, - Knowledge of asynchronous principles, - Knowledge of Stream API, - Knowledge of SOLID, design patterns, - Knowledge of Clean architecture principles. - Experience Firebase, REST and WebSocket clients, SQLite, noSQL (Hive), states management (BLoC and Provider). - Good knowledge of Flutter SDK, deep understanding of Widgets Trees, custom animations. - Intermediate English level"
5342417e-c6e3-54d6-9129-16e6638210c7,Senior Python Engineer,Python,devops_cloud,11.0,senior_10_plus,fluent,5.0,microservices;project management;python,3,,"15 years in IT on different positions (test engineer, test team lead, project manager, Software Development Engineer in test) 8 years using Python Interested in big data and cloud technologies, microservices Not interested in just testing"
c80506b5-fb7b-5d11-97ba-6541578292b0,Junior QA Engineer,QA,mobile,0.5,junior_0_1,intermediate,3.0,api;qa,2,,"I got experience on BitTech (Betamedia) project. Duration: December 2020 - present BitTech, long-term partner from Israeli hi-tech domain, designs and delivers multi-technology software systems for financial services industry as advanced and innovative B2B Forex solutions. My responsibilities were Functional testing, Web, mobile and CRM testing, regression and sanity testing, writing TC, requirements analysis, API testing, Localized testing, Performance testing, monitor reported issues, and verify when they are resolved. I used tools, such as Tools, IDE: CRM, Postman, JMeter, Jira, Confluence,"
779a1d4d-9243-5cbf-8ceb-dd14e24b2028,Product Manager Project Manager,Product Manager,product_project,11.0,senior_10_plus,fluent,5.0,product management;project management;scrum,3,,"3+ years of management experience; 10+ years IT industry experience; 3 successful projects for top companies; Management several teams of 4-7 engineers; Experience in communication with foreign customers and teams (Germany, Korea, India) Self-starter Product/Project manager with more than 10 years in IT. For that period I gained experience in development, project management, Digital Marketing. I'm seeking for a job in challenging work environment where I can utilize my gained expertise and skills efficiently. Coordinating project: Risk management, maintaine process, team forming. Tools: JIRA, "
ed474391-09ee-576d-ba22-1268be6c6dba,UI/UX Designer,Design,design_ux,6.0,senior_6_10,intermediate,3.0,blockchain;figma;ui/ux,3,,"I have experience in conducting competitor analysis. Brainstorming for new features ideas, based on competitor research, with designers in the team. Conducting user testing to find out usability of current functionality. Creating a design system, adding new elements, and adjusting the current. Collaborating with designers to find ways of design system’s improve. Domains where I have gained experience: HealthCare, Transportation/Logistic, Education, Construction, Blockchain, eCommerce As a designer, I want to grow in the direction of UX, cause I love to recognize user's true emotions while they"
3248ada6-8b83-5af9-b2d5-0505b26ad0db,Junior QA Engineer,QA,data_analytics,0.0,junior_0_1,intermediate,3.0,api;postgresql;qa;rest;sql,5,,"2 working MuleSoft projects: - actual prices for spare parts; - IP info bot. System Integration Internship in SoftServe. Tasks: - creating MuleSoft projects; - REST API; - creating and performing MUnit tests; - working with My SQL Server and PostgreSQL; - working with Postman, Advanced REST Client by MuleSoft, Swagger."
2cef3dac-5804-5003-a36c-e8ec64dacdb4,Software Product Manager,Product Manager,machine_learning,5.0,mid_3_6,fluent,5.0,machine learning;product management,2,,"- Greatly improved efficiency of sales process by introducing new product for machine learning technologies and HMI concepts visualization. - Increased DAU rate by over 90%. - Managed product development and pre-sale activities within German & North American business units. - Introduced a good standard benchmark on execution and delivery quality on a company level. Product Owner Maxitech // 02/2020 - 12/2020, Achievements/Tasks: - Remarkably improved release management standards and efficiency of achieving the sprint goals. - Introduced product road mapping techniques on a company level. - Lea"
576771cd-94f6-5a12-81b8-798165216c0f,"Full Stack Developer, Oracle PL/SQL",Python,fullstack,8.0,senior_6_10,intermediate,3.0,angular;api;aws;azure;django;flask;javascript;mongodb;node.js;postgresql;python;react;react native;rest;sql;typescript,16,,"My preferences in technologies for the future project: Front end: React.js./ React Native or Angular10+ Back End: Python / Node JS, Databases: Oracle / MSSQL / DynamoDB / MongoDB My work preferences and strengths : 1) I have deep knowledge of Oracle Database and PL/SQL programming. 2) I have deep knowledge of JavaScript. 3) I have deep knowledge of Python. 4) I have deep knowledge of React.js/React Native and Angular 2+ 5) I enjoy making high-quality UI with ReactJS or Angular2+ 6) I like working with cloud technologies such as Amazon or Azure. 7) I like developing REST API Web applications on"
c6563b4e-ed82-5ec2-83f3-769935cf511b,React Developer,JavaScript,frontend,0.5,junior_0_1,intermediate,3.0,git;javascript;react,3,,"Developed several web applications (for myself). One of them is a pizza ordering site, as well as a sneaker site, a movie site, and a Marvel comics site (you can view all of this on my github). He also developed an online store with hiking equipment. I have actively worked on several pet projects, which have allowed me to refine my skills in Front-end development. Additionally, I have had the opportunity to work on the Front-end part of client websites on a freelance basis, gaining valuable experience in dealing with real clients and project requirements."
bbc04570-5e0c-594b-a285-8b522cf0179d,Trainee/Junior Java developer,Java,backend,0.0,junior_0_1,intermediate,3.0,git;java;mysql;postgresql;spring,5,,"In programming courses, they performed various tasks on various topics. All examples of problem solving are available at github.com With great interest I solve problems on codewars.com. Currently reached level 6kyu Java programming course. Knowledge and understanding of OOP and SOLID principles. Experience with Github. Basic knowledge of working with MySQL and PostgreSQL databases, including using JDBC and JPA technology. Basic knowledge and some experience with Maven, Spring and Spring Boot. I want to become a highly qualified Java programmer, develop my skills and knowledge in programming."
cd1715bb-1f95-5cf9-867b-c6535cddb64c,"E-learning manager (English language), language trainer, translator (gambling, betting)",Other,qa_testing,11.0,senior_10_plus,fluent,5.0,qa;scrum,2,,"I am committed English trainer with big educational experience (10 + years in various IT companies). I have conducted corporate English classes, Business English classes, TOEFL preparation to the Developers, QA specialists, Scrum masters, Top managers. I have translated documents, sites and promo materials for various departments(marketing, product, HR, legal). I have been a language team lead(HR department branch) for the last 5 years, managed teachers of English and everything language-related(translation and interpretation wise). Worked both offline and online using Google classroom, Google"
e63f13b0-56ff-5b7e-a44f-4e9591b2f1e0,Senior/Lead Software Engineer,Java,devops_cloud,7.0,senior_6_10,fluent,5.0,gcp;java,2,,"I've given a few public talks, including a speech at a DDD-related conference in Amsterdam in 2020. I have vast experience with Domain-Driven design, software modelling, and architecture in general. My main big project was a Java DDD framework. Within the scope of that project, my team and I implemented several cloud-based products. My role was integrating with several 3d-party systems, including Google Cloud Platform and Apache Kafka and overseeing project infrastructure with tools such as Protobuf, Gradle and several CI solutions. My responsibilities also included conducting code reviews for"
1a9487a6-3f91-59ce-8245-87e68890a3e8,Junior PHP Developer(Codeigniter),PHP,backend,0.5,junior_0_1,fluent,5.0,git;javascript;mysql;php;sql,5,,"To be a good developer n be helpful for Company where i m working Knowledge-PHP, OOP, MVC, HTML, SQL, MySQl, WordPress, JavaScript, JQuery, CSS, ,Ajax. Framework-Codeigniter, Bootstrap. Version Controle System Git, i have great wish to work with good team."
760399be-0a50-5af2-999a-c74e10e6e7a4,Senior iOS Developer,iOS,mobile,5.0,mid_3_6,intermediate,3.0,api;git;ios;rest;swift,5,,"I'm a software engineer with over 5 years of experience in the software industry. I have worked with customers from the Netherlands, the USA, Germany, and others. I've participated in developing web applications in the international teams. Swift, Xcode, Git, REST API, CocoaPods, Autolayout, MVC, Multithreading, SOLID, JSON, Objective-C, CoreData, MVVM, Firebase, Jira, Alamofire, Design Patterns, Push Notifications, SwiftLint, Realm"
78942893-349a-5b1b-b3ae-b4c497386775,Product manager,Product Manager,product_project,3.0,mid_3_6,fluent,5.0,agile;product management,2,leadership,"1) Could help 100+ leukemia diseased kids via Cancel Cancer University project. Got first place as project of the year for it. 2) Could get high renewal rate during my presence at PASHA Insurance. I was fully responsible for all decisions & strategy organization for it. 3) Doubled my partner's sales at Azercell since July 2021. Completed my annual KPI's in October. 4) Got 2000+ users register for my business project: blazegaming, with small SM budget (~2000$). 5) Could get Digerati monthly Product Line from 1 product/month up to 20+ products/months in couple months. 6) re-organized Product Por"
98eaa22a-e3b0-5bdf-8740-9e110c73a308,Head of Product,Product Manager,machine_learning,7.0,senior_6_10,fluent,5.0,machine learning;product management;python;sql,4,,"Knowledge of financial modeling/valuation and common programming tools (MS Excel, R, Python, Bloomberg; pro knowledge of SQL, VBA, C++). Relevant coursework: Corporate Finance, Investment Analysis, Asset Pricing, Derivatives, Fixed Income, Advanced Macroeconomics, Advanced Econometrics (incl. Time Series and Financial Econometrics), Theory of Probability and Statistics, Stochastic Calculus, Big Data & Machine Learning in Python, Numerical Methods for Finance Using R. GPA: 7.11 / 10. 7+ years experience in finance and investment product management and global capital markets."
5345277a-3402-5fa3-8e76-08fb08f3cb68,UX/UI Designer,Design,design_ux,0.5,junior_0_1,intermediate,3.0,figma;ui/ux,2,,"I am a result-oriented UI/UX designer and i have 8 month experience. I am dedicated to delivering top-notch designs that meet both user and business needs. I have a keen eye for detail and a strong ability to communicate effectively with stakeholders, making me a valuable asset to any design team. I am passionate about UX/UI design and i would like to fully dedicate myself to this field. I am excited to continue growing my career in the field of UI/UX design and can't wait to contribute my skills to a team and make a meaningful impact. HARD SKILLS: User interface User experience Interaction de"
f2e31d3f-a431-525e-a6a4-aada5373b6dc,Junior c++ Developer,C++,data_analytics,0.0,junior_0_1,intermediate,3.0,api;linux;python,3,gaming;remote,"Have the pet project of the game engine for Vulkan API learning. The current realized features are the rendering of a game world of multiple objects with different meshes and textures, which can be created, deleted or transformed dynamically using a python script. Key skills: C, C++ (with 11/14/17 standards features, STL), Python, Qt, Linux Currently learning Vulkan API. Have experience with Assembler (MASM, TASM), JNI, SQLite, Boost library, networking development (boost::asio), WinAPI, cross-platform development (Win/MSVC, Linux/Qt Creator), Unix (POSIX) development, writing software rasteri"
394ab308-64a6-513b-8dc4-6cf6c8cb9182,SalesForce Admin/Consultant,Salesforce,qa_testing,1.0,junior_1_3,fluent,5.0,android;api;ci/cd;docker;git;ios;java;jenkins;linux;python;qa;rest;selenium;sql,14,,"Improved Salesforce configuration. Implemented Quality Assurance process from the scratch. Also I succeeded to improve Customer Success Management in the Company on a higher level. Later on I was delegated a responsibility of a Customer I helped to my Company to hire 3 new team mates that are very successful now. Good experience in communication with the clients from different countries and regions. Hi there, I'm Salesforce admin with 1 year of experience and 6+ years of IT experience as QA engineer. I also have passed SalesForce Associate exam and preparing for SalesForce Admin certification."
5960ea10-cdb8-5d1c-9d13-863b9aaa3ba3,Frontend/Fullstack developer,JavaScript,fullstack,0.5,junior_0_1,intermediate,3.0,api;javascript;php;react;react native,5,,"I'm had create bash/php scripts, such as parsers, scripts for billing, L2/L3 hardware management scripts and other usefull stuff, for local ISP. Scripts has been integrated with couterparty API(payment systems, bank, etc). Also I had created official site of that ISP and media-catalog too as a part of team. Currently the websites and ISP is shutdown for well-known saddly reason. Have expirience with vanilla JS and React. I had worked a little with React Native in my pet projects. Outstaff developer at local ISP. Freelance. I am expecting for an interesting tasks which take me opportunity for m"
3338fbd7-20d9-5d97-840f-936d909046e0,Frontend Developer,JavaScript,frontend,0.0,junior_0_1,intermediate,3.0,figma;javascript,2,,"I have no commercial experience, but you can take a look at my pet projects: - Travel company : this is my first pet project, it was created on the basis of a layout from Figma, I used BEM technology for a high-quality site structure, as well as CSS pseudo-classes and pseudo-elements"
0c062883-e286-5be8-a699-a01962178273,QA Lead,QA,qa_testing,2.0,junior_1_3,intermediate,3.0,agile;git;qa;scrum;sql,5,,"Highly motivated person. Knowledge of industry QA methodologies and the Software Development Life Cycle (SDLC) Have a capability to work in stressful environment. Aspire to master the skills of software testing. Theoretical knowledge in QA/QC: — SDLC, models and methodologies of SDLC (Waterfall, V-model, Scrum/Agile); — bug`s life cycle; — roles and activities in project team; — test case design and maintenance; — testing techniques: equivalence partitioning, boundary values, positive/negative tests, errors guessing, — testing types (functional, non – functional, security, localization, compat"
40919599-8a7b-5503-a38e-747f74a6ae49,Project Manager,Project Manager,product_project,7.0,senior_6_10,intermediate,3.0,project management;scrum,2,,"Management of two different teams, solving of all difficult questions Project manager (apr.2015 - present) - Opened two different offices from scratch (found the buildings, hired employees, organised all processes). - Experience in dealing with two teams - 9 and 9 people. - Daily management and control of all aspects. - Working with documentation. - Working with customers and deadlines. - Solving of conflict situations. Project manager (jun. 2014 - apr. 2015) - Experience in maintaining project documentation: from the start of the project to its finish - Working with team deadlines - Experienc"
f2a6efc3-81a1-5280-8e48-c18e01a89d0d,Junior Front-end Developer (React),JavaScript,frontend,1.5,junior_1_3,intermediate,3.0,.net;javascript;react,3,startup,"Brought the front-end part of the startup written on a non-profile stack (.Net) to sale on the market Worked on creating a platform for collecting statistics from TikTok (DataTikTok).Technical stack: .Net, JS, Bootstrap5. Was the only front-end developer in the team. Also worked as a freelancer at the same time, creating landing pages for gambling companies. Technical stack: React or HTML/CSS/JS All the time I was on my own and there was no one to take experience and best practices of development, code architecture, etc. from. Therefore, I want to become a part of the team and rather develop i"
e270dbbc-ec73-5315-ad81-ad58ae897560,Software Architect / Technical Lead,Lead,machine_learning,11.0,senior_10_plus,fluent,5.0,api;machine learning,2,,"Software engineer with more than 10 years of extensive experience working in various roles, including: developer, team lead, competency manager, solution architect. Solid professional background in various technical areas such as: - System architecture design, documentation and analysis - Distributed systems supporting data and traffic load at scale - 3rd party and partner system integrations - Data architecture and automation, warehousing and analytical solutions - Content recommendation systems - ML operations and infrastructure - Support and tech leadership at pre-sales and discovery phases"
95ff400a-a38c-5c7e-869f-7ee8711ed9df,C++ Developer,C++,devops_cloud,4.0,mid_3_6,intermediate,3.0,.net;api;ci/cd;docker;git;jenkins;postgresql,7,,"April 2018 - May 2019, «Aerovortex» (Part time) Description: The company is engaged in the development of aircraft simulators. Responsibility: Development of the visual part of the software for calculating the dynamics of the movement of aircraft. Communication with Fortran mathematical library for building 2D graphs using qwt, building vector fields and air flow visualization tool using OpenGl. Bug fixing. Technologies: C++, Qt Framework, OpenGl August 2019 - July 2020, «Digital cloud technology». Description: The company develops software for the Microsoft Store. Responsibility: Development "
4b65017c-65d2-5afb-a709-95a3c95242d1,Junior Java Developer,Java,backend,1.0,junior_1_3,intermediate,3.0,java;spring,2,,"Java Developer in ""SoftServe"" company (since 12/2022 - Present) Java Courses in ""GeeksForLess"" company (4 months) Udemy course ""Spring for Beginers"" (40 hours). Requirements analysis and clarification; Development Backend (Java) Estimation tasks; Code development and bug fixing; Unit testing (JUnit). 6-10 team members Creating pet-project"
547077a3-3697-5235-89c5-9dd308cdbf7a,UI/UX Designer,Design,design_ux,11.0,senior_10_plus,intermediate,3.0,figma;project management;ui/ux,3,,"Certificates: Google UX Design Google Project Management Google Digital marketing and e-commerce I started my design career in e-commerce. This one gave me an exceptional experience at the start of my career. Then for a long time I worked independently on very different and creative freelance projects. After a few years, I realized that nothing is impossible for me. For a while I worked on product design with great guys. During this time, I realized the benefits of working in a large team. With them, we did a lot of cool things and achieved great goals that. I try to make every my work full of"
42e8e874-e7d8-50d9-a5e0-3b6095e1f507,"Full-Stack Developer, Front-end Developer",JavaScript,fullstack,7.0,senior_6_10,fluent,5.0,angular;aws;javascript;microservices;node.js;react;rest;ui/ux,8,,"- The most amazing tool I've developed is an ERP system that makes shipping processes easier, providing rich tools and widgets for everyone involved. - I've conducted close to 200 technical interviews. - Successfully migrated a legacy software system to a new platform, reducing maintenance costs by 40% and improving system reliability. - Mentored and trained junior developers, improving team productivity and skill development. - Conducted code reviews and implemented coding standards, resulting in improved code quality, reduced technical debt, and improved maintainability of software systems. "
5bf53026-b5dc-5e6e-a2b7-90377fff9ecb,SAP BW\HANA Analytics,Data Engineer,data_analytics,11.0,senior_10_plus,fluent,5.0,.net;data analysis;node.js;sql;tableau,5,,"Looking for job in Kyiv More than 11 years of SAP implementations experience varying from stand-alone SAP BI implementations to development of highly customized BI/DWH-applications for companies from different industries (coal mining, utilities, pharma, insurance, automotive) and clients from different countries (Ukraine, US, Germany, Norway). Candidate is skilled in SAP HANA & BW/4HANA, as well as in SAP BPC, legacy SAP BW. Candidate also has experience of implementation of SAP HANA Native applications in hybrid IT landscapes and team leadership with global view and focus on teamwork & motiva"
1e2f3b47-7b28-5a0e-9526-b72436a78590,QA Automation Engineer,QA Automation,mobile,6.0,senior_6_10,intermediate,3.0,agile;api;git;java;javascript;jenkins;playwright;qa;scrum;selenium,10,,"Have 6+ years of experience in Web, Desktop, API, and Mobile testing. Have hands-on experience with QA methodologies, testing techniques, and approaches. Possess practical knowledge and experience of Agile/Scrum processes. My expertise includes automated and manual testing, test planning, test case design, test execution, and defect management. I have a proven track record of ensuring high-quality software products are delivered on time and within budget. The hard-working and motivated individual with lots of initiative and enthusiasm in delivering high-quality software. Detail and result orie"
7061c1d5-0673-53e1-a32f-9acb5e23b41a,Junior Front-end Developer / Full Stack (Node.JS),JavaScript,fullstack,1.0,junior_1_3,intermediate,3.0,angular;api;git;graphql;javascript;mongodb;mysql;node.js;react;react native;rest;scrum;typescript,13,,Non-coding position in previous company: 13 years` experience of communication - IT support - with people Worldwide. Training the local and global teams for many global IT projects Only positive feedbacks from users/management especially about teaching/coaching aspects. Built trusted relationships between business and IT team Full stack developer life: 6 month full time coding - i think it`s a great my achievement! 3 finished team projects (1 week for each of it): 1 project - HTML + CSS 2 project - HTML+CSS + JS 3 project - HTML+CSS+JS+REACT+REDUX 4 project - HTML+CSS+JS+REACT+REDUX+NODEJS+Mon
938aa8fc-8a45-5a7a-90a6-a8cbfaeb8019,2D / Lead Artist/ Art Director/ UI Artist,Design,design_ux,11.0,senior_10_plus,intermediate,3.0,figma;ui/ux,2,,"My name is Inna. I am originally from Ukraine and live in Hamburg, Germany. I have 12 years of experience in game development, UX/UI and 2D Art . I have strong drawing and painting skills, extensive experience in UX/UI development, drawing of characters and environmental designs. I'm highly motivated, adaptable and always open to learning new techniques and software. Passionate about making any kind of art and always trying to push myself to a new level. I worked on different types of games: casual, hidden object, strategy, online casino, puzzles, match-three, for mobile and PC. SUMMARY: - Cre"
22308711-1619-5847-b039-b13b3a2b7eaf,Manual QA Engineer,QA,qa_testing,2.5,junior_1_3,intermediate,3.0,agile;qa,2,,"Conducted manual testing of new features in a web application, identifying and documenting over 500 defects during the tenure. Developed and maintained test cases and test scripts, ensuring their relevance and alignment with changes in functionality. Performed regression testing at every stage of development, preventing the release of numerous critical defects. Actively participated in meetings discussing requirements and specifications, providing feedback on potential user-oriented issues. Collaborated with developers and project managers to clarify feature details and release timelines, faci"
742f7b8d-2497-50ef-835b-671f25ab9b4e,Junior Project manager / Junior Product manager,Product Manager,product_project,0.0,junior_0_1,intermediate,3.0,computer vision;product management;project management,3,,"Greetings, dear reader! I have more than 7+years experience as a Purchasing Manager in numismatic company. My diverse experience in negotiation and trading helps me make the right decisions quickly. And also to find the best goods at the best prices. In addition, my experience in personnel management helps me to properly allocate time, prioritize tasks and manage resources. During my work, I created logistics between different countries, I also trained and managed new employees and helped develop an internal procurement tracking system. All these tasks helped me find solutions quickly to compl"
f1f7e887-caa3-52a0-9e3b-49c690ea00a9,junior java developer,Java,backend,0.0,junior_0_1,fluent,5.0,android;angular;api;ci/cd;computer vision;flutter;git;java;linux;machine learning;mysql;php;postgresql;python;react;rest;spring;sql,18,,"-experience in participation in real (non-commercial) projects -work with OOP for 3 years (2 years of Java) -have pet-projects done using various popular technology stacks -upper-Intermediate English and German (certified by Cambridge University and TestDaf Institut) -6 publications and 4 scientific papers which have won at Ukrainian and Polish conferences -experience in participation in real (non-commercial) projects -work with OOP for 3 years (2 years of Java) -have pet-projects done using various popular technology stacks (More in CV) - OOP/OOD, Alghoritms and DS - Java SE 8+ - Android deve"
09128e7c-f5c4-58e6-8275-e3b36d8b4bb4,Senior DevOps Engineer,DevOps,devops_cloud,6.0,senior_6_10,fluent,5.0,.net;aws;azure;ci/cd;git;github actions;java;jenkins;kubernetes;linux;microservices;php;python;terraform,14,,Build DevOps practices from scratch. Split monolithic application to micro services. Infrastructure migration in large scale and high load system. I am a DevOps with more than 6 years of experience in DevOps practices. I have high-level skills in automation. Have good knowledge in: - AWS - Terraform - Kubernetes - Istio - Ansible - ArgoCD - Helm - Kustimize - Bash - Python - Jenkins - GitHub Actions - Groovy - Git - Linux - Windows - Azure - Azure DevOps - VSphere - Packer Excellent team player. Familiar with cloud concepts microservices architecture and CI/CD. Result oriented and well perform
e210673e-707f-5f77-9a5b-2384d9a1c07e,Manual QA Engineer,QA,data_analytics,3.0,mid_3_6,intermediate,3.0,api;qa;scrum;sql,4,,"QA Engineer with over 2 years of experience of testing. Have written and executed test cases and performed re-testing/regression/alpha testing. Created and maintained test plan, checklist, and other types of test documentation. Have work experience in Scrum/Kanban processes. Using Jira, TestRail, Trello also tools Postman, DBeaver. Working with test documentation in Confluence. Have basic knowledge HTML, SQL, API."
5edd45c9-4da9-589f-970d-136abb414f11,Junior Python Developer,Python,frontend,0.0,junior_0_1,intermediate,3.0,django;javascript;mysql;node.js;python,5,,"The web app to keep a diary of glucose blood level for people with diabetes. Technology Stack: Node.js, JavaScript, MySQL, HTML, CSS I have experience in developing non-commercial projects in both backend and frontend. I developed web application backend part on Node.js including working with databases (MySQL) and also designed frontend with HTML, CSS, JS. For now I would like to learn more about Python and Django in particular and get more practical experience in this area."
235e034c-5a41-5067-b77f-c163ffa0429a,Manual QA Engineer,QA,mobile,0.0,junior_0_1,intermediate,3.0,qa;selenium,2,,"I am graduating from the Kyiv OK-IT School course ""Profession tester"". During my studies, I've been performing site testing (black box systems), mobile applications (in the BlueStacks emulator), and writing documentation such as test cases (TestRail, Excel), checklists, and bug reports (in Jira and Trello). Also, I've been testing open APIs (in Fiddler and Postman). I have knowledge and experience using variables in simple autotests (in Postman). I've got basic skills for creating simple self-tests in Selenium IDE. I hope to develop skills in automation testing."
5ad8402b-5445-56c3-ac3f-4e1aee3ce489,Senior Data Scientist / ML Engineer,Data Science,machine_learning,7.0,senior_6_10,fluent,5.0,blockchain;data analysis;docker;flask;machine learning;postgresql;python;pytorch;spring;sql,10,remote;startup,"1. Kaggle Competitions Expert level. 2. A bunch of finished MOOC DS courses: - Ng's Deep Learning - J.H.University Data Science Specialisation - ODS open ML course - CS-231n (Convolutional networks) - HSE & Yandex ML basics - Yandex's SHAD (Data Analysis School) courses 3. As I've said, I lecture at university (ML math basics course). In addition to deep intrusion into ML algorithms' basis, I try to help fresh students to get a bit more about their real future opportunities in industry, from the side of active specialist. 1. (currently) 6 months in Microsoft, Bing Core team, full-time remote. "
47412c50-3715-5c57-b348-3b04013a86af,"Manual QA, QA Lead",QA,mobile,3.0,mid_3_6,fluent,5.0,android;api;ios;laravel;php;project management;qa,7,,"Project Manager / Business Analyst, Handlarfinans September 2019 - Present Handlarfinans is a product financial tech company with many API integrations with banks, government registries and institutions, ERP systems. I participated in developing web modules for clients and system administrators, as well as mobile applications for iOS and Android. Main responsibilities: - Identification of business requirements - Search for new technologies that meet business needs - Creation of software requirements specifications for developers and testers - Responsible for the timely delivery of new features"
470d74e5-9aa4-5f24-bb4a-c5f8d0bb0504,"UX/UI Designer, Wed Designer",Design,design_ux,1.0,junior_1_3,intermediate,3.0,figma;ui/ux,2,startup,"Accomplishments: - I created a style, promo materials, posters, and covers for the main screen of 3 business conferences (a total number of 1.5 thousand people) - Ads design for a wellness startup, that helped them enter the Polish market - I cooperate with the largest business media in my country Hi! I'm Nadya and I have 1.5 years of experience in UX/UI and Web Design working for a startup and one business media. For example, I made social media materials (Banner, Cover, Post, & Ads) design, YouTube thumbnails, digital materials for events, etc. Also, I made 5 landing pages and 2 online store"
c3ad1504-3307-5307-8d7f-67b6b4b0281b,Java Developer,Java,backend,1.0,junior_1_3,intermediate,3.0,git;java;spring,3,,"In my previous job. I established myself as a reliable and responsible employee, which led to my promotion to a mid-level position in a relatively short period of time. Also, I successfully utilized new tools for project development and took part in their implementation within my team, which significantly reduced the time required to complete tasks. Hey! I am a qualified engineer with a master's degree in engineering and have a background: - Java Core, Java 8. - Object-Oriented Programming (OOP). - SOLID principles. - Software Design Patterns. My technology stack includes: - Working with JDBC,"
fb1e7ad9-bdcf-5aa6-a60a-ea92bd1ce4e4,Junior JavaScript developer,JavaScript,frontend,0.5,junior_0_1,intermediate,3.0,aws;django;git;go;javascript;linux;mongodb;mysql;node.js;postgresql;python;react,12,,"- Qualium Systems :: JavaScript Developer :: 01/2018 – 05/2018 JavaScript, React, Redux, Node.js, Express, MongoDB, PostgreSQL, AWS JavaScript (ES5, ES6) React, Redux Node.js, Express GoLang Python, Django MongoDB, PostgreSQL, MySQL HTML, CSS Linux, AWS, Git Interesting projects, good oportunities for professional growth."
0127f285-94c0-5efb-b4df-95de456a5a2f,Big Data/Machine Learning/Algorithm engineer,Data Science,machine_learning,11.0,senior_10_plus,fluent,5.0,aws;azure;elasticsearch;flask;java;linux;machine learning;nlp;numpy;pandas;python;redis,12,remote,"* Data platform for large financial company * Small TF-IDF based search engine, vector space model to represent texts, TF-IDF as relevance measure, cosine similarity to find significant words per text/author and to locate texts similar to a given one * Content-based recommendation engine (TF-IDF, cosine similarity). PredictionIO, Spark, Java * Distributed RSS indexer (Java, beanstalkd) * Search engine for people's profiles in social networks - Elasticsearch, Java, Amazon SQS, Azure, HBase * Facebook app allowing to index FB friend profiles in Elasticsearch and search them, Scala * Heuristic al"
9e72aae6-b328-5dc4-98fd-208cb5a911d3,Product manager,Product Manager,product_project,8.0,senior_6_10,fluent,5.0,blockchain;product management,2,gaming,1. Increased referral program effectiveness by 3 times (projected annual impact - 156k users against 50k). 2. Launched localized product in 5 European countries. 3. Futuristic car prototype software for CES. 4. Increased subscription upgrades by 3% with a relatively small user admin feature (1 week of development by 1 dev). 5. Designed an upsell flow that generates 80% annual subscriptions out of all generated subscriptions for specific feature. 6. Development of solutions that reduced time spent on routine operations (Admin tool: 3 solutions in total decreased time by 20% for each employee; T
3b536827-3d7a-5ff7-ae17-62b9dc97aca5,DevOps Trainee,DevOps,devops_cloud,0.0,junior_0_1,fluent,5.0,aws;docker;kubernetes,3,,"Currently doing DevOps courses, learning Docker, Kubernetes, AWS. November 2016 - November 2017 I Customer Support Specialist November 2017-January 2018 | Customer Support Lead February 2018 - January 2019 I English Teacher SHANGHAI/CHINA May 2019 - August 2019 - System Administrator/Technical Support KYIV/UKRAINE November 2019 - July 2020 I Cabin Crew DOHA/QATAR October 2020 - Present I Senior Customer Support KYIV/UKRAINE I'm interested in development in DevOps. The position where I can get more experience/skills and use my current knowledge."
81172377-a476-5c29-b962-9c7f6abe3601,Oracle Database Engineer,SQL,data_analytics,9.0,senior_6_10,intermediate,3.0,linux;sql,2,,"Support banks, insurance company, payment systems. Crossplatform migrate Oracle Database Migrate single instance to cluster Work with database 80+ Tb Oracle Database 10g, 11g, 12c, 19c Oracle RAC, Oracle Dataguard, Experienced troubleshooter Professional Google user Experienced Technical Support L2, L3 Experienced user of Windows, Linux, AIX, etc. Interesting and difficult tasks, professional growth, friendly team, strong teamwork."
2c744927-ce2b-5c42-9f5c-42abf4cab95b,QA engineer,QA,qa_testing,8.0,senior_6_10,intermediate,3.0,product management;qa;rest;scrum,4,remote,"Experience Name of Employer : ""Cisco Systems"" Dates of Employment : from 10.2021 – to until today Job Title : QA Engineer & Scrum Master Responsibilities and Key Accomplishments: - Regression testing - Communicating with customers (product owner, product manager, UI-UX Designer) Setting tasks for the team - Writing and executing test-cases - Prepare Regression and smoke test-cases scopes - Setting up and maintaining in Jira - Setting the processes in the team - Requirements analysis Name of Employer : ""EPAM Systems"" Dates of Employment : from 04.2020 – 10.2021 Job Title : QA Team Lead - Leadin"
af219ade-2519-51e9-8843-ae844190e7e5,PHP Developer,PHP,fullstack,5.0,mid_3_6,intermediate,3.0,javascript;mongodb;mysql;php;vue,5,,"Education: Bachelor's Degree Kiev National Polytechnic Institute named Sikorsky, Faculty of Informatics and Computing Techniques, specialty ""Computer Engineering"". Experience: 1. Web developer in the studio Woxed (March 2017 - February 2018). Responsibilities: - development and support of sites. (PHP,JavaScript,JQuery,Ajax,Html,Css,Bootstrap); - installation and configuration CMS(WordPress); 2. Full-stack developer (PHP Yii2, JS AngularJS) in the UCG holding (February 2018 — October 2019). Responsibilities: development on the framework Yii2. (PHP, Yii2, Javascript, AngularJs, MySql, MongoDB) 3"
cbf21c0b-0712-5a55-9982-3ab9963cfa09,iOS Developer,iOS,frontend,1.5,junior_1_3,intermediate,3.0,git;ios,2,,"I have worked with various applications on UIKit, all of these applications are network applications. The main development pattern was MVVM, ReactiveSwift or Combine was used for data binding. For data storage, I used CoreData or KeychainSwift, I also have experience with GRDB, I conducted a comparative experiment between CoreData and GRDB. For the network i usually used Alamofire, for loading, processing, caching and displaying images used Nuke. For comfortable use of git I use ""Sourcetree"", for the network ""Proxyman"", sometimes I use ""Core Data Lab"", which makes it easier to work with large "
21a67b4c-4f65-52c0-8873-f4b07caab78d,Project Manager I Delivery Manager,Project Manager,product_project,5.0,mid_3_6,fluent,5.0,blockchain;project management,2,,"ICP-APM® certified manager with a proven track record in the IT industry. With over 5 years of experience in client-service roles and Project Management, I am dedicated to serving teams, guiding clients, and ensuring that customers achieve their desired outcomes and value. Domains experienced with Fintech, Blockchain, Wealth management, eCommerce, Real-estate, Travel tech, healthcare, Retail etc. Experience working in International Companies and with remote teams. Recent responsibilities: - Building and maintaining strong relationships with key stakeholders anticipating customer needs, and pro"
af59892f-e7dd-5679-be1e-f48b665a83a0,QA Engineer,QA,data_analytics,3.0,mid_3_6,intermediate,3.0,mysql;qa;sql,3,,"Manual testing, functional/non-functional testing, testing of web applications. Work with testing documentation (test cases; test suites; check – lists; bug reports, etc.). Test design. Creating checklists, test suites, and test cases using different test design techniques Experience in sprint planning and estimation (Testing strategies). Work with bug trackers. Work with MSSQL and MySQL servers (can make simple SQL queries). Strong knowledge of client server architecture."
12bf9b94-a222-5be8-b87a-7eb53a08933f,iOS Developer,iOS,mobile,2.0,junior_1_3,intermediate,3.0,ios;scrum;swift,3,,"Summary: - About 2-years of experience in the development, design, implementation and maintenance of mobile applications using Swift. - 7-years experience in managing cross-functional teams. - Confident knowledge in popular frameworks: UIKit, CoreData, CloudKit, UserNotification, Foundation, Realm, Firebase, SwiftUI, Combine and other. - More than 15 successfully implemented projects. - Strong knowledge in Human Interface Guideline, Material Design. - Confident knowledge in Scrum, Waterfall, RUP, Kanban methodology."
af24c099-9cb1-5230-9ba2-32218d0acb02,Tech \ Non-Tech Recruiter \ HR,HR,backend,5.0,mid_3_6,fluent,5.0,flutter;php,2,,"I am an English and German-speaking recruiter \ HR with over 5 years of experience, who loves helping people find the right job :) I started working as In-house Recruiter and HR in a German company where I worked for 11 years. For the last 2 years I’ve been working as a freelance recruiter with different clients, mainly in IT industry with such vacancies as PHP Developers, Flutter Developers, PMs, BI analysts, IT Sales \ Customer Support Managers, Content Writers, SEO, SMM, etc. I prefer working as a freelance recruiter but I can also consider a part-time or full-time remote job. I can definit"
83589d53-69b6-533a-b537-4d8fd40d660d,QA engineer,QA,qa_testing,1.5,junior_1_3,intermediate,3.0,qa;scrum,2,,"I created a regression set from zero for two projects. Another interesting case - learning a lot of law documentation for work in medicine area. June 2019 - February 2020 - Web project in the EPAM company. Main responsibilities: deploying environments, onboarding newcomers, test plan creation, regression and smoke suits creation and execution, bug reporting and re-testing, story testing, test cases creation and execution, creation test result report, participation in the SCRUM meetings, clarifying requirements with PO and BA. February 2020 - current time - Desctop technical project related to "
713ef046-b790-5987-bcab-fdf9bde97554,DevOps engineer,DevOps,devops_cloud,2.0,junior_1_3,fluent,5.0,aws;ci/cd;docker;elasticsearch;jenkins;microservices;mongodb;redis;terraform,9,,"•Installed and configured OS on 34 laptops in 1 day •Redid cable connections in server room, tidied up the cable system, and everything works perfectly •The only one who had many business trips to other cities •Deployed an antivirus product for company of 100 employees and configured it for stable work •Participated in a launch team of a new IT school •Optimized server performance and expenses •Taught new employees about all the infrastructure. •Performed many flawless Go-Live processes with the customers. •Helping in cost-saving processes. •Hands-on experience in AWS provisioning and good kno"
304bf4fc-6c5c-5f2e-be8b-dcd0df64887a,Project Manager,Project Manager,design_ux,2.0,junior_1_3,fluent,5.0,figma;project management;ui/ux,3,,"I have finished next courses: - IT Project Management by Projector (3 month) - UX/UI Design by DAN IT (6 month) - Data visualization by Prometheus (1 month) I'm an IT PM with 2 years of experience. Also I have 1 year of experience as a Technical writer and over 7 years as a copywriter/journalist. I have worked with Jira, Confluence, Figma and different CMS (WP, October, UMCMS). My last work main responsibilities were: - Requirements gathering and defining the project scope - Work planning for a week/month - Decomposition and prioritization of tasks - Monitoring and control of current tasks - P"
9a739623-c293-5917-9f8c-e1b3f15e9027,Computer Vision/Deep learning Engineer,Data Science,machine_learning,4.0,mid_3_6,fluent,5.0,computer vision;data analysis;docker;numpy;pandas;python;pytorch;scikit-learn;selenium;tensorflow,10,,"May 2022/Aug. 2022 Company: Pic-time Description: Deep learning engineer Responsibilities: Developing and maintaining neural network based computer vision system for face detection and unsupervised human re-identification Technologies: Python, Pytorch, Docker Jul. 2020/Aug. 2021 Company: Lynx Description: Game Developer/Mathematician Responsibilities: Developing game engine based on APL-like language Q. Game engine was simulating ecosystem as dynamical system based on Lotka–Volterra equations Technologies: Python, Numpy, Unity, Q-lang Jul. 2019/Dec. 2019 Company: Samsung Description: Computer "
1a9277b6-a4aa-5876-8be1-b7bb2dfd7e31,Middle Front-end Developer,JavaScript,fullstack,3.0,mid_3_6,intermediate,3.0,javascript;mysql;node.js;react;typescript,5,,"I am a very passionate web developer with over 2 years of experience with React JS and a few months of working with Node JS on commercial projects. As for my hard skills, I have perfectly mastered React.js, JavaScript, TypeScript, Redux and React Hooks, Redux-Saga, and I always improve these skills. Also, I am already quite well versed in Node.js, Express.js, MySQL and apply this knowledge in practice In the near future I want to improve the Back-End and continue to develop as a Full-Stack Developer. As for my soft skills, I have worked for over 3 years as a Business Analyst. Good technical kn"
d9516049-653c-5e9f-9f18-69e652ea02d3,iOS Developer / Team Lead,iOS,backend,5.0,mid_3_6,fluent,5.0,ios;javascript,2,,Want to forget about all problems with software development on your project? Get in touch with me. - Expertise in SDLC - Huge experience in managing/mentoring big (10+ people) iOS team - Everything about iOS development (Objective-C main) - OS X development - Backend development (Javascript) - Excellent communication & problem solving skills - Experience working with Enterprise customer
f04bc6ec-383c-597a-a360-f599c4269155,C++ Developer,C++,machine_learning,1.0,junior_1_3,fluent,5.0,computer vision;machine learning;mongodb;numpy;pandas;ui/ux,6,,"1. Machine Learning Engineer | Neurotrack.tech | 8 months I had been working as Machine Learning and Computer Vision engineer. I'd developed and partially implemented a face recognition and age estimation algorithm, which will later be used to improve user experience of the ""Neuroshop"" product. 2. Data Science Intern | Artellance | 5 months Used the numpy and pandas libraries, preprocessed large amounts of data. Worked in a team with Data Analyst and Business Analyst to optimize the company's existing probabilistic algorithms. Adapted Face Detection algorithms to work with large MongoDB databa"
381a8fb9-da9b-581b-95c5-197c1f8029b6,Content writer,Technical Writing,data_analytics,3.0,mid_3_6,fluent,5.0,blockchain;qa;sql,3,,"I'm always interested in growing and learning new opportunities. I have over 3 years of experience in the position of content writer. I've provided different texts in English and Spanish on various niches like gambling, entertainment, fintech, blockchain, dating, business, academic studies, тощо. Also, I recently passed the course in QA, so I know better in detail about the product dev lifecycle. I'm a strongly committed person. Tech skills: HTML, CSS, VSCode, Jira, Asana, Trello, SEO, SQL, etc."
3696071f-862d-564d-9f94-c418f1f57837,Project Manager,Lead Generation,design_ux,0.0,junior_0_1,fluent,5.0,figma;project management,2,leadership,"Advanced knowledge of Adobe Illustrator and Figma, Good level of Photoshop and Cinema4D. I have tried some different jobs, such as: Personal assistant-translator Responsibilities: Consecutive interpretation during business meetings, Documentation translation, Assisting in personal matters to Top Management of the company, Performed general office duties and administrative tasks, Managing weekly office supply for 100 people. Achievements: Decreased office supply expenses by up to 25% through optimizing suppliers, Successfully eased inner stuff communication at 2 academic levels through leading "
1b749e97-aa4d-55e4-9768-c6c269087c89,Front-end developer,JavaScript,frontend,3.0,mid_3_6,fluent,5.0,angular;javascript;qa;react;react native,5,,"I am a Web-Developer with almost 3 years of professional experience, mainly focused on the Front End side, and have some knowledge about Back End as well. Throughout these years, I worked on several projects which are both local and global. My first company was Conjoin Solutions LLC (2020-2022). It was an outsourcing company I was Front End Developer and mainly worked with Angular/RxJS. One of my projects was from PNC Bank (USA) which is an app that serves bank users with insurance. I handled many parts of the app including complex business-related reactive forms and general business logic. We"
54837e67-3760-5c0f-be88-38ec0bf6a3d2,Ruby on Rails Developer,Ruby,fullstack,8.0,senior_6_10,fluent,5.0,angular;aws;javascript;postgresql;ruby,5,leadership,"Full-stack developer. Great experience in Rails, Ruby, Postgres, Heroku, AWS, High-load services. Profiling, optimizing rails apps with high-load. Great experience with js frameworks: mostly with Angular.js, d3.js. List of huge apps that I'm working on (or was working): http://www.gocloudlogistics.com/ (full-stack developer) http://home.a2-access.com/ (full-stack developer) https://www.canopyfa.com/ (dev lead, full-stack developer). + other small web-apps. Regular speaker on local dev conferences. Experience in developing production-ready ruby/rails applications. Experience in supporting rails"
41123501-22da-5cbb-a9eb-754ad0c1f5de,UI/UX designer,Design,mobile,4.0,mid_3_6,intermediate,3.0,figma;ui/ux,2,,"My projects received awards from: CSS Design Awards, CSS Winner, CSS Nectar, Muzli Design Inspiration 2nd place at IT Challenges (Krakow, Poland). Category: UI/UX Designer, Middle/Senior. I am creative UI/UX designer with 4+ years of practical experience in Web & Mobile design. Worked on enterprise projects, web and mobile apps, landing pages and corporate websites. Have strong knowledge of Sketch, Figma, Adobe Photoshop, Adobe Illustrator, Principle, Invision, Zeplin, Abstract, Marvel and have experience in Adobe InDesign and After Effects. Also have basic knowledge of HTML & CSS. Research, r"
a94201bf-10f4-51ad-92b7-0b5749bc791a,Product Manager / KAM / BDM,Sales,product_project,7.0,senior_6_10,fluent,5.0,data analysis;machine learning;product management;project management;qa;scrum;ui/ux,7,,"If briefly, after a short period of time I have always became one of the most productive employees in the department. My achievements: 1). 4 high margin contracts for 6 month (cold sales in EU and US), total revenue 80 000 EUR- best results of BDM at the company. 2). Business Analysis of company ""X"" and specific project offer after which the company prolonged a contract with us and bought additional product. 3). The highest margin sale ever - 91% 4). Set a record of AHT at Qatar Airways. 5). Promotion to the Partnership Development Department from a Call Center. 6). MBA graduation. 7). Captain"
582a8783-6b63-53cf-95f6-171c771535aa,DevOps engineer,DevOps,devops_cloud,5.0,mid_3_6,intermediate,3.0,aws;ci/cd;docker;gcp;git;jenkins;linux;terraform,8,,"Experience July 2016 -present Position: System administrator Responsibilities: Opening new offices (Dnipro, Kiev, Kharkov) Mounting of the server hardware Network troubleshooting Preparation of workplaces, installation of video surveillance, Wi-Fi and sound systems Deploying and configuring Ubiquiti UniFi Monitoring of the network, communication channels, and network equipment Day-and-night office and employees technical support Installation and configuration of peripheral and related equipment Process optimization (creating Windows images, creating recovery image) Research and implementation "
0b7a4676-7dbc-583c-bb97-6ce044d83934,Delivery Manager | Scrum Master,Project Manager,qa_testing,6.0,senior_6_10,fluent,5.0,agile;blockchain;project management;qa;scrum,5,,"Focused on planning, directing and maintaining continuous operations in various departments. I am experienced in running multiple projects and keeping efficient development following quality standards by applying a creative and analytical approach to operations for continuous process improvement. I'm skilled at identifying or anticipating problems and providing solutions, excelling through mentoring, training and empowering the team to excel in performance. Project Manager & QA Software Development Company - Oversaw an extensive portfolio of projects to support teams, report progress and influ"
583ee381-c494-5cb4-94d2-b9294b042123,Senior Delivery Manager (any scale),Project Manager,product_project,11.0,senior_10_plus,fluent,5.0,product management;project management,2,,"PROFILE • 7+ years of delivery management • 4+ years of program/portfolio/account management • 2+ years of product management, digital transformation SKILLS • Delivery management of any type and scale • Business development, growth management • Process management, organizational transformation, digital transformation • Technical practices setup and development • Human resources management, operational management"
88895504-27c7-5af4-beb4-82e8c05d7fed,Senior Front-End developer,JavaScript,frontend,7.0,senior_6_10,intermediate,3.0,angular;java;javascript;react,4,leadership,"over six years in enterprise development. Designed and developed UI\UX for healthcare, wealth management, investment banking. Worked as lead UI dev with command max 4 people. JavaScript, angular, react, HTML, ExtJS, Java EE Профессиональный рост."
2fad21b4-cc7f-5c62-b31a-d6098630194c,Junior DevOps Engineer,DevOps,devops_cloud,2.0,junior_1_3,intermediate,3.0,aws;ci/cd;docker;jenkins;kubernetes;terraform,6,,"DevOps larva which is morphing out of a system administrator :) Overall IT experience — 9 years. Experience as a system administrator — 5 years. DevOps experience: 4 months. Initial DevOps experience: Clouds: AWS IaC: Terraform (VPC, SG, IAM, EC2, ASG, ALB + modules) SCM: Ansible (dynamic inventory) Containers: Docker (compose) CI/CD: Jenkins (groovy) Have no Kubernetes experience yet. VoIP"
568fff9c-6847-51fa-b625-961c263e72ca,Data Analyst,Data Analyst,machine_learning,3.0,mid_3_6,fluent,5.0,data analysis;power bi;python;sql,4,,"- Oracle SQL for Data Analytics , ""QSS Analytics"" - Advanced Microsoft Excel , ""365 Data Science"" - Analyzing and Visualizing data with Power BI, ""365 Data Science"" - Data Scientist with Python , ""DataCamp"" - Intensive Data Science, "" Data Science Academy"" Currently, i 'm working in AVT Logistics as Senior Data analyst. During work period, i use numerative softwares such as Excel, Microsoft BI, SAP,Oracle SQL and Pyhton. My job responsibilities: -Reviews and analyzes transportation costs, parts procurement and delivery processes, inventory issues such as back orders, and other fulfillment metr"
9fc1487b-25f4-5931-99e9-fc548ef99c40,Junior UI/UX Designer,Design,mobile,0.5,junior_0_1,intermediate,3.0,figma;ui/ux,2,research,"During the UX/UI design course, I completed 3 projects, 2 of which I worked on independently. The process involved extensive research, competitor analysis, creating personas and user flows, reviewing numerous references, developing wireframes, UI kits, UI design, animation, and prototyping. I also adapted the designs for tablet and mobile devices and made numerous revisions to achieve outstanding results. Additionally, I created promotional cards, dashboards, tables, and parallax animations. Over a short period of time, I have completed three projects, both independently and as part of a team."
1cc35c03-0c1d-50a6-80d3-6346fabb7677,Senior Software Engineer,PHP,backend,0.0,junior_0_1,fluent,5.0,android;angular;django;java;javascript;laravel;mongodb;mysql;php;python;ruby;sql,12,,"I have 10+ years of experience in web development, mobile development application. I have done many works with PHP and Java for web application especially with different MVC framework like CakePHP, Grails, Laravel, Ruby on Rails, CodeIgniter, Zend, Symfony, Yii and different CMS like concrete5, moodle, modX. I am highly experienced in any MVC Framework even with different programming languages. I am also internationally certified on Java. I have done android game application and android home widget application in Java. I have experience with many programming language like Python especially Pyl"
c19b3751-cf65-5bd5-baa8-fc88137acecf,Junior UX/UI Designer,Design,design_ux,0.0,junior_0_1,intermediate,3.0,figma;ui/ux,2,,"2021 - 2023 Print Designer at TATYSHO UA Designing prints for mugs and clothing, design of social networks, communicating with customers, processing orders 2022 - Landing page (training project) Landing page project for a culinary master class: - UX team workshops (brainstorming) - Created LO-FI and HI-FI wireframes, prototype, UI kit, mood board, visual design 2022 - E-commerce (training project) E - commerce project for an online cosmetics store: - Briefing client, defining the target audience - Competitor and heuristic analysis - Creating Sitemap and Userflow - User testing - Creation of wi"
a683bb71-4b7e-5489-be29-5b4ff50487c6,Junior QA Engineer,QA,data_analytics,0.5,junior_0_1,intermediate,3.0,agile;data analysis;linux;qa;scrum,5,,"Manual QA tester with good knowledge of testing theory, methods and techniques and 2 month of practical experience in manual testing. Estimate the required testing time. Previous background is hands-on experience with Big Data and Data Analytics. - Knowledge of: software development life cycle, testing life cycle, bug life cycle - Knowledge of: testing principles, types of testing, black box test design techniques - Creation: test plan, checklist (smoke checklist), sanity test, test case, bug report, test report - Execution: test cases, smoke checklist, sanity test - Bug tracking: JIRA - Datab"
1226f57a-c089-5670-836c-668938704c00,Senior Software Engineer,JavaScript,fullstack,10.0,senior_10_plus,fluent,5.0,agile;angular;aws;graphql;javascript;node.js;react;typescript,8,,"As a senior software engineer, I have 8+ years of software development experience in various industires including investment, CRM(customer relationship management), eCommerce, and healthcare. Worked as a frontend engineeer/full stack engineer in various agile teams, following modern principles of software development industry, I could learn wide range of skills. In recent years, I was focusing on JavaScript technologies like React, Angular, Node.js, TypeScript, ChakraUI, GraphQL, and AWS. Keenly interested in functional programming nowadays, I'm looking forward to building a robust application"
e5716d06-3daf-5324-97b1-ee2557324c06,QA Engineer,QA,qa_testing,0.5,junior_0_1,intermediate,3.0,api;qa,2,,"Functional, Regression, Compatibility, Configuration, Localization, and GUI testing Creation of test documentation (test plans, test suites, test keys, checklists) Analyze requirements and specifications Execute tests Defect/Bug Tracking Understand client-server architecture HTTP / HTTPS / API Working with CRM systems I am seeking a job as a QA manual engineer to start my career in software testing. I am ready to learn and develop in this field, and I am confident that my skills and knowledge will be valuable to your company. Highly motivated and willing to learn new technologies. Organized wi"
44944dce-9bd9-5723-b45b-c8df733c5284,"Machine learning engineer, Computer Vision Engineer",Data Science,machine_learning,4.0,mid_3_6,fluent,5.0,computer vision;machine learning;nlp,3,,"I have great experience building consumer-focused, practical AIs. My journey in ML started with Natural Language Processing where I invested many hours. After that, I became fascinated by computer vision and deep learning and I am still growing by constant research and building personal projects. I am confident that my knowledge and experience will be an asset to your organization. Aside from personal projects such as classifiers, spam detectors, and others that helped me enhance my knowledge, my responsibilities in the professional industry have included the development of an e-commerce chatb"
f3fadbf4-ee9c-52c7-99c2-0718b15c4308,React Developer,JavaScript,frontend,2.0,junior_1_3,intermediate,3.0,javascript;react;typescript,3,,"Hi there! As a front-end developer with two years of hands-on experience in building single-page applications (SPAs) using React (JS/TS), Redux, HTML, and SCSS, as well as developing 2D browser games using the Phaser.js library, I am constantly seeking to expand my skill set and embrace new technologies. In my free time, I engage in problemsolving activities on platforms like Codewars and actively work on improving my English proficiency. I am currently looking for project work or a full-time position in a creative company where I can tackle challenging tasks alongside a collaborative team. I "
a595291c-37a8-5c67-af74-048dc3194153,Junior Full-Stack developer,JavaScript,fullstack,1.5,junior_1_3,intermediate,3.0,android;api;ios;javascript;node.js;react;react native;rest,8,,"Soft Skills: Great experience in production processes organizing. Experience in personnel management with 5-80 people Achievements: - Launched production lines for Cable products, Blister pack, Metal molds, Computer cases - Reduced staff and production time by optimizing production cycles - Introduced new product items to the market - Increased sales of HDMI cable and patch-cords by 50% I have completed team and individual projects with using JS, React, React Native, Node.js. 1. SoYummy [ Node.js, React, Redux, JS, HTML, CSS ] A recipe site with the ability to sell ingredients and create own r"
e32c2d98-3dae-525a-be31-376692f5fcd0,QA Automation Engineer,QA Automation,mobile,3.0,mid_3_6,fluent,5.0,jenkins;qa,2,,"My main accomplishments lately have been learning new technology on my own and exploring and enlarging my knowledge in software testing. I can test but mobile applications, web applications and can perform both manual and automation tests, carrying out all the essential test required. Supported the creation of innovative technology solutions. Developed high-end website solutions to a diversified client base using a variety of frameworks and technologies. Identifying automation scenarios from the set testcases/user stories identified in the cycle. Developing web automation testcases for the ide"
2f30dd9c-450a-587d-8a3c-55d6faa2083f,QA Engineer,QA,data_analytics,0.5,junior_0_1,intermediate,3.0,agile;qa;scrum;sql,4,,"Finished IT Education Academy QA Basic course with the best result in the group. EXECUTIVE SKILLS - basic knowledge of testing theory and software development life cycle (SDLC) - development and analysis requirements analysis - design QA documents: checklists, test cases, test reports - experience with bug tracking system Jira (created and tracked bug reports) - basic skills of SQL, HTML, CSS - black-box method using - knowledge of Agile method - Scrum December 2021 – February 2022 QA manager in HRForecast QA projects: LudiCloud and SmartLibrary (web applications for keeping a record of users,"
0a04b276-79b4-5f07-b6d6-b530d1c535b8,Vice President of Engineering,Lead,devops_cloud,11.0,senior_10_plus,fluent,5.0,aws;product management,2,,"- I led an organization of 150 people, including the teams in California, Ireland, Poland, and India - Delivered Cloud Web Platform, which achieved 2k. daily customer deployments and 170 billion Transaction Volume. - Switched 70 customers from on-premise to the SaaS delivery using AWS Cloud, delivering 99.99% availability I am a highly motivated, accountable, and hard-working engineering leader with over thirteen years of industry experience. I have a proven track record of leading large organizations and delivering quality software on time, within budget, and to specification. I worked for 7."
186b668c-af9c-5ee8-b954-d3f82aea363d,"CPO, product manager, product owner, business development, investment adviser",Product Manager,product_project,10.0,senior_10_plus,fluent,5.0,blockchain;product management,2,blockchain,"Products developed: number of messengers, algorithmic/robot trading (forex, stock, commodities, cryptocurrency), blockchain consensus & monetisation, cybersecurity online trading platform, crypto/ fiat gateways, online banking & e-payments, e-commerce, international telemedicine/ drugstores, etc. Chief Product Officer / Business Developer / Investment Advisor IT product management in fintech, e-commerce, crypto (gateways, exchanges), algorithmic trading // Cybersecurity, blockchain, IoT, communication & messengers // Online Telemedicine Business Development & Investment Advisory with 15+ years"
1d7fffe6-374b-525b-87e4-25797ad74d7a,UI/UX Designer,Design,design_ux,6.0,senior_6_10,intermediate,3.0,figma;ui/ux,2,,"Hi there! I've been making digital products for businesses and people. I have 6 years of work experience, experience in teaching (Web Design, Photoshop) and mentoring (I had 2 assistant designers). I work on the Human Resource Information Systems and eCommerce (for Shopify and etc.). Worked with projects: healthcare, agriculture, news portals, landing pages and more difference. — Proficiency with tools such as Figma, Photoshop, Illustrator, After Effects, Cinema 4D, Spline, Tilda, learning Webflow. — Understanding of HTML and CSS. — Expertise in visual design theories (typography, color theory"
04db6a91-d47a-5fe5-bc25-f1d95aa3127d,Trainee/Junior C/C++ developer,C++,backend,0.5,junior_0_1,intermediate,3.0,docker;linux;php,3,,"Additionally to C/C++ I got basic understanding of such technologies: shell scripting, system programming (Unix), virtualization (VirtualBox), Linux (Debian), OpenCL, SDL, HTML, CSS, PHP, web-server (MAMP), docker. Acquired skills: working in terminal, rigor programming, teamwork. C and C++ experience in educational projects. My main goal was to learn to use C (and then C++) programming language for solving different tasks. Looking for first real-world experience and further growth in Your company."
3c5ff46a-2c49-58e6-96ba-2b49852eb3e9,QA Automation Engineer,QA Automation,qa_testing,3.0,mid_3_6,fluent,5.0,api;ci/cd;java;javascript;python;qa;selenium,7,,"- Was responsible for developing Test Automation Framework which was used to successfully automate over 2500 test cases. Software Test Automation Engineer in Java with 3 years of experience performing quality assurance and ensuring high customer’s satisfaction rate: - Skilled in Java, API testing (RestAssured, Postman), UI testing (Selenium, Selenide), test design and test maintenance, CI/CD tools. - Worked as a solo test automation engineer on the project, was responsible for handling all automation tasks and defining automation approaches. - Worked in small local teams (≈10 team members) and"
0fb9f652-b775-5622-a359-631b3db48317,Front-end Developer / Full-stack Developer,JavaScript,fullstack,1.0,junior_1_3,intermediate,3.0,api;flutter;javascript;node.js;react;rest;typescript;vue,8,,"I am an experienced web developer with over 2 years of experience in frontend development and 1 year of commercial experience. I possess a solid understanding of HTML5, CSS3, SCSS (SASS), BEM, JavaScript, TypeScript, React, Redux, DevExtreme, Material UI, also well familiar with Vue.js, Node.js, Express, REST API, and OOP. I am eager to contribute my skills and continue to grow as a front-end developer in a dynamic and innovative team. In my recent project: Mainly worked with React, React-redux, DevExtreme, SCSS, JavaScript and TypeScript, but also had a little experience with Dart/Flutter. I "
8ed4e28f-8d5e-5a25-91ba-53ddf06e6746,QA Automation Engineer,QA Automation,mobile,3.0,mid_3_6,intermediate,3.0,agile;api;aws;java;qa;scrum;sql,7,remote,"Introduced automation of test process on a current project from scratch - Automated tests development using Java, TestNG, JUnit, Appium, Cucumber, RestAssured, Selenide, Allure - Writing test cases and checklists; - Test documentation creation and maintenance; - Created a project for automated testing of mobile applications using - Automated tests creation and maintenance; - Deploy and execute automated tests - AWS Device Farm experience - API Testing - SQL I expect to get a good friendly team and interesting project, tasks.Will be nice to have right scrum/agile processes in the company. Impro"
79f1b7fd-6ea8-5bb9-a85e-df9dd9fad52f,Project Manager,Project Manager,machine_learning,9.0,senior_6_10,fluent,5.0,agile;machine learning;project management,3,leadership,"- Successfully Managed E-Commerce Revamp: Led a cross-functional team in the optimization of an e-commerce platform by integrating AI-driven product recommendations and personalized user experiences. The project resulted in a remarkable 30% increase in conversion rates and a 20% reduction in bounce rates, significantly enhancing the platform's performance and user engagement. - Implemented Cutting-Edge Fraud Detection: Spearheaded the development and deployment of a machine learning-based fraud detection system for a leading financial institution. The solution effectively reduced fraud inciden"
bd502a0c-63ad-51d5-99bc-8abe1a254a51,UX/UI Designer,Design,design_ux,1.0,junior_1_3,fluent,5.0,figma;ui/ux,2,,"I have developed my own approach to the design process based on the work of the professionals I am inspired by. From scratch I created applications, websites, dashboards, E-Commerce and Saas projects, worked with real customers and in close cooperation with the developer. I learned how to interact with clients, explain my decisions, collect the necessary information and synthesize it. Learned the importance of documenting all processes performed. I can easily articulate why my design is like this, and no other, if something is not clear to the client, I will listen carefully and easily accept "
9176ff8b-bb65-5a88-a964-c39e3c2d3c3b,Junior QA Engineer,QA,qa_testing,0.5,junior_0_1,intermediate,3.0,javascript;qa,2,,"MasterDynamix,Kyiv 07.2022 - 09.2022 Cross-platform and cross-browser testing. Creation of test documentation. UI testing and verifying a bug report. Developed small projects on JavaScript."
0f547cc0-7fcf-5044-97c2-0e904605120f,Python/Django Developer,Python,backend,4.0,mid_3_6,fluent,5.0,aws;django;microservices;node.js;python;typescript,6,,"Currently, I'm working as a Backend Software Engineer at Dendi—a healthcare solutions company that offers Laboratory Information Management System (LIMS) as a service. I maintain and build new features for our Django backend, architect and orchestrate microservices that work along with the primary monolith, and integrate AWS components into our workflow to ensure smooth operation. I'm comfortable working with Python, TypeScript, NodeJS, AWS, and love working with the open-source community. No location-based compensation package, please. I expect all the engineers of a particular rank to be pai"
79c922f4-509a-5b08-a526-e1f023eb522c,Business analyst/System analyst/Product Owner,Business Analyst,data_analytics,4.0,mid_3_6,fluent,5.0,agile;product management;scrum;ui/ux,4,,"- Implementing ECM system in one of the TOP Ukrainian banks - Taking part in implementation of ERP system in one of the TOP Ukrainian banks - Multiple projects in CRM systems development and business processes automation 4+ years experience in business analysis including: - Expertise in gathering, analyzing, and specifying requirements - Experience in business, systems, and engineering process modeling - Good understanding of Agile/Scrum/Waterfall frameworks - Experience in backlog management - Assistance to tech writers - Experience in prototyping, UI/UX design."
85a5822c-5986-5be1-8ba7-a0f6476e7155,DevOps engineer,DevOps,devops_cloud,10.0,senior_10_plus,intermediate,3.0,aws;ci/cd;docker;gcp;git;go;jenkins;kubernetes;linux;mysql;sql;terraform,12,,"Implement automation for creating Kubernetes or Openshift cluster from scratch, deploy environment, run autotests, get result into Jenkins and destroy cluster. Implement CI/CD for more than 500 microsevices Implement monitoring and alerting system Configured the HA Cluster Containerisation: Docker, Kubernets, Openshift Cloud: AWS, GCP Automation tool: Ansible IaC: Terraform Scripting: Bash, Golang CI/CD: Jenkins Code Quality: Sonarqube Storage: SAN ZFS Storage, NAS Web Server: Apache, Nginx, Apache Tomcat, LTM F5, IIS OS: Solaris ,Linux(Centos,Red Hat, Gentoo,Ubuntu) Virtualisation : ProxMox, "
9b10f7a0-5a0d-5118-ad48-a9b202684709,IT-System Implementation Specialist,Business Analyst,frontend,1.5,junior_1_3,fluent,5.0,qa;ui/ux,2,,"I am a highly motivated IT professional with expertise in system implementation, technical documentation, and front-end development. Collaborating with cross-functional teams, I ensure seamless integration and functionality of IT systems. My strong analytical skills and ability to gather business requirements enable me to propose effective solutions and deliver projects on time. Collaborate with cross-functional teams to implement IT systems and solutions, ensuring seamless integration and functionality. Develop technical documentation, including system requirements, specifications, and user m"
4ca95ab4-2ed1-59c3-b6f8-4bde1d03cec5,Junior Project Manager,Project Manager,product_project,0.5,junior_0_1,fluent,5.0,agile;project management,2,,"I graduated from the IT PM courses with honors. I managed to coordinate the big translation project for a 10 specialists team and receive just minor corrections after delivery. 4+ years in Project Management Recently obtained the red certificate as IT Project Manager Experienced in managing teams of 7-10 people per project Experienced in budget and salary planning Customers business communication (Germany, Great Britain, Latvia, Czech Republic, South Korea, India) Background in short/long-term projects estimation Work using Agile methodologies Experienced in preparing different kinds of docume"
d19e3b33-ea7b-5ca0-bfb9-c8063805607e,Flutter Developer,Flutter,backend,3.0,mid_3_6,fluent,5.0,agile;api;ci/cd;flutter;git;github actions;javascript;kotlin;machine learning;mongodb;python;rest;swift;ui/ux,14,startup,"3 apps on the playstore Handova app: Available on Playstore Reserved4you: 10+ downloads on playstore, Recipe World: 100+ downloads on Playstore. Runner app: 1000+ downloads on playstore Applied to YCombinator Startup Accelerator and got to the interview stage with 100 users on the Kobe app Technologies used Flutter, Dart, MongoDb, Firebase, Machine Learning, Google Maps API, UI/UX Design, REST APIs, DDD, TDD, Swift, Kotlin, Agile Methodology, CI/CD, SQLite, JavaScript, Git, Python, C++, C#, Upwork - Mobile Developer (Freelance) Built the Handova app for a client, available on playstore and app"
c23f0dd4-fe9e-5fd6-b556-a2f051dab6db,Technical director,Unity,design_ux,11.0,senior_10_plus,fluent,5.0,.net;api;git;javascript;linux;nlp;php;project management;python;sql,10,leadership,"Team leader / tech leader / principal / tech director since 2005 for 10 companies in 32 projects. See my 3 free C++ and Assembly training courses on the ""AlexanderSemenko"" youtube channel with over 140 high quality videos Alexander Semenko, CTO/Team Leader/Architect/Senior developer of C++ projects for Windows/Linux/Mac Kyiv, Ukraine; age: 47 Expert of game development teams creation. I'm Authorized Unreal Engine Instructor. Looking for techdir / teamlead position for a team of 20+ members creating games with Unreal Engine 4/5. See my free (almost 200 videos) of Unreal Engine, C++ and Assembly"
cdb30df7-e507-5f13-aba6-618b8eebeb15,Senior iOS Developer,iOS,mobile,11.0,senior_10_plus,fluent,5.0,ios;swift,2,,"In my 12 years of professional experience, I have been deeply involved in the ever-evolving world of mobile development. Specifically, I have dedicated these years to mastering iOS development, ensuring that I stay up-to-date with its tools, methodologies, and best practices. My journey began with Objective-C, a language in which I have accumulated a full 12 years of hands-on experience. Simultaneously, as the mobile development world saw the introduction and rising prominence of Swift, I embraced this language wholeheartedly, amassing 7 years of expertise in Swift development. Throughout my c"
9d1406d6-28b4-58a4-8bd8-a5e68cfb42ae,"Program Manager, Senior Delivery / Project / Service Manager",Project Manager,product_project,11.0,senior_10_plus,fluent,5.0,product management;project management;qa;scrum,4,,"Awards received: • Annual appraisal as a Rock Star in Delivery and Engineering Management at Grid Dynamics for 2018 • Finalist in the contest ""Best CIO 2008"" in Ukraine Being a certified Service Manager, I’m an engineering professional with Big Data and highly loaded solutions. I have been working in IT for 20+ years. I'm involved in Engineering Management for 10+ years in total. Many of the teams I have developed within the last 4 years are still working for several Fortune 500 companies. I have enjoyed many positions and gained broad experience throughout my career in different areas of Soft"
5688cf34-68f0-5ded-828d-e7577022a23c,C++ Programmer,C++,machine_learning,3.0,mid_3_6,fluent,5.0,computer vision;git;linux;machine learning,4,,"3 years of C++ experience in game dev. Great experience in GPGPU (CUDA). Good understanding of Graphics programming and GPU architecture. Wrote a scientific work on memory-oriented optimization techniques in General Purpose GPU programming using CUDA. C++ developer experienced with Graphics Programming, GPU/GPGPU development (CUDA, OpenGL). Writing shaders, PBR lighting models, various rendering techniques. Great understanding of OOP, Design Patterns, Data Structures. Great understanding of Maths, Linear Algebra. Experience with ML/DL models, Computer Vision. C++ development experience under W"
876d1514-cf6e-5f87-991d-a9fddf33832f,Business analyst,Business Analyst,data_analytics,4.0,mid_3_6,intermediate,3.0,agile;javascript;ruby;scrum;sql,5,,"Three completed CRM projects For last two years on Business analyst position, I proved myself as a responsible and high-quality specialist. Three completed projects with high efficiency rate and several new projects in progress can prove my proficiency. I highly qualified in: • Collecting, Analyzing and Formalizing project requirements • Business process modeling • Project Planning, Coordinating and Controlling • Test case modeling and Test execution (functional, regression and acceptance testing) • Bug tracking • Reporting • Junior stuff training I familiar with: • JavaScript, Ruby, HTML, CSS"
f25650ce-6bf7-52d4-8e5b-a85665ab0694,QA engineer,QA,qa_testing,5.0,mid_3_6,fluent,5.0,android;ios;project management;qa;scrum;sql,6,leadership,"My achievements? I am glad I could play my role on projects I participated in on quite high level. I am glad I was able to show all my enthusiasm, perseverance, determination, passion to what I was doing on project and did not disappoint my management. I am glad to had a chance to challenge myself working as tester, analyst and project manager assistant at the same time and did my work as good as i could. However surely could do better. Taking into consideration experience at last outsource company I worked for, there were the following projects I participated in: Project 1. Parental Control m"
34896da1-dd56-5f7f-a281-c15ab379e46a,Junior Frontend developer/ Junior Full-Stack developer,JavaScript,fullstack,0.0,junior_0_1,intermediate,3.0,api;javascript;react;react native;rest,5,,"I have 2 own Pet-projects WebStudio [HTML, SASS, JS] A website of WebStudio company. Responsive design, transform effects, modal windows. Role: developer. Individual project. Filmoteka [HTML, SASS, JS, Handlebars, REST API, AJAX, Parcel] Site, which is connected to the TMDB database with the ability to navigate popular films search for a film and add it to the list. Role: developer. Command project. Phonebook [React (Hooks, Routers, Redux, Redux Toolkit)] A simple phonebook connected to Swagger backend API. You can register, log in, add, remove or filter contacts and log out. Role: developer. "
96862c7e-cc9d-58b1-9172-ac7189deac18,Senior Frontend Engineer,JavaScript,frontend,8.0,senior_6_10,fluent,5.0,javascript;laravel;mongodb;mysql;node.js;php;react,7,,"Experienced Developer with holistic view as well as a deep understanding how technology works. Have experience in architecture of frontend and backend of various systems, familiar with design patterns, business processes. Recently worked as Lead and Co-founder of a software house. 2 times CTO of small (5-15 persons) international(USA, Norway) startups. Working in various technologies, mostly: JS, Node.js, React.js, PHP, Laravel, Mysql, MongoDB Good understanding of business value over technology value. Good english and experience in multicultural environment, more than 10 years abroad. Can pla"
a80a1f65-73dc-52d1-b7d8-f9977b9ca0bf,Project Manager,Project Manager,devops_cloud,11.0,senior_10_plus,fluent,5.0,gcp;project management,2,,"• Experienced Delivery/Program Manager with more than 15 years experience in software development; • Build and leading different teams up to 70 ppl; • Deep knowledge of software development, project management, process adaptation, coaching; • Strong project management professional with a degree in computer science; • Solid experience in finance, payment, and gambling domains; • Hands-on experience in cloud-based and on-premise systems; • PMI PMP, Kanban Management, SAFe, GCP Cloud certified"
893d98ee-07ec-526b-8042-05183137e813,UI/UX Designer,Design,design_ux,1.0,junior_1_3,fluent,5.0,project management;ui/ux,2,,"After finishing UX course I was hired on real estate project as UX designer. Worked in team, my main task was to make team moving because they were stall. Preparing flows, frames, explaining valuable points in my design to clients and team. The project is currently up and running. Experienced in graphic design in general. Have experience as project manager."
e3e8f671-3430-5430-86d0-620f55a3d47d,Junior QA Engineer,QA,qa_testing,0.5,junior_0_1,intermediate,3.0,agile;api;qa;rest;scrum;sql,6,,"• Understanding of QA Methods and Process, Types and Levels of Testing • Experience in developing testing documentation: Test Case, Bug-Report, Check-List, Test Suite and Test Plan • Knowledge and understanding of Testing Theory • Understanding of Client-Server Architecture (HTTP) • Knowledge of the Types of Testing: Functional, System, Security, Regression, Usability Testing • Understanding the Software Life Cycle • Experience of using Bug Tracking System (JIRA) • Agile (Scrum, Kanban) Methodology understanding • Basic knowledge of Web Technologies (HTML/CSS, HTTP) • Knowledge Verification of"
ec36fd23-b5b9-5a10-8b82-4c388556ecd4,"Cloud Data Architect, Big Data, Machine Learning",Lead,machine_learning,7.0,senior_6_10,fluent,5.0,aws;machine learning;microservices;python;rest;sql,6,remote;startup,"Working in an Israeli machine learning startup, I build a scalable machine learning pipelines (it's a core technology of the startup) and solutions that reduced the cost of acquisition of the new customers tremendously. It played a key role in transforming the startup from loss-making to a profitable one with $6M of yearly income. I'm an AWS Certified Cloud Architect. I speak fluently English, Hebrew and Ukrainian and Russian natively. I have 7 years of experience in designing and implementing scalable Data Pipelines and architectures and bringing Machine Learning models to production. I work "
bd160dce-4fd0-5dd3-9eb4-64d27ef6e067,Java Developer,Java,frontend,5.0,mid_3_6,intermediate,3.0,ci/cd;docker;git;java;react;spring,6,,"I once studied at QWANT, I can confidently say that I learned a lot in this course. Especially how to work remotely, what points should be taken into account when communicating. And also we must not forget about the soft skills, Java Software Engineer at InterTAD - worked with integration services - experience in a generating SOAP services - developed a dynamic ETL tool - oversaw the study of the interns and juniors - responsible for all aspects of the back-end in a project Lead Java Developer at HomeCredit Bank - set up project pattern - realized reactjs plugin - realized jsp servlet to suppo"
af6f2fc5-5ac9-5f81-8449-aecf3af20630,Full stack developer,JavaScript,fullstack,6.0,senior_6_10,fluent,5.0,javascript;machine learning;mongodb;node.js;python;react;react native,7,leadership;startup,"1. Worked on a project called ""Smart Cycling"" with the Tallinn University of Technology, Estonia. I analyzed big data from social media with Python for data analyses and machine learning to improve the bicycle routes in the city of Tallinn. 2. Worked on a Taxi application similar to Uber called cabdo with React , React Native, Redux, Node.js and MongoDb. 3. Worked on a Canadian startup called Feedback which helps restaurants to save left over food. Also with React Native. 4. Currently working as a lead engineer at Genflow I've been a lead engineer at two startups. Recently, I have been working"
c8aa0046-7dd5-5b9e-9ece-ca3d74be1fbc,DevOps,DevOps,data_analytics,6.0,senior_6_10,fluent,5.0,aws;ci/cd;git;linux;mysql,5,,"I have successfully built projects and pushed to my GitHub repository I am an AWS certified cloud practitioner. I am familiar with AWS services, mySQL, DynsamoDB, CI/CD I am also proficient in navigating git/ GitHub and Linux commands."
39ba69a2-c0b0-52ca-a564-4e25658692d5,UI/UX DESIGNER,Design,mobile,3.0,mid_3_6,intermediate,3.0,figma;ui/ux,2,,"• Worked on many EU startups; • Skills in UX, UI, graphic design, 3D modeling, 2D art and design, game desings Services: — Iconography — Mobile apps — Illustrations — UX / UI prototyping — Logo, Branding Skills: — Figma — Adobe Animate CC — Adobe Photoshop CC — Adobe Illustrator CC Other skills: — ZBrush — Unity 3D I am a designer and indie game developer with 8+ years of experience in different types of projects from small startups to big projects I am looking for a job in an open-minded product team with interesting, and complex projects"
edfcbe07-2a7d-5b55-97fb-d461bd11998e,Middle Project Manager,Project Manager,devops_cloud,3.0,mid_3_6,fluent,5.0,project management;qa,2,,"- Project documentation integration to the large scale projects; - Implementation of a team-based approach in the company; - Successful cooperation with big clients; - 10+ closed projects of different scales; - Projects transferring from active development to the support stage - In a very tight deadline an adaptation of free resources (engineers) to the projects. - IT Project Manager (1.5 years) DevOps outsours/outstaff company. Responsibilities: - Participation on pre-sale stage; - Deep communication with clients: figuring out and analyzing the requirements, planning and reporting, hands-on t"
be0c486d-62dd-51e7-b8f8-d3c9740ae584,Senior Android Developer,Android,backend,6.0,senior_6_10,intermediate,3.0,android;api;graphql;php;rest,5,,"I'm a senior android developer with 6+ years of experience. In total, I have 16+ years of experience in programming and IT. I’m used to following Clean Code principles, Design Patterns(GRASP, GoF), SOLID, etc, which helps to make stable and bug-free apps. I have extensive experience with the Google Maps API, GPS, camera, integration with social networks (Facebook, Twitter, Instagram), client-server communication (REST, GraphQL, WebSocket ), In-App Purchases, etc. Also I have experience in creating simple web backend for mobile applications using Drupal CMS, Kohana PHP framework, and Firebase. "
ad1b6eaf-5d3f-5651-b223-4fa15fb737b9,Project Manager,Project Manager,product_project,2.5,junior_1_3,fluent,5.0,agile;project management;scrum,3,,"I'm proud of my VP term in AIESEC. I managed to set up and improve the processes: I separated digital marketing from offline marketing, created scripts for the sales process, established the position of customer support for young people who decided to go on internships abroad. That helped to make the biggest amount of successful internships in the history of AIESEC in Kyiv (120). Another MoS was the retention rate from the department. 9 out of 14 people decided to apply for another position in AIESEC in Kyiv after their term in the department of oGV and marketing finished. And all of them were"
f7abd0e4-36a9-5f10-ae05-1a1b3348979e,Business Analyst,Business Analyst,data_analytics,1.0,junior_1_3,intermediate,3.0,power bi;sql,2,,"* Collecting and analyzing business requirements from internal customers * Preparation of data model in SSAS * Developing dashboards in Power BI Desktop with the use of bookmarks, slicers, measures and complex DAX expressions. * Setting up RLS Data policy for different groups of users * Writing SQL scripts for data quality checks and observation of anomalies in source data * Mentoring and adaptation of junior level team members"
6c039ca4-b82f-574d-bf3b-9d55e182d956,Frontend Developer,JavaScript,frontend,3.0,mid_3_6,fluent,5.0,javascript;react;typescript,3,,"At my current place of work, myself together with the CTO built the second version of the company's e-commerce web application, using React, redux toolkit for state management, firebase for the backend, typescript, react query for queries."
0f6f0670-b364-5977-8c45-08b044b95133,Node.js developer,Node.js,backend,0.0,junior_0_1,intermediate,3.0,javascript;mongodb;node.js,3,,"I have a bachelor's degree in computer science. Participated in the international team programming Olympiad. I am looking for a position in a company that's aimed at growth and progress together with a team. I want to develop my skills as well as grow with a team. I don't have any commercial experience yet, but I am actively engaged in pet-projects using nodejs(express) and mongodb."
3ea4479d-7c12-5bd8-b522-37922c2b3ac0,Python/Django Developer,Python,fullstack,4.0,mid_3_6,intermediate,3.0,django;python;react,3,,"I am very experienced with Kafka, RabitMQ like messaging queues and distributed systems. - At DeepInfo I was part of distributed scalable data collection projects with python. - At Biges I was backend developer of B2B django based e-commerce project. - At Yazılım24 I was a full-stack web and react-native developer. I used django for the backend and react for the frontend. Even I have frontend experience, I am actively looking for backend jobs but I can handle minor frontend issues."
c8a21301-6b72-57c0-94f0-d3fa68287e04,Android Developer,Android,mobile,9.0,senior_6_10,fluent,5.0,agile;android;api;blockchain;data analysis;flutter;git;java;kotlin;rest;scrum,11,,"Tools & Technologies: • Java, Kotlin, Android SDK, Flutter, Dart, KMM • REST API, gRPC, JSON, XML, ProtoBuf, Swagger, GCM/FCM • SQLite, Realm, Room, Firebase Realtime Database • Git, SVN • JIRA, Redmine, Trello • Google API’s (Maps, Directions, Geocoding, Location Services, Places, Billing, AdMob, Youtube) • Libs and services: - Base: Arch Components, Coroutines, Coroutines Flow, RxJava - Net: Retrofit, Okhttp3, Volley, GSON, Jackson, SimpleXML, Stetho - DI: Dagger 2, Hilt - UI: Compose, Conductor, Jetpack Navigation, Mosby, Epoxy, ButterKnife - Media: Camera Api, BLE, ExoPlayer2, Twilio Video"
af43de74-ceee-5b21-bebc-8636f8f1de46,Product manager,Product Manager,product_project,3.0,mid_3_6,fluent,5.0,product management;project management,2,,"Fozzy Group Kyiv City, Ukraine Product Owner, Warehouse Logistics Development Department Mar 2021 - Present · 1 yr - Successfully launched Ukraine’s first productive AGV-robotized warehouse zone with estimated USD 600 thousand annual economy - Led a multi-functional IT team of 11 people that integrated company’s WMS with external software - Developed new business processes to integrate the robotized zone into an existing warehouse- Successfully launched Ukraine’s first productive AGV-robotized warehouse zone with estimated USD 600 thousand annual economy - Led a multi-functional IT team of 11 "
b9c22114-3405-5a5f-b414-3a7077c7fd6f,Java QA Automation Engineer,QA Automation,qa_testing,1.5,junior_1_3,intermediate,3.0,java;javascript;qa;selenium;typescript,5,,"Experience in Java: Selenium Webdriver, Selenium Grid, TestNG. (using Page Object Pattern, Page Factory Pattern) Javascript/Typescript: Cucumber, Protractor, Chai. Manual QA: Jira, Xray for Jira, Testrail, PostMan, Firebug."
9ef65f1c-3320-5b7d-a5fd-819cd56f2b74,Java Software Engineer,Java,devops_cloud,4.0,mid_3_6,fluent,5.0,agile;java;kubernetes;spring,4,,"Took part in preparing and presenting Java learning materials to students. Mentoring. 2 years of software development experience with non-stop learning and sharping knowledge. I've been working on a big project with state-of-the-art technologies in an agile-driven team. My core skills are Java (8 and 11), Spring Boot Framework and Kubernetes. I was developing new features, thorough teammates code reviews, and refactoring and modernizing old code base to meet system requirements. Day-to-day facing algorithmic and OOP system design challenges I'm still eager to learn something new and mastering "
54776a30-2878-5f45-b50f-d9b01b3612b7,Embedded / Computer vision,C++,machine_learning,4.0,mid_3_6,intermediate,3.0,ci/cd;computer vision;linux;machine learning;python,5,,"* Porting software to Linux; * High-performance implementation of Machine learning algorithms; * Firmware development for Power Control Unit on ARM-baced MCU; * OpenCV knwoledge, own implementation of high performance CV-algorithms; * Parallel computing with CUDA; * Linux bootstraping on different development boards, custom filesystems development; * Was teaching embedded linux course in NTUU KPI. Linux, OpenCV, Matlab, Verilog, English, C (plain), C++, CUDA, ARM, Quartus, IAR, Machine Learning, Linux Kernel, U-Boot, POSIX, Continuous Integration, FPGA, TeamCity, Python, Intel IPP, PCB, TCP/IP"
4328edd1-feb5-57e4-9093-daf75f94de74,Project Manager,Project Manager,design_ux,4.0,mid_3_6,fluent,5.0,agile;product management;project management;ui/ux,4,,"- Working as a Project manager with customers aboard to help implement their startups (from the earlier discovery phase, through development to the release of the project online) - Worked as a UX designer. - Worked as a Product/Project Manager on the development time tracking app and on the IoT internal project (as a Product Manager). - Helped to set up internal education project in a company: providing external events and PR activities to attract students, interaction with a lot of people in the company to synchronize programs and events. - Worked with HR dept. To set an internal career syste"
e0959e2f-dc5f-5c7f-b3a5-e84d8eb1fcc5,Backend Java Developer,Java,backend,1.0,junior_1_3,intermediate,3.0,api;java;python;spring,4,,"Worked on startup project as a backend developer on java to get experience and study something new. Finished my diploma project using java spring framework, swagger api, and other useful possibilities in java which you can see at skills tab higher. Also, I have experience working on group projects in C++, Java, and Python at university while I have studied. I am looking for a job that can provide me with new experience and knowledge, thereby developing further."
752bda6f-12d8-557b-9173-b46333436ca6,Back-End Node.js Developer,Node.js,fullstack,0.0,junior_0_1,intermediate,3.0,api;blockchain;javascript;mongodb;node.js;react;rest;sql,8,,"- 1st place on International contest ""IT-Universe 2013/2014"" in 1C:Enterprise 8 nomination. - 1st place on Ukrainian tour of Internation contest ""IT Planet 2013/2014"" in 1C:Enterprise 8 nomination. - API service Natours is a result of learning Udemy course about how to create an API using Node.js, Express, MongoDB, Mongoose and Heroku. - Chat app was developed during udemy course ""Web Developer Full Stack"" (JavaScript, React, Redux, redux-thunk, Axios, WebSocket, Loopback). - PIP (Parallel Image Processing) - Node.js mini-project to test npm package worker-farm (Node.js, JavaScript, worker-far"
b165150b-a391-5079-81a5-0d2745fc50b2,Разработчик java,Java,data_analytics,1.0,junior_1_3,intermediate,3.0,agile;git;java;mysql;rest;scrum;spring,7,,"National Technical University of Ukraine “Kyiv Polytechnic Institute”, Faculty of Physics and Mathematics. - M. S., Mathematics, June 2012 (master's degree with a honours); - Ph. D., The Fundamental Solution of the Cauchy problem for some parabolic equations with increasing coefficients, Expected 2019; JAVA [KYIV] AUTUMN 2017 (Epam) Completed project: https://github.com/Tanuhaza/TestingSystem/tree/master/testingSystem OOP, MySQL, Java Core, Maven,Tomcat, JDBC, JSP+JSTL, Log4j, IntelliJ IDEA, Git, HTML, CSS, JScript, Excel, Agile, Scrum; REST + Spring + Hibernate -> in process of learning"
0205e308-0899-5e0a-b994-629fe429f886,Junior QA,QA,mobile,0.5,junior_0_1,intermediate,3.0,agile;android;ios;qa;scrum;sql,6,,"• Understanding of SDLC; • Understanding of Scrum, Agile; • Knowledge and understanding of testing types; • Knowledge and understanding of test design technics and approaches of Software testing; • Experience in creation of testing documentation (bug reports, checklists, test cases); • Bug-tracking systems – Jira; • OS – Windows, iOS, Android; • Basic knowledge of HTML, CSS, SQL; • Knowledge of the network protocols; I expect interesting, complex and diverse tasks, to obtain an experience in QA-area and improve my skills as a QA-Engineer."
cd0cfb09-4933-51ce-a45f-fd9a432aea3a,DevOps engineer,DevOps,devops_cloud,2.0,junior_1_3,intermediate,3.0,linux;terraform,2,,"Junior Systems Engineer with a few years of experience in Network/System Administration, also with DevOps Tools -Experience working with Linux/Windows Servers, like Debian, Ubuntu, CentOS, Windows Server 2019 -Experience working with Active Directory, it's Group Policies, WSUS -Knowledge of Cloud, Networking, Systems, Scripting -A few experience working with DevOps Tools, like Ansible, Terraform -Continously learning Cloud environment & Devops tools -Good analytical skills"
724880a1-20e4-5901-9c16-c767b172176a,Manual QA Engineer,QA,qa_testing,2.5,junior_1_3,intermediate,3.0,android;api;ios;python;qa;scrum;selenium,7,,"Work experience: November 2020 - Current day (Vimmi) Trainee: July 2020 - October 2020 (Vimmi) Courses: QATestLab: January 2020 - February 2020 - 'The Fundamental of Software Testing' Stepik: October 2019 - November 2019 - 'Test automation with Selenium and Python' Project Rolle: Manual QA Engineer Responsibilities: bug reports (Redmine, Jira), test cases (Squash, Test Rail), checklists, review requirements and test documents Right now, I’m working at the product company. I’m testing Web application. It's a big project with a lot of modules that has more than 10 million downloads (Android). Sk"
12f8b3a2-53f5-55c1-a70f-c7da95cf16f1,Data Scientist,Data Science,machine_learning,3.0,mid_3_6,fluent,5.0,data analysis;machine learning;mysql;pandas;power bi;python;spring;sql,8,,1. Polygon Africa Bootcamp: Mastery Track runner-up 2. Chainlink Spring 2022 Hackathon Filecoin - Runners up. 3. Protocol Labs (Filecoin) MicroGrant. 4. 2nd place Zinid's SFC PAYGo Solar Credit Repayment Hackathon by #ZindiWeekendz. 5. 3rd Place Bitgrit's Video Popularity Prediction Challenge. 6. Data Science Nigeria 2020 Bootcamp - Runners up. Data Scientist at Crown Interactive Limited •Worked with the product team on operational tasks. •Generated business reports using PowerBI for the company clients. •Worked with the management team to create a prioritized list of needs for each business s
c5d6c872-9ea6-5f18-98f6-cf9c51d81479,Data Analyst,Data Analyst,frontend,1.5,junior_1_3,fluent,5.0,data analysis;numpy;pandas;power bi;python;sql;tableau,7,,"Extreme familiarity with -Pandas -Numpy -Excel KPIs and Visualization -Power Bi, Cognos -Front End (HTML, CSS, JQuery) _Landing Pages Hello! I’m Michael, and I’m a data analyst. I am fully experienced in the full functionality of Excel, in data cleaning, data preparations and the potential to create vast visualizations. I have written several exams graded and certified by IBM that proves I possess the necessary skills for this job, and I have A year plus experience in Data presentation. [reference to my certifications] I am proficient in SQL and Python as well as several other major database m"
b7a1f0d2-3236-5d20-9862-187a6bb94bed,Project Manager,Project Manager,product_project,2.0,junior_1_3,fluent,5.0,flask;project management;qa,3,,"Project Manager - SolidOne LLC April 2023 - July 2023 - Led implementation of a data binding platform for Chinese partners - Facilitated effective communication with a multicultural team - Gathered feedback and make iterative improvements and tailor the data binding system to better suit stakeholders needs continually. Project Manager - TrixCode LLC January 2022 - February 2023 - Successfully managed multiple complex projects in the waste disposal services industry, including websites, Customer Dashboards, Transportation Management Systems (TMS), and B2B Marketplaces - Collaborated closely wit"
5d2b7b3f-eccf-5da3-837f-7b613236e365,UX Designer,Design,design_ux,8.0,senior_6_10,intermediate,3.0,product management;ui/ux,2,leadership,"- Since 2014, as a UX specialist, I have worked on more than 40 projects. - Participated in many UX trainings, in particular, took coaching from Olga Gorenko. - Was a moderator at UX camp 2015 Bukovel. - I have experience with the product as a Product Manager. - Creation from scratch and support of the development process in which 19 people from different teams (from design to testing) participated. - Digitalization of internal processes of the company. - Real sales experience. In the past, I was the deputy director of an electronics store in a large chain of “Allo“ stores. I work at Raiffeise"
0839d242-0749-53ae-8e5c-21a5c651e22f,Automation QA Engineer,QA Automation,devops_cloud,4.0,mid_3_6,intermediate,3.0,api;azure;ci/cd;git;java;jenkins;linux;qa;rest;scrum;selenium,11,,"4+ years of professional experience in the Information Technology industry specializing in Quality Assurance, including manual and automation testing domains. Programming Languages: Java, Groovy; Automation Framework: Selenium, Selenide, REST Assured, Cucumber, Spock, Appium; Development Environments and Bug Tracking Systems: Confluence, JIRA, GitLab, Azure DevOps, TestRail; Version Control Systems: Git; CI/CD environments: Jenkins; Integrated Development Environments: IntelliJ IDEA; Software Development Methodologies: Scrum, Shift left testing, Kanban; Platforms: macOS, Windows, Linux; Respon"
414a2372-48a1-5db9-be5b-1553ec265b29,Junior/Trainee DS/ML,Data Science,machine_learning,0.0,junior_0_1,intermediate,3.0,data analysis;machine learning;numpy;pandas;python;scikit-learn;sql,7,,"Worked as a gynecologist and psychologist in IVF clinic, medicl centres, did scientific researches , wrote scientific articles in medical journals. Have high level of emotional intelligence,good erudition, skills in critical thinking and analisis.I'm not afraid to study a lot after graduating from medical university dont have commercial experiense jet but ready to study Courses and certificates: Inspiring Leadership through emotional intelligence, Coursera Critical Thinking,Prometheus Pragmatic Clinical Trials and Healthcare Delivery Evaluation,EdX introduction to data analysis ,Stepik Introdu"
d8e5d76a-5cc9-55b3-b51e-6d70f97e0526,Front-end developer,JavaScript,frontend,5.0,mid_3_6,intermediate,3.0,javascript;react,2,,"5+ years of experience in Web Development. Participated in developing a large number of features, from generating XML feeds to integrating services such as Google Calendar. Experience in working with React and related libraries like Redux, etc. I am looking for React projects. Team in which I can do interesting projects on modern technologies and improvement of my professional skills."
af2cecee-d9e5-5a48-bf9f-1df505fa71d6,Junior Project Manager,Project Manager,product_project,1.5,junior_1_3,intermediate,3.0,agile;project management;scrum,3,,"Google Project Management Certificate (Kyiv, Ukraine) Period – 6 months Course in managing projects using analytical methods and search methodology (Agile), write project documentation and develop strategic communication skills. Google Fundamentals of Digital Marketing (Kyiv, Ukraine) Period – 1 months Course of fundamentals in basic marketing knowledge for developing or building a business. Web Design Fundamentals (Kyiv, Ukraine) Period – 10 hours Course of fundamentals in basic knowledge of Web Design, incl. 5 hours of practical lessons (lectures) and 5 hours of practical training. Capstone:"
f2a0a030-138a-5b8e-a37d-2f4258b87c31,QA Team Leader,QA,qa_testing,7.0,senior_6_10,fluent,5.0,agile;api;docker;git;jenkins;linux;microservices;qa;sql,9,,"- have an experience of technical lectures to the people within the company - participation in internal mentoring program - successfully passed IC Agile certification - successfully passed ISTQB foundation level - Strong experience as a QA Engineer. (7+ years); - Experienced in mentoring QA engineers, involving newcomers to the project, leading several streams at the same time, interviewing candidates; - PO communication and reporting (weekly/release statuses) - Web testing, big data, BE applications, microservices; - Deep knowledge of client-server architecture; - Requirements Analysis; - Tes"
04847d08-78b7-5725-90bb-464fce7c1c09,Front-end developer,JavaScript,fullstack,1.0,junior_1_3,intermediate,3.0,javascript;mongodb;node.js;react,4,leadership,"In six months, I learned a new profession and have the strong knowledge to start my new career. I was a team lead in two projects. And got experience in working with githab, resolve conflicts and organization of teamwork This is not the first time I've started something from scratch and succeeded. I’m ready to go forward to get more! Hi! I have completed the Full Stack developer course at GoIT school. I have a strong knowledge of the MERN stack. Finished more than seven projects, in two of them I was a team lead. I use JavaScript, React and Next.js in my work. I can also write back end using N"
ca611b6d-940b-58a1-8486-d4bae307ab60,Backend Engineer,Node.js,backend,4.0,mid_3_6,fluent,5.0,angular;api;aws;blockchain;docker;git;go;graphql;javascript;linux;mongodb;mysql;node.js;postgresql;redis;rest;typescript;vue,18,,"Hello, I'm a Javascript & Typescript developer with 4 years of experience building and debugging software. I have a solid computer science background knowledge of networking, databases, and operating systems including Linux and its terminal. I also have sufficient experience building backend systems with gRPC, GraphQL, and REST APIs using tools like NodeJs, Express, NestJs, HapiJs, PostgreSQL, MySQL, MongoDB, and Redis. *MY EXPERIENCES* 1. Software Engineer - I was instrumental in architecting systems and making technical decisions for the team based on business needs communicated by my lead. "
af5aa4c9-2a23-5660-9fa1-229f8649efc7,Java | C++ developer,C++,mobile,5.0,mid_3_6,intermediate,3.0,android;java;javascript;sql,4,,"Winner of the POC (proof of concept) contest. Implemented virtual guide with augmented reality for Android tablets - 5+ years of software development experience - Strong C/C++, Java (SE, EE), Open GL (ES 2.0), GLSL, Animation techniques, Image processing/effects, Android SDK/NDK, Vuforia SDK, CORBA, Web (JavaScript, HTML, CSS, Struts, GWT, GXT, SmartGWT), SQL, Unit tests - self-motivated, responsible, goal-oriented, communicable and initiative team player, able to learn and work quickly and effectively"
bc99c1c8-638f-5b2a-9bdd-046b20ec9744,UI/UX Designer,Design,design_ux,2.5,junior_1_3,fluent,5.0,computer vision;ui/ux,2,leadership,"Since 2020, I've been helping businesses and individuals to attract customers and increase sales. In all that time, I was engaged in different projects ranging from creating apps from scratch to big corporate websites and e-commerce. I also have extensive knowledge of the marine industry and human resources that helps me create beautiful and user-friendly products for my clients. More information you may find in my CV as well as some recommendations on Linkedin. I wish to become a part of a strong and well-performing team with a great and cool leader for collaborative, efficient and effective "
fcca529c-d808-5698-a45c-25e15744c907,Automation QA Engineer,QA Automation,data_analytics,2.0,junior_1_3,intermediate,3.0,agile;api;ci/cd;git;java;jenkins;mysql;qa;rest;scrum;selenium;sql,12,,"Soft skills: Teamwork, critical thinking, adaptability, interpersonal skills. Hard Skills: Reporting Tools: Allure Reporting Testing Build: Maven IDE: IntelliJ Defect Management Tools: Jira Languages: Java, SQL, XML, HTML, JSON Database: MySQL, Oracle Testing Tools: Selenium WebDriver, Junit, TestNG Rest- Version Control System: GIT, GitHub Methodologies: Waterfall, Agile/Scrum/Kanban. CI/CD: Jenkins Other Tools: Postman Operating Systems: Windows I'm an engineer with 2 years of experience in the field of automation testing, using Java, Selenium, TestNG.My responsibilities included creating te"
2607f49b-faf7-54af-a2a8-10ab70767896,QA Engineer,QA,qa_testing,2.0,junior_1_3,intermediate,3.0,agile;api;docker;git;linux;postgresql;qa;scrum;sql,9,leadership,"• Changed my path of the carrier • Added features and improvements to the project • Resuscitated 3 orchids • I am a QA Engineer with 2.5 years of work experience • I worked on large worldwide projects with US customer • I'm highly interested in possibilities for professional and career growing up As a QA Engineer, I was a part of: • Creating and executing test cases. • Analyzing user stories and requirements • Estimation of QC tasks • Manual testing web/desktop application • API testing • Configure the virtual test environment • Reporting bugs • Gathering testing metrics I'm familiar with: 0. "
440cbca8-9f3b-579f-a852-cfc11fe2428c,Junior UI/UX Designer,Design,design_ux,0.0,junior_0_1,intermediate,3.0,figma;ui/ux,2,,"Successfully analyzed competitors, the user's path from search to purchase Building an effective strategy for analyzing potential customers Effectively used all the necessary products Adobe Effectively apply knowledge in animation when working in projects Languages: Ukrainian - Native speaker English - Pre-intermediate I have a degree in printing. I have excellent knowledge of adobe and microsoft packages. Now I am updating my knowledge and skills in the courses UX/UI Designer The first project is a website redesign for tattoo parlor, after analyzing competitors, the following actions were per"
c2a5de6d-cd73-5774-af97-b9c1b4e4b345,Разработчик java,Java,frontend,5.0,mid_3_6,intermediate,3.0,java;javascript;linux;mysql;postgresql;react;rest;spring;sql,9,,"Proficient programmer with relevant education in Computer Sciences. I know how develop and implement software and IT technologies. My main advantages is clear understanding business-processes within the different markets. Java (J2EE), JavaScript (JQuery, AngularJS, Karma), Vaadin, GWT; SQL (MySQL, PostgreSQL, Microsoft SQL Server, Oracle), ORM framework; Spring (Spring-MVC, Spring-Data-JPA, Spring-Data-REST, Spring-Bootstrap, Spring-Security); SOAP, JAX-RS, JAX-WS, JAX-RPC; JUnit, JMock, Mockito/PowerMock; Linux; Tomcat, GlassFish, EAS; I am look for a job in an experienced and friendly team, "
f09e7c99-2293-5424-9c36-fcb701c3dfa0,Junior Data Scientist,Data Science,machine_learning,0.5,junior_0_1,intermediate,3.0,data analysis;machine learning,2,,"uData Tech Position: trainee Data Scientist Responsibilities: data preparation, research of betting market to find profitable niches, testing of well-known models in the market rates for the optimization of coefficients and winning in general, monitoring key financial metrics. uData School Position: student Data Scientist Applied statistics and probability theory, the basics of machine learning for data analysis, work on the two projects: business and medicine. Freelance Position: Private math teacher Responsibilities: teaching different approaches to problem solving for passing the main tests"
96edab97-20ef-5a47-8a5b-74f202cd3ebd,Solutions Architect,iOS,mobile,11.0,senior_10_plus,fluent,5.0,ios;swift,2,,"*Earned a degree in Applied Mathematics* - High level expertise in Swift, SwiftUI & Combine - Full-time remote experience - Distributed team experience - Result oriented problem solver 1. A new project is always a good option to consider 2. Or a well established product to put my value in as well as to learn from 3. And last but not least should there be the opportunity to join a team of greatly talented and yet highly motivated people, I would not miss it"
895e6b0f-cfba-5a25-be98-6364f2ac6fce,Golang engineer,Golang,backend,4.0,mid_3_6,intermediate,3.0,api;aws;go;php;sql,5,,"- june 2018 – november 2019 Data base support engineer -Monitoring the current state of the system -Bug-fixing using PHP -SQL selections for business -Writing complex SQL queries for views -SQL queries optimization - december 2019 – november 2020 Back-end developer -Ticketing service development(Yii2) -API for telegram bots using Symfony, DynamoDB, PostgreSQLwithPostGIS, AWS Lambda -Telegram bots implementing fore said API using Symfony, AWS Lambda - november 2020 – november 2021 Database developer, payment system -Data schema development -Development views, functions, triggers -Database integ"
e6334006-049b-5577-8655-1485b6edccd0,DevOps/SRE Engineer,DevOps,devops_cloud,4.0,mid_3_6,intermediate,3.0,aws;azure;ci/cd;git;github actions;jenkins;kubernetes;terraform,8,,"Certificates: AWS Certified Solutions Architect – Professional Azure Administrator Associate Certified Kubernetes Administrator (CKA) Red Hat Certified Engineer (RHCE) Ansible Automation Windows Server 2016 MCSA Red Hat Certified System Administrator (RHCSA) AWS Certified Solutions Architect – Associate AWS Certified Developer – Associate Terraform Associate Configuring and Managing Kubernetes clusters(on-premises, EKS). GitOps with Argo CD. CI/CD with Jenkins, GitLab, Github Actions Creating and managing infrastructure on AWS cloud with Terraform. Monitoring with Prometheus+Grafana. Logging w"
3664abcb-1540-5d82-bb38-f819d3ccc808,WordPress developer,PHP,fullstack,3.0,mid_3_6,intermediate,3.0,php;python,2,,"Decreased database size from 9G to 350MB with saving all data. Did integration between website and app. Develop page parser on python for generating json data. Then develop a plugin for generating pages based on that data. Optimize developing process. Integrate new technologies. WordPress developer with 3+ years of development experience. Experience in custom WordPress themes and plugins development from scratch as a full stack developer. Experience with different page builders (Guttenberg, Elementor, Divi, Visual Composer). Experience in SEO optimization from a development perspective. Experi"
37363150-7e13-52bd-bb99-93e920bb2e15,Data Analyst,Data Science,data_analytics,5.0,mid_3_6,fluent,5.0,data analysis;machine learning;python,3,,"Collect business requirements, validate requirements with the involved stakeholders and against available databases Specification and design of interfaces Lead the project of geospatial (Remote Sensing) data analysis, visualize crop over productivity at country level, cluster crops into several groups based on types. Automate the total process to promote decision making. Develop and apply data science and statistical methods and experimentation to analyse the effect of pricing and sales decisions on business performance. Support OCR pipeline using Python Build predictive and machine learning m"
a2a2002e-72c1-5ce3-8faf-b625b8f9bf18,Project Manager,Project Manager,product_project,1.0,junior_1_3,fluent,5.0,agile;product management;project management;scrum,4,,"Digital Marketing Platform (2018-current)- Outlining work plans, determined resources, wrote timelines and generated initial budgets as part of project scope determination. Developing and implemented performance improvement strategies and plans to promote continuous improvement. Performing duties in accordance with applicable standards, policies and regulatory guidelines to promote safe working environment. Offering friendly and efficient service to customers, handled challenging situations with ease. Using coordination and planning skills to achieve results according to schedule. Developing t"
4dbf7480-bc5c-583d-9f95-fa395da0a557,"QA Lead, QA Manager",QA,qa_testing,5.0,mid_3_6,fluent,5.0,qa;ruby,2,,"Have more than 5 years of experience. Last 3 years I've been working as Senior QA Analyst in Houston, Texas. During that time my responsibilities included but were not limited to: - Managing remote automation QA team. - Automation scripts design with Ruby and Cucumber. - Test plans and test cases design. - Manual test cases design and execution. - Regression testing planning and execution."
13055225-89ef-5f6c-ae25-443c9228a06d,Frontend Developer,JavaScript,frontend,0.0,junior_0_1,intermediate,3.0,agile;angular;django;javascript;linux;machine learning;python;react,8,startup,"- Diploma project - the highest score was received for the defense of the thesis (100/100) - Participation in the creation of the startup ""ProstoEDU"" - Participation in IEEExtreme 15.0 - Passed workshops ""Active Citizens Camp"" - 2 publications in scientific publications - I have internal Cisco certificates (NDG Linux Unhatched, Programming Essentials in Python, Programming Essentials in C++) - participation in Game Jam from LNU My experience includes developing web applications in various programming languages such as Python, JavaScript. I use frameworks like Django, React and Angular. My expe"
6b8f91f0-eec0-5f7f-b07e-3bf140a7e84b,"Junior C#/.Net Developer, Junior Unity3D Developer",.NET,backend,0.0,junior_0_1,intermediate,3.0,.net;android;linux,3,,"•Junior Engineer for Automation and Computer technology I received a Bachelor from National University of Food Technologies (Kyiv) in 2018. I do not have work experience, but I try to get this experience! • I have experience with Windows and Linux systems. •The level of knowledge of English is intermediate. •Acquainted with SOLID, OOP, basic knowledge of C#/.NET. •The course ""Programming language C#» was passed in Microsoft Virtual Academy and I developed Weather Forecast App for Windows 10 (UWP). •I was programming industrial controller of Schneider Electric, Siemens and Mitsubishi in the uni"
70045e90-ac3f-5486-a954-add008087e7b,Junior DevOps Engineer,DevOps,devops_cloud,0.0,junior_0_1,intermediate,3.0,aws;ci/cd;docker;gcp;git;java;jenkins;linux;mysql;terraform,10,,"Worked as a software implementation engineer. Completed several DevOps courses, including EPAM During the EPAM course, I: - Created a CI/CD pipeline as graduation project. - Used services and technologies: java-maven app, Gitlab, jenkins, GCP cloud, terraform to create infrastructure in the cloud with tfstate storing in bucket. - Deployed the application as a docker container to GCP VM, automating the process using Ansible with inventory plugin. Also got practical skills in: - Installing and configuring virtual machines based on Linux (Ubuntu/RHLE). Creating users and groups. - Configuring the"
74e4cdfd-bdd2-5433-84d0-a060014e4389,Business Data Analyst M/S,Data Analyst,data_analytics,4.0,mid_3_6,fluent,5.0,blockchain;data analysis;elasticsearch;graphql;sql;ui/ux,6,,"April 2021 — currently Blockchain data analyst, researcher, developer • Web3, DeFi - market & tech research, personal projects • On-chain data extraction & analysis • FA, TA, trading & investment strategies • Smart contracts development • Blockchain development September 2020 — June 2021 Yoloco (influencer marketing analytics SaaS) Lead Data Analyst • Product R&D: Scoring models design & implementation, UI/UX features custdev, A/B tests • Advanced SQL queries, reporting automation • ETL pipelines architecture & processing in stack (ClickHouse, Elasticsearch, GraphQL, SQL) • Tailored research &"
7c19012f-0002-50ca-96b8-fe93692ada3b,UI/UX DESIGNER,Design,design_ux,4.0,mid_3_6,fluent,5.0,javascript;ui/ux,2,,"I have 4 years of work experience and have worked with Ed. Tech, fintech, health tech , websites, Sports Betting, Management systems, Government platforms. I have a good background in HTML CSS and JavaScript."
3882ffcb-1544-54f7-abae-dd49821233ca,Android Developer,Android,mobile,4.0,mid_3_6,intermediate,3.0,android;flutter,2,,Experience in commercial Android development in the last 4 years. Writing the application from the beginning to the release on Google Play. Working on the application independently and in a team. Support for applications in release. Wrote personal project on flutter framework (0.8 year)
8a1bf4fa-e714-5e07-b0b7-8d14c7779669,Product manager,Product Manager,product_project,11.0,senior_10_plus,fluent,5.0,agile;computer vision;product management;ui/ux,4,,"A passionate and value-driven product management professional with around 10+ years of experience in business development, marketing and user experience in the tech field. As a startup enthusiast with an agile mindset has implemented diverse functions serving as a link between tech people, stakeholders and C-level management. Has successfully managed tech product lifecycles from planning to growth, by leading and managing innovative cross-functional teams. Committed to continuous learning and development, look forward to interesting opportunities to manage the development & launch of new chall"
bb563ae5-8c21-5caa-ae2a-782d896811b3,Data Scientist,Data Science,machine_learning,3.0,mid_3_6,intermediate,3.0,api;computer vision;docker;elasticsearch;fastapi;linux;mongodb;mysql;numpy;pandas;postgresql;python;redis;scikit-learn;sql,15,,"I am a Data Scientist with Data Engineer skills from Belarus, currently based in Spain (Vigo). I have more than 3 years of experience in commercial projects. Systems that I have programmed: Computer Vision, Telegram Bot, Scraping, Time Series Forecasting, Recommendation System, API Services, ETL Airflow, User Management Automatization Tools. Domain expertise: e-commerce, trading, FMSG, industrial automation, iGaming. NewAgeSol, Kyiv | iGaming, trading | Data Engineer - full cycle from research to writing the service ALS / LightFM recommendation system - manager automatization tool for database"
0e922e83-b172-5239-af36-73a81f34b563,Ruby on Rails Developer,Ruby,fullstack,3.0,mid_3_6,intermediate,3.0,angular;javascript;linux;postgresql;ruby,5,,"Create several projects from scratch Backend: Ruby on Rails Front-end: HTML, HAML, CSS, SASS, Bootstrap Scripts: JavaScript, CoffeeScript, JQuery, Ajax, Angular Web server: Nginx Database: PostgreSQL Administration: Linux Deployment: Capistrano, Unicorn Background jobs: Sidekiq Full stack web developer SOLID, DRY, OOP, TDD, BDD Interested in full stack"
169ccb87-826f-5c69-a872-02bcbddd3814,Software Engineer,JavaScript,frontend,4.0,mid_3_6,fluent,5.0,.net;android;api;figma;flutter;javascript;node.js;php;python;react;react native;sql;typescript,13,,"- Deployed multiple mobile applications using Android, React Native and Flutter - Deployed several web apps using HTML, CSS, Js, React.js, PHP and Node.js - Have a solid experience in leading front-end teams. In my 4+ years work experience, I have completed various projects and tasks using a range of technologies and worked in/for different industries such as logistics, transportation, insurance, e-commerce and even hospitality. As a Lead Mobile Engineer, I led a team of other mobile developers and ensured designs were accurately translated into code. I conducted thorough security audits to en"
36efc291-80e4-57e7-a539-399184dca572,General QA engineer,QA,mobile,3.0,mid_3_6,intermediate,3.0,docker;git;java;jenkins;mongodb;postgresql;qa;sql,8,,"• Knowledge of software testing theory • Skills in writing test documentation (acceptance criteria, test cases, checklists, etc.) • Helping the support department in difficult cases • Writing and updating help documentation • Experience in testing mobile applications • Writing autotests using the Codeception framework • Working with Jira, Postman, Swagger, Git, PostgreSQL, MongoDB, JsonPath, Jenkins, Openstack, VMware vCloud, Docker • Writing TOSCA Descriptors in YAML • Writing feature files for autotests using the Cucumber framework • Have basic knowledge of Java, HTML, SQL • Understanding th"
a2345763-6cf9-5904-a2e4-69769838c37f,UX/UI Designer,Design,design_ux,2.0,junior_1_3,intermediate,3.0,figma;ui/ux,2,,"I create UX/UI designs that add value to digital products and turn users into clients. I create interfaces that prove their effectiveness by improving KPIs UX/UI designer, well versed in both research and creation of visuals parts of the design process. I consider myself to be a proficient user of such tools as Figma, Adobe Photoshop, Miro, Maze, and Proto Pie. I have experience of independent and team work. Currently, I am looking for a job where I can apply my knowledge in practice working on a product I could be proud of. I have 1.5 years of experience as a UX/UI designer. My agency deals w"
73687f70-b009-5eee-baf6-1da7ef183ab9,Middle FrontEnd / FullStack developer,JavaScript,fullstack,3.0,mid_3_6,intermediate,3.0,agile;angular;aws;docker;figma;git;javascript;linux;node.js;react;typescript,11,,"I'm a result oriented, fast learning web developer mostly experienced in Frontend (Angular, React) and familiar with Backend (Node.js, Next.js). I have more than 3 years of commercial experience in Web development. I also have higher education in computer science. Technical skills: - languages: JavaScript(Typescript); - frameworks: Angular (Angular Universal), React (Redux), Adonis JS, Next JS; - layout: HTML, CSS, Sass(SCSS), Bootstrap, Tailwind; - Templates: Figma, Scratch, Photoshop; - development tools: Webpack, Parcel, npm, yarn; - deployment: ssh, bash, docker, bitbucket-pipelines, AWS ("
0501c952-bd14-51cc-924a-de5498a1df8a,Junior QA,QA,data_analytics,0.0,junior_0_1,intermediate,3.0,qa;sql,2,,"Educational centerSkillUp, QA courses Preparatory course (HTML, CSS, SQL) Automated Software Testing by GlobalLogic 01.2019-05.2020, 01.2021-09.2022 Position: “Replays Operator” Company: StarLadder • Preparation and issuance of live replays of team streams at the command of the director, taking into account the game situation and scenario."
ecf36d4e-c5f3-5802-9fa6-8a27af4baa35,Sales Manager \ Project Manager,Sales,qa_testing,11.0,senior_10_plus,fluent,5.0,project management;qa,2,,Trusted supplier of Landmark Group (www.landmarkgroup.com) Hold quality assurance check by Ukrainian government bodies on China medical plants. Implementation of «turnkey» projects. Creating reputation as trusted partner. Full study of clients to close deal. Claim work. QA for products and services provided. Stuff management. Contact with government bodies. Custom clearance and logistics.
0db2638b-b0d4-5384-acdd-aa2a651d612a,Project Manager,Project Manager,product_project,2.0,junior_1_3,intermediate,3.0,blockchain;javascript;project management;python;typescript,5,,"I have a bunch of Web-based skills. I have worked on many blockchain and web3 projects. Mainly my projects were on Ethereum and Solana platforms. Worked with Javascript, Typescript, Python, etc. For now Im switching to project management and seeking new opportunities."
e3dfff78-937f-5ba9-a6f9-7f3b81aa9e59,Cloud/Platform Engineer,DevOps,devops_cloud,2.5,junior_1_3,fluent,5.0,aws;ci/cd;django;git;github actions;postgresql;terraform;ui/ux,8,,"I'm good at server-side scripting and infrastructure development. As a Site Reliability Engineer at mthmr, I was responsible for ensuring the reliability and performance of the company's infrastructure. One of my key projects was migrating the infrastructure from AWS to OCI (Oracle Cloud Infrastructure). This involved designing and implementing a new architecture that would be more cost-effective and scalable, while still meeting the company's performance requirements. To begin the migration, I worked closely with the development team to identify the key components of the existing infrastructu"
f55db670-14d5-5a1f-a0c1-4c7c3dcc837c,Junior Java Developer,Java,backend,1.0,junior_1_3,intermediate,3.0,java;spring,2,,"Diploma wiht honors of graduation Economic cibernetic. Diplom Ciber Bionic Systematic. Self-study of English. Implemented a management accouning system at the enterprise. Course Project : Tank; Sea battle; Black Jack; Technologies are using - Java, Spring."
f4b16b23-4385-51bf-8e76-7c25f7408d20,Data Scientist,Python,machine_learning,0.0,junior_0_1,fluent,5.0,data analysis;machine learning;numpy;pandas;python;scikit-learn;sql;tableau,8,,"I utilized a range of technologies commonly used in data science, including Python for data manipulation and analysis, libraries such as Pandas and NumPy, and machine learning frameworks like scikit-learn. I also gained experience in data visualization using tools such as Matplotlib and Tableau. Additionally, I familiarized myself with SQL for data querying and database management. I am writing to express my interest in the data scientist position at [Company Name]. As a recent graduate of the data scientist course at Main Academy, I am eager to apply my knowledge and skills in a professional "
1c0ee817-fb4a-529c-ad3a-24801a83d63f,AQA Engineer,QA Automation,qa_testing,0.0,junior_0_1,intermediate,3.0,django;linux;python;qa;selenium,5,,"2021-2022 It Step Academy QA Engineer Cisco Networking Academi Awards Certificates of completion: “NDG Linux Unhatched 2021-2” “IT Essentials: PC Hardware and Software 2021-2” “NDG Linux Essentials 2021-2” “Introduction to IoT 2021-2” “PCAP - Programming Essentials in Python 2022” ""CCNAv7 in Introduction to Networks 2023"" ""Introduction to IoT 2022"" I have experience in writing frameworks for auto testing using selenium, allure and pytest. Experience writing Django web applications. Experience in writing a mini desktop application. Experience in writing 2d games using pygame. I look forward to "
b8694639-d213-593b-89d5-5b308f24c215,Senior Android Developer,Android,mobile,5.0,mid_3_6,fluent,5.0,android;java;jenkins;machine learning,4,leadership;part_time,"Promoted to a team leader position after a year of working on the project; Interviewed more than 20 candidates for different projects; Conducting a mini-lectures on different CS-related topics (algorithms / data structures) for a team; Certificate with a distinction of ""Functional programming principles in Scala"" Coursera MOOC Experienced Android engineer with more than 5 years experience in industry, and more than 2 years experience as a Team leader of a team of 6 developers. - Profound experience with Android SDK: Activity/Task lifecycle, Fragments, Networking; Data binding; Espresso; - Expe"
c2134255-862a-502f-a46d-129893789dc4,Full Stack Web Developer,Node.js,fullstack,4.0,mid_3_6,intermediate,3.0,api;graphql;javascript;nlp;node.js;react;redis;typescript,8,,"Open-Source library for API The Open-Source project for a company that provides API for sending emails and API for SMS sending and organizing flow around this email key functionality, such as click statistics, open statistic, email personalization, email templates, and others. From the maintenance side, I fixed and closed all issues and all the time helped users to find the solve their problems. Sometimes the issues and bugs are related to different domains and scopes such as the template language level that was written on C++ and others. From the development side, I have done global refactori"
0679be1d-162d-529c-866f-63ec86667fdf,Ruby on Rails Developer,Ruby,data_analytics,1.5,junior_1_3,intermediate,3.0,git;linux;ruby;sql,4,remote,"For a year I was supporting a legacy Rails 3 webstore while working on small but useful services for the company. One of them is an automation service for context ad campaigns. Another one is a service to aid employees check relevant prices and place orders in suppliers' b2b systems. Right now I'm finishing a webstore on Spree as a freelancer. During this project I started contributing actively to open source (which I consider an achievement). 1,5 years XP Ruby/Rails 4 years XP webdev Skills: SQL, Git, TDD, Linux I'd like to work on APIs, server side or automation scripts. UX is not my strong "
72b91ce5-f373-5508-85e0-c4253d78462f,Infrastructure & Cloud Engineer,Other,devops_cloud,11.0,senior_10_plus,intermediate,3.0,azure;linux;mysql,3,,"Over the past more than 7 years, there have been quite a few migrations to virtual environments from physical hardware, from the cloud to colocation, and completely from on-prem to the cloud. It took a lot of time to prepare and set up environments. In my mind that was a higher achievement. Azure Cloud infrastructure Windows server administration Linux server administration NAS server administration Network configuration: Palo Alto, Cisco Meraki, MikroTik, EdgeCore, D-Link etc. On-prem virtualization: VMware/vSphere, Hyper-V, ProxMox. CloudFlare configuration WEB-servers ACS systems SCADA syst"
886045d3-a1f0-51b8-a526-a12bb988cabd,Wordpress Developer,PHP,frontend,4.0,mid_3_6,intermediate,3.0,figma;javascript;php,3,,"I'm Roza a Web developer a responsible type of professional who clients love to work with. I'm experienced in creating Websites for various purposes E-Commerce, Landing page, Catalog page, Business page. I have over 4 years of experience in these fields and I've worked with a wide variety of small to large projects. And here's the best part of what I can offer... I can get things done quickly, on time, and right. I can solve problems like, if: You have an Existing Site that needs a Facelift You run a business and are looking to start an eCommerce site My skills and expertise: Web development 🧲"
a1cb033a-7f47-56e1-8763-1f061da70345,Project Manager,Project Manager,design_ux,8.0,senior_6_10,fluent,5.0,api;project management;ui/ux,3,,"More than 8 years of experience in PM/PO positions. Building and managing the Product Backlog: - planning scope for next sprints; - lead pre-planning and planning activities, grooming product backlog; - writing user stories, defining business value and acceptance criteria, etc; - defining priorities of the tasks based on business goals, coordinating/prioritizing conflicting requirements. Defining UI/UX of the product like creation of mockups for application UI based on the API provided by game development teams; Working closely with 4 development teams before and during the sprints to ensure t"
a8cd06b2-45ec-53aa-b04f-9908e2060909,Python Developer,Python,backend,0.0,junior_0_1,intermediate,3.0,javascript;python,2,,"Haven't commercial experience, but have little Ed projects, also can do test projects for your company. Now using Python. Before used to Javascript, but with time understood that js isn't for me. I am very flexible in terms of learning the technologies that you need specifically"
43da3913-cf39-5a0c-9845-ae53b94de602,Project Manager | Junior IT Project Manager | Account manager,Project Manager,product_project,0.5,junior_0_1,fluent,5.0,javascript;mysql;product management;project management;python;scrum,6,,"- managed the development of the credit reporting process for the European business (with automation) - managed and participated in launching credit control process for Africa&Middle East (with reporting and tools) - participated in SAP modifications (Autobank and adjustments to reporting) - managed and participated in creating various tools for business process improvements and optimization (including tools for complex operations in SAP, VBA+Outlook+other systems) Hi, In the IT sector, I worked for 10 months as a Financial partner at Luxoft and from Oct21 til Feb24th I was attending IT course"
c9d6a6ae-3444-5d68-bb90-14724e1c3e7e,Data Scientist / Machine Learning Engineer,Data Science,machine_learning,2.0,junior_1_3,fluent,5.0,machine learning;python;sql,3,,- Company I worked for received a nomination at Ukraine Innovation Awards 2020. - Master’s diploma with honours for graduating at the top 5% of the course. - Obtaining Academic Scholarship throughout the entire span of studies at the university. Experienced software engineer with several projects in Machine Learning. Have strong mathematical background with excellent programming skills. Have experience of solving real world problems using ML and DS. Design and development of production-grade code and models. Commercial experience: - Designing and implementation of the SQL-database application 
6ac6b6bd-2105-5877-8e67-8bfac7e0ec86,Senior Java\Android Developer,Android,backend,0.0,junior_0_1,intermediate,3.0,android;git;java;linux;project management,5,leadership,"- Software development, software design, performance optimization, memleaks hunting - Project management, team leader - Experience in long term foreign business trips Java (3+ years), Android (2.5+ years), C++ (basic), C# (basic), OOP, Git, Maven, Ant, XML, XPath, Design Patterns, Multithreading, Linux, Intermediate English - Interesting projects - Possibility to improve technical and professional skills - Possibility to use more than one programming language in project (Java, C++, C#) - Interesting in Java EE project - Adequate management and top management on project - Able to move to anothe"
d0aa17ee-fc8e-5afa-85d8-b0324f3dc081,DevOps engineer,DevOps,machine_learning,11.0,senior_10_plus,fluent,5.0,api;aws;ci/cd;docker;gcp;git;github actions;jenkins;kubernetes;linux;machine learning;mysql;python;rest;terraform,15,,"DevOps Engineer with 12 years of experience in IT industry. Proficient with both private (VMware) and public cloud environments (AWS, GCP), automation(Python, Terraform, Terragrunt, Ansible) and containerization (Kubernetes, Docker). Looking for a Senior / Lead DevOps Engineer role in a driven and collaborative organization that strives to deliver, innovate and succeed. Senior DevOps Engineer - US-based tax compliance software (1 year) - Designed a complete AWS infrastructure which utilised both ""traditional"" and Data / ML specific services (IAM, Secrets Manager, S3, Route53, EKS, Lambda, API "
4e298ad7-ee55-5c61-a60a-96ac938b97ba,DevOps,DevOps,devops_cloud,9.0,senior_6_10,intermediate,3.0,aws;ci/cd;docker;gcp;git;jenkins;kubernetes;mongodb;mysql;postgresql;python;redis;terraform,13,,"Basically, I worked in tech support level 3, worked with programmers and automated everything, and then everyone started calling it the buzzword - ""DevOps"" ... - Huge experience with AWS and all main AWS resources (ECS, EC2, LightSail, beanstalk, CloudWatch, lambda, SNS, SQS, RDS and etc)(5 year+) - GCP - EKS, k8s - IaC - Ansible, Terraform, CloudFormation - Good knowledge and experience with virtualization KVM/OpenVZ/LXC, ESXi/vSphere - Docker, Docker-compose - Deploy, configuring, administrations - Jenkins/Puppet/GitLab/Kallithea/mercurial/svn and many other. - Writing CI/CD: GitLab, bitbuck"
9781a0d3-dd2b-5b8d-aef9-bf0e3a3bd541,QA Lead,Lead,qa_testing,11.0,senior_10_plus,fluent,5.0,qa;sql;ui/ux,3,,"Building high performance test team from scratch. Building distributed test team. Education and mentoring team members from trainee level up to strong middle and senior level. Process management Team management Hands on experience in people management. Building team from scratch - hiring, education, maintenance, etc. Experience in creating high performing test team. Education and adaptation of new team members, creating education system inside of the project according to CI principles. Deep understanding of business needs and cases, taking part in meetings with business owners in order to set "
e48dd18e-662f-5b25-b1b3-9d1d1390dee1,Senior QA Engineer,QA,mobile,4.0,mid_3_6,intermediate,3.0,android;ios;project management;qa,4,,"Summary: I have 4+ years of experience in testing Web, and 1 year in testing iOS, Android applications. Strong knowledge of technical specifications, SDLC, Software Testing Methodologies. I was working on projects ranging from electronic signature, file storage, e-commerce, and real estate. I helping with business analysis of new features to ensure best practice is implemented. Communicated with foreign customers to understand what they want to get. Basic understanding of project management. Expert communication, interpersonal, and analytical skills. Good teamwork ability. Opportunity for grow"
11443a4b-98dd-59ba-bb45-97dc873919b5,Full Stack Developer,PHP,fullstack,2.0,junior_1_3,intermediate,3.0,data analysis;javascript;laravel;php;react;typescript,6,,"Hello, I'm Mykhailo Popovych, Web Developer with 2 years of commercial experience, worked in a small startup and a unicorn with millions of users. Here is my previous experience: Deddicatted | Kilo.Health (client) | Apr 2022 - Jun 2023 Full Stack Developer Kilo.Health develops mobile wellness apps for mental health, sleep, diet, and fitness. Users can choose from a range of tailored solutions to improve their health and well-being. - Created new functionality for the web product and integrated analytics tools. - Implemented A/B tests to increase average revenue per user by 20%. - Provided tech"
52d18036-335f-5466-b194-854f14bd9856,Senior Manual QA Engineer,QA,data_analytics,5.0,mid_3_6,fluent,5.0,android;api;cypress;docker;git;ios;javascript;linux;mongodb;python;qa;redis;selenium;sql,14,,"- Worked as an independent self-managing testing unit, communicating directly with a customer. - Coordinated a team of AQA to build an automated testing framework into a project. - Helped to turn a little start up project into a corporation by providing system integration testing services. Programming Languages: Python, SQL, JS Tools and Frameworks: Pytest, Protractor, Jasmine, Chai, Mocha, Cypress, GIT, JIRA, Selenium WebDriver, Charles proxy, VirtualBox, Postman, Browserstack, JMeter, Microsoft SSMS, Docker portainer, Docker console, Redis, RDCM, Octopus Deploy, Kibana, MongoDB Compass, Robo"
3de50ef8-2f1a-5fe7-bf89-84b230394bcf,.NET developer,.NET,frontend,4.0,mid_3_6,intermediate,3.0,.net;azure;javascript;scrum;vue,5,,"3 success realesed very big fintech projects: - loan processing system; - financial exchanges aggregator; - telegram bot, facebook bot; 3 supported projects; - c# - 4 year exp. - asp.net mvc/webAPI - 4 year exp. - mssql,plsql - 4 year exp. - html,css, js,vuejs,jquery - 2 year exp. - azure functions/queue - 1 year exp. - ASP.NET core - 2 year exp. An open, friendly and fun environment; Working in a scrum team; High competitive salary; Career possibilities; Сomfortable schedule;"
3b5f93f5-dc99-5ca2-b08c-1fc889b6bf5a,System administrator,Sysadmin,design_ux,1.0,junior_1_3,intermediate,3.0,.net;javascript;linux;python;sql,5,,"Hi, my name is Andriy, and I'm a system administrator with a pretty diverse background. My official work experience as a System Administrator is 6 months, but before job offer I had, and still have, quite a few other projects. In my portfolio: designing and building a LAN in a refugee center (WiFi 6, RDP, port-forwarding, printer, etc.) Implementation an MDM in a company (100+ devices). Daily troubleshooting of Windows, Mac. Personal experience in installing and using many Linux distributions (Debian-based (Ubuntu, Kali), Arch, Fedora). Work experience with WordPress, HTML/CSS (4 months, gs.lv"
20d61061-e0d1-515c-b5d6-8e6b81d4d998,Project Manager,Project Manager,product_project,1.5,junior_1_3,fluent,5.0,agile;project management;scrum,3,,"Increased the revenue from company's big data projects by 40% within 1 year. The increase is ~ $35,000 / yr With A1 Team we have also launched the SMS & Viber campaigns automatization service that resulted in decrease of resource needed to launch a campaign and total increase in demand for this kind of activities by 28%. 3+ years of total experience in Project Management. 2+ years experience managing my own e-commerce website for US customers. 1,5+ years in IT Project Management. Sometimes I have combined BA & PM roles. Currently, I am preparing for passing the PSM I exam. Looking for agile-ba"
ea895472-8d61-5f12-b452-a6c6cf249d8a,Front-End Developer,JavaScript,frontend,4.0,mid_3_6,fluent,5.0,javascript;mongodb;node.js;product management;python;react;typescript,7,,"Vision-driven, hardworking, Self-motivated, and passionate Engineering graduate with 4+ year experience in developing Web Application interfaces, Technically Supporting Clients, and coaching young Web IT enthusiasts Very enthusiastic about developing and partnering with industries to build global technological solutions that factor in unique demands for security, accessibility and reusability. A seasoned expert in AutoCAD 2D/3D and Web Engineering using languages and frameworks such as React.js, Next.js, Node.js, Python, and MongoDB as well as scripting languages such as JavaScript and Typescr"
7d3e6eeb-fa54-5bb7-afb1-1633aaa39ae1,Project Manager,Project Manager,product_project,10.0,senior_10_plus,fluent,5.0,agile;project management,2,,Profile A cross-industries Project Manager / Consultant hybrid with 18+ years of experience. My passion for building businesses and delivering projects can only be matched with my learning appetite. My 9+ years of post-graduate studies (and counting) supports in pining down the concepts and certification to launch my innovation. My chemical / process engineering background provides a solid base for all things industrial and my passion for technology drives implementing disruption to all things digital. My widely diverse multi-cultural and ethnic heritage combined with my passion for travel and
faefe175-ea48-578a-8163-db872b85a542,QA Engineer,QA,qa_testing,0.0,junior_0_1,intermediate,3.0,api;qa,2,,"I have no work experience yet. But after the basic course, I have practical skills in functional, manual, exploratory, localizations, GUI, API testing. In compiling test documentation, such as Test plan, Checklist, Test cases, Test report, Bug report. There was also practice in Test Estimation of User Story and Review of requirements."
eb8c7e19-7eee-5eab-a036-3a98447e6a1d,UI/UX Designer,Design,design_ux,11.0,senior_10_plus,intermediate,3.0,figma;ui/ux,2,,"I have been working in digital design since 2012. The main specializations are UI / UX design and branding. I have extensive experience working with both small promotional projects and startups, as well as with large representatives of the fintech and e-commerce spheres. I take part in product development both at certain stages and in a complex way from analysis and positioning of the brand to designing the interface and issuing the final result to the development team. There is little experience in teaching and improving the skills of the team. My experience allows me to work with any modern "
a572033b-cedb-5538-877e-4dd33ab6a952,Flutter Developer,Flutter,mobile,0.0,junior_0_1,intermediate,3.0,flutter;javascript;python,3,,"Development of a mobile application specialized on job search and employees search using Dart, Flutter. Familiar with C, C++, JavaScript and Python. I have a bachelor's degree in software engineering at the Kyiv Polytechnic Institute (2021). Experience in developing a mobile application for job search using Flutter. Experience in developing a e-commerce website."
d79d4545-94b4-52d0-a045-143bedfa3894,Full Stack Web Developer,JavaScript,fullstack,6.0,senior_6_10,fluent,5.0,.net;javascript;node.js;react,4,,"Alex Web Alexandria , Egypt Alex Web is an Egyptian startup that provide web design, web development and mobile applications solutions. Developed 20֡ student and 25֡ teacher pages using React, Redux, Bootstrap, ASP.NET and Node.js from scratch 40k+ Video, Article Materials, Polls, Quizzes and Assignments. Built Real-time chatting system over 100֡ users can interact in live."
5da75efd-9097-544f-bca9-fe4424cc4bef,DevOps engineer,DevOps,devops_cloud,5.0,mid_3_6,intermediate,3.0,azure;ci/cd;docker;gcp;jenkins;kubernetes;linux;mongodb;postgresql;terraform,10,,"Experience DevOps Engineer HighWay CJSC Dec 2022 - Present (4 months) · Created and maintained CI/CD pipelines for code deployment using Octopus/Azure-Devops · Build and deployed Docker containers with Dockerfile and docker-compose · Managed the deployment Kubernetes clusters across Azure Cloud · Experienced in working with monitoring tools like Prometheus, Grafana, Opentelemetry · Created and maintained CI/CD pipelines for code deployment using Octopus · Provisioned Servers and deployed features using Terraform and Ansible · Build and deployed Docker containers with Dockerfile and docker-comp"
e9a904a9-71ec-516a-92bc-5c59569a1df6,Senior Software Engineer,Python,machine_learning,11.0,senior_10_plus,fluent,5.0,api;python,2,,"- I built a highly scalable and performant API that handles more than 2000 calls per second. - Dive deep into data processing pipelines for our data scientists that processed a few terrabytes of data per day to understand how they perform matrixes multiplications and optimized the process 180x by applying techniques from Andrew Ng course about deep learning. - In my spare time created an API client library for easier access to financial data of crypto exchanges that became the primary way company customers consume the data. I have over 10 years of experience in the backend, most of my experien"
8c88b73e-1512-5514-b89f-e665f94d6c45,Manual QA Engineer,QA,data_analytics,0.0,junior_0_1,intermediate,3.0,mysql;qa,2,gaming,"Basic knowledge of HTML, CSS, C++; English: intermediate level (writing and speaking skills); Finished “Software testing” course by SKILLUP. Experience in testing of WEB applications; Experience in writing QA documentation: сhecklists, test cases, bug reports; Experience in using bag-tracking systems (Jira); Experience in working with database (MySQL). GameDev offer - 100% match"
b228b9a1-6fd8-5e62-b273-ed7b9bcf9c5b,Back-End Developer,Node.js,backend,11.0,senior_10_plus,fluent,5.0,.net;android;api;aws;azure;javascript;node.js;rest;sql;typescript,10,leadership,"- Successfully built the end to end solution for an IPTV streaming app. Built the back-end on AWS. - Developed an e-pin sales web application) from scratch in just 24 days and established the business-model. Generated steadily increasing revenue, made profi t and successfully exited the business. - Developed a company-wide file/process management web application which became a total success and improved efficieny in almost all departments and cut the costs. I worked as both the project leader and the main developer. Web engineer with over 15 years of experience. - Worked as a senior backend en"
