id,position,primary_keyword,role_family,experience_years,experience_bucket,english_level,english_score,skills,skill_count,interest_tags,cv_excerpt
0d138415-50d2-5450-bf3f-1f04d20799c4,"Art director, Web UI designer, Branding designer, Graphic designer, Illustrator",Design,design_ux,11.0,senior_10_plus,intermediate,3.0,figma;ui/ux,2,remote,"More than 300 successful projects done for 10+ years of work for clients in Ukraine, Europe, USA and Asia, as a freelancer or as a team member as well. Among clients: Samsung, Total, British Council, FAW, Xpower, Anagog, Yogo, Sigurd Vedal, Turkish Airlines, Macallan, AIG Lincoln, Ukrainian Greek Catholic Church, IDS Borjomi, National Technical University of Ukraine, Nanan, Aika, Gorenje, Ralot, 1C Bitrix, Vogster Entertainment, Vitesse, Yuterra etc. 10+ years of remote full-time, part-time, freelance and office work in Art-Direction and Web UI/UX (+responsive), Product and App Design, Brandin"
3add7b7e-304c-5d82-9b17-a7715813d363,Front-end engineer,JavaScript,frontend,5.0,mid_3_6,intermediate,3.0,javascript;react;react native;vue,4,,"I am a Front End Engineer. I am currently employed as Front End Engineer. The most experience I have with Vue JS, Vuex. A little less with React, Redux, React Native. I am also gaining experience with Stencil JS and Ionic. English level - Intermediate. I have Experience working with teams from different countries. Constantly trying to improve my technology skills. Also working on improving my English level on Cambly service with foreign tutors. I look forward to discussing my qualifications in more detail. I am looking for an opportunity to channel my skills into working with some of the most "
7062abfe-f109-548a-a12e-438bf0a38d14,Project Manager,Project Manager,product_project,3.0,mid_3_6,fluent,5.0,agile;project management;scrum,3,,"Professional and ambitious IT Project Manager with successful background in international business and project execution. Possess excellent organizational, communication and negotiation skills and the ability to develop and maintain mutually beneficial internal and external relationships. More than 9 years of management experience. IT PM Responsibilities: - Project assessment, planning and roadmap creation; - Development, release and further support of IT projects based Magento 1, 2 versions, Phalcon Framework, Zend; - Team work management, control and evaluation of the effective team performa"
4abe22f0-a3ec-564b-93e2-a33813ebdd7a,Oracle DBA,SQL,data_analytics,3.0,mid_3_6,fluent,5.0,linux;sql,2,,"Linux, SQL, Unix shell (BASH), BAT, Oracle RDBMS 10.2/11.2, VirtualBox, TCP/IP, Windows, MS Office My future working place is has to be related to Oracle products and services with the Oracle RDBS in the center. I have never ever worked as a developer but i'd like to gain experience in that field. So i'd willingly consider all job proposals matching my desire to stay with Oracle and move forward."
d4cbd86d-3ac2-5024-b0ba-ca9eb8f0b229,DevOps,DevOps,devops_cloud,1.0,junior_1_3,intermediate,3.0,aws;docker;jenkins;python;terraform,5,,"Cyber security vCISO intern Work with Cloud , python , bash , MDMs, compliances, Networks, Pentest tools. Education project on Epam It was my own custom python project (Andromeda - Service for information security ) Technology(tools) on the project: Jenkins, Terraform, AWS, Docker Compose, LAMP stack, Python jango. On my crypto team I was responsible for all stages of IT development. the infrastructure was create by terraform on AWS, python scripts configured instances and deploy services"
91610a9c-9c9f-5f3b-95ea-67c80a65196b,Разработчик C++,C++,machine_learning,1.5,junior_1_3,intermediate,3.0,git;java;linux;machine learning;python;sql,6,,"C++, Qt, STL, SQL, Python, Java, OOP, Design Patterns, concurrency, distributed computing, Algorithms & Data structures, good math background, machine learning fundamentals, cryptography fundamentals, SVN/Git, Linux"
b98a4ecf-dc8d-50a7-9b48-073968e6a49c,QA Engineer,QA,qa_testing,0.5,junior_0_1,fluent,5.0,api;python;qa;scrum,4,,"QA Engineer, Prestashop test project, December 2023 - February 2023 Project Description: Internet store Conducting Manual Testing of Web Applications (Functional, Usability, Localization, Cross-browser); Creating testing documentation (Checklists, Test Cases, Bug Reports); Creating API tests using Postman, Python(requests, pytest) Participating in Team Meetings (Scrum team) Tools: TestRail, Postman, Python, Requests, Pytest QA Engineer, Training project, February 2023- April 2023 Project Description: Medical center Manual Testing of Web Applications; Writing appropriate test documentation (Тes"
c2d02cab-a32f-54fd-8f0a-4daf81d200d4,IT recruiter,Recruiter,fullstack,10.0,senior_10_plus,intermediate,3.0,.net;android;angular;ios;java;javascript;node.js;php;product management;qa;ui/ux,11,leadership,"I have experience leading junior IT Recruiter. I'm able to find a candidate in a very short term. Closed vacancies: - Solution Architect -System/Business Analyst -Project/Product Manager - Team Lead - Developer (Front, Back, FullStack/JS, Java, C# etc) - QA Engineer -UI/UX Designer -other Organizing of full cycle recruiting process - Recruiting IT specialists - Software developers (Javascript (Angular JS, Node JS), ASP.Net, C#, .Net, PHP, IOS, Android.), Quality Assurance specialists UI/UX designers etc. Daily communication with potential candidates, selection of candidates for further intervi"
d9443d7e-d854-55cd-8cf9-b47a3b6be8d5,UI/UX Designer,Design,mobile,2.5,junior_1_3,fluent,5.0,android;ios;ui/ux,3,leadership;research,"Creation of multiple products from scratch, one of them is currently working. Product added good value to the portfolio of company's existing products. Conducted lecture for the design team inside the company: Difference between Android & iOS guidelines, implementation of material design in iOS environment. Currently creating a process for the new design team to continue product development. Allocation of obligations, creation of regular meetings and methodologies for design review process. Development of the design system and creation of guidelines for its usage Experience of working with exi"
0383da23-a018-548d-91c1-ce542b45c0c7,Senior .Net Developer,.NET,backend,5.0,mid_3_6,intermediate,3.0,.net;microservices,2,,"Self-directed, detail-oriented, and professional C# programmer with more than 5 years of commercial experience in designing, developing, analyzing, and implementing client-server, web, applications using C# language. Has experience in Microservices Architecture, DDD"
35a5f606-4876-5e74-9f65-d4027b842bda,QA engineer,QA,qa_testing,2.0,junior_1_3,intermediate,3.0,ios;qa,2,,"1. Engaged in all testing phases of systems development life cycle (SDLC), creating test cases and planning project goals. 2. Creation acceptance tests for the application development process. 3. Manual testing of new features, regression testing of all implemented features. 4. Quality assurance of project goals and aims. 5. Cross-platform testing of a product. 6. Reporting bug issues. 7. Performing UI testing of different products. 8. Engaged in different types of data-based analysis. 9. Performing technical writing activities. 10. Applying test design techniques (Equivalence Partitioning, Bo"
6ed94aaf-d0f4-5c50-bf62-af3006ae903a,Java Software Engineer,Java,frontend,1.5,junior_1_3,intermediate,3.0,git;java;postgresql;react,4,,"I worked on several projects such as CRM and online shopping. On CRM system, i was responsible for creating CRUD and writing native Query for PostgreSQL. For this, i used JDBC, GIT, Maven on backend side. On online shopping, i worked on connect backend and frontend sides and integrate datas from postgres to frontend. I used HTML, React-redux and Queries on database side."
8a676663-678c-5250-bf71-b9be0ac00031,Manual QA Engineer,QA,mobile,2.0,junior_1_3,intermediate,3.0,android;api;qa,3,,"Participated in the project for the development of a VR attraction in the shopping center ""Nikolsky"" in Kharkov with the successful completion of the project for the opening of the shopping center. I worked in a company that develops lasertag hardware and software. I tested both the hardware part of the product and mobile application for setting up game scenarios. I also tested the mobile application of personal player statistics and tested the VR Lasertag project, which is a full-fledged simulator of playing laser tag in virtual reality with various PVP and PVE modes. Also, I have experience "
10319d23-5e5a-571e-84e1-158457d2f20e,Data Scientist,Data Science,machine_learning,4.0,mid_3_6,fluent,5.0,api;computer vision;machine learning;nlp;project management,5,,"ML/AI Engineer, 07/2020 to Current Softesis I had the opportunity to work extensively on AI tools for test automation, honing my skills in this specialized area. I developed and implemented production-level ML, NLP, and Computer Vision products, contributing to the advancement of automated testing processes. This involved leveraging cutting-edge technologies and algorithms to achieve efficient and accurate results. One of the key aspects of my work involved data extraction, cleaning, analysis, and presentation of large datasets. I utilized my expertise in data mining techniques to uncover valu"
e5693019-3fc6-5cb3-9f13-7c16e68da19c,Junior Project Manager,Project Manager,product_project,0.0,junior_0_1,fluent,5.0,product management;project management,2,,"Coursera specialization courses: - Introduction to Project Management Principles and Practices Specialization, University of California, Irvine (2020) -Software Product Management Specialization, University of Alberta AgileEngine/ Transvoyant, Data Quality Analyst (Kyiv) (May 2018 - Present) - Reporting on data accuracy and quality, both internal and external customers - Mentoring junior team members - Using Jira and Confluence for documentation and creation/tracking of tickets - Primary data validation of new customers' data, using databases for data quality analysis - Communicating updates a"
f2025a33-0c16-5f88-8acd-7c0b03645879,Java/C++ Backend Software Engineer,Java,backend,3.0,mid_3_6,fluent,5.0,java;jenkins;python;scrum,4,,"At Nokia I received an award for boosting employee morale and productivity. There many smaller accomplishments, see work experience. Nokia. Developed and refactored C++ applications for the integration testing system. Developed features (Python) enabling semi-automatic bug report handling for the product owners of the department. As a process facilitator (Scrum master), built a team and work-process for a new project (including work-process events like daily sync-ups, planning and retro sessions). For this I received an award. Facilitated meetings chairing and risk monitoring. JetBrains Resear"
c5fe1103-5420-5085-a2a2-0357e6ff58c1,junior Full Stack Web Developer,Ruby,fullstack,0.0,junior_0_1,intermediate,3.0,javascript;react;ruby,3,,Self-study Ruby on Rails with a mentor // 12.2020 - 08.2021 Courses beetroot academy: - Front-End // 09.2019 - 02.2020 - Advanced JavaScript (React/Redux React) // 02.2020 - 04.2020 I am looking for a vacancy with the possibility of combining with the main job at the initial stage
bb9161d3-5b5b-501b-8072-f1655c792570,Senior Software Engineer,Java,devops_cloud,11.0,senior_10_plus,fluent,5.0,aws;elasticsearch;java;python;spring,5,,"Designing and early level development for a custom python-like programming language for customer-defined operations for ""unsafe"" environment. Template cookie cutter for company ""simple"" AWS-driven ETL processes Creating and refactoring spark-based real-time mechanism for price computation, real-time high-load metric processing tool, aws dynamic EMR cluster management tool with auto scaling, elasticsearch real-time system plugin. I am a software engineer with ~10 year experience in enterprise with deep knowledge in object-oriented programming, JVM languages (+Spring), Python, high-load data pro"
06f30731-246e-5bd3-bb83-d0dfa1cb4f2b,QA Engineer,QA,data_analytics,2.5,junior_1_3,intermediate,3.0,agile;api;figma;python;qa;selenium;sql,7,,"Courses (training center ""QALight""): - Software testing (50 hours); - Practical SQL (32 hours); - Unix courses + Networking (30 hours); - Performance testing (6 hours); - Web Servers and Web Services Course (6 hours). Self-education: - HTML/CSS (Sololearn); - Test automation with Selenium and Python (stepik.org, in progress). After completing the preparatory courses (QALight), I worked as a manual QA engineer in two product companies: - ""Madgicx"" (Dec. 2021 - Oct. 2022) - online advertising company - ""BillLine"" (Jan. 2021 - Sep. 2021) - payment service provider Gained experience: - software de"
d55f43ef-409c-5bae-abec-8bbf5c92f90d,Product Designer,Design,design_ux,11.0,senior_10_plus,fluent,5.0,data analysis;ui/ux,2,,"More than 20 successful huge projects developed, plenty of them were fin.tech. One has risen $15M from Adressen & Horowitz 6 years ago, another did a $5M pre-seed round last autumn. Created several huge projects from scratch. Building teams and processes inside marketing and product teams. 2014 Young Lions semi finalist Innovative designer with 10+ years of experience is looking for product company to solve complex problems. Able to deeply understand business' and stakeholders' needs and constraints they operate under to deliver solutions that will be consistent with those needs. Work through "
c49e88a9-37dc-517d-9741-68877ba2be53,Scrum Master,Scrum Master,product_project,6.0,senior_6_10,fluent,5.0,figma;microservices;product management;project management;scrum,5,,"I heavily contributed to building from scratch a new Value Stream in the company I worked for (NDA). After two years of hard work, our products became well-recognised by the top companies on the market and demand for them grew exponentially. Engineers that never worked with each other, became very strong, mature, effective and self-organized teams that turned ideas into tangible outcomes quickly and with high quality. Certifications Professional Scrum Master™ I (PSM I) (April 2022) Professional Scrum Master™ II (PSM II) (August 2022) Recent project example: Banking Platform. A SaaS platform fo"
ef30012f-d22a-51e5-a24d-bb208f28c178,Project Manager,Project Manager,qa_testing,7.0,senior_6_10,fluent,5.0,project management;qa,2,,"Management of various projects (American, Asian, European clients - Global 500 ranking companies); business correspondence; conference calls; online meetings, webinars; linguistic team coordination; tasks evaluation, scheduling, assignment, registration, documenting, tracking; results assessment, correction processes; QA; testing - Adobe Acrobat, Illustrator, InDesign (software builds, emulation packages, screenshots); bug logging/fixing. Over 6 years of experience as a Project Manager (Translation & localization company, Kharkov, 2008-Present) Key Skills • Project management • Business corres"
9f483db5-12d7-5464-be33-e31d9ea6c57d,Backend Developer,PHP,backend,7.0,senior_6_10,intermediate,3.0,git;java;javascript;linux;mysql;node.js;php;rest;spring,9,,"Reduced server response time to 30ms, optimized and reduced db size in half. Working and developing RESTful services for last several years PHP, Symfony2 | Javascript, jQuery, KnockoutJS, QUnit, Jasmine | NodeJS, GruntJS, Express, Async | Java, Spring, Smartfox2, MyBatis, ActiveMQ, Protobuf, HBase| Gearman, ActiveMQ | MySQL, master-master replication | Git, Subversion | Linux, CentOS, RHEL best if project is related with offline business or hardware"
8e5535bb-8a6a-51b9-b304-a0831aeecb17,DevOps,DevOps,devops_cloud,9.0,senior_6_10,intermediate,3.0,aws;azure,2,,"• Wide experience in design and installation of local area networks and wireless networks, configuring different client and operator level equipment (Ubiquiti, MikroTik, D-Link, TP-Link, Cisco); • Experience in building corporate networks on Mikrotik equipment, D-Link L2 / L3, Ubiquiti, TPLink; • Providing external / internal security and NAT rules and restrictions with Firewall; Excellent guided in network protocols VLan, OSPF, VPN (PPPoE, PPtP), EOIP; Professional knowledge in operating Microsoft Windows / Mikrotik RouterOS systems; Experience in setting server roles: DHCP, DNS, VPN, RDP; • "
e85a9a56-5436-54c4-92de-575a348d0cd0,Content manager/Project Manager,Other,design_ux,9.0,senior_6_10,fluent,5.0,project management;ui/ux,2,leadership,"Nowadays, everything that surrounds us is moving to the Internet. Everything that you see on the webpage is my specialization. For seven years of experience as a content manager, I see the minor mistakes in the text, gaps in the size of the pictures, UI/UX issues, and bugs in the code. I worked with a team of managers and designers who, under my leadership, worked with the content to develop confident projects. Content Manager SEOBROTHERS 08/2020 - 01/2022, Full-cycle SEO and content marketing agency Achievements/Tasks Working with content Adding, editing content on the site Working in a team "
a97ac400-2055-5d89-a8aa-8684f345eb9b,Middle Data Analyst,Data Analyst,machine_learning,11.0,senior_10_plus,intermediate,3.0,machine learning;nlp;python;sql,4,,"With a career spanning 10 years in the data sector, I have worked for numerous companies within Azerbaijan. I bring to the table my advanced skills in Excel, SQL, and Python. In one of my notable roles at an insurance company, I developed a strong ability to create detailed reports using Excel and SQL. This experience gave me the opportunity to use data effectively and improve company performance. Additionally, lately I was involved in the ""Mirza"" NLP research project where my responsibilities included collection, cleaning, and preprocessing of textual data for the Machine Learning models, mai"
d1eaa6ba-cbe5-5a6e-b8be-0b48a43fdb2c,Front-End Developer,JavaScript,frontend,2.0,junior_1_3,fluent,5.0,javascript;qa;react,3,,"I worked as a FE dev for two companies, one of them was e-commerce Finnish project (www.bauhaus.fi, www.bauhaus.ee), another one a Ukrainian company delivering crypto-currency solutions (CPAY, CoinpriceList,YomiFinance). I've mainly used React/Next.js and its infrastructure, actively collaborated with designers, BE engineers, SEO-specialists, QA. Currently working as a part-time FE for Calaton Systems. Looking for a new full-time role to become a better version of myself speaking professionally ))"
60fea5ca-4979-5166-bb3c-63c387a0b378,Business Analyst,Business Analyst,data_analytics,2.0,junior_1_3,intermediate,3.0,api;rest;sql,3,,Designed the requirements specification for the third-party API integration to reduce the cost of orders. Initiated and drove the development of the automatic role- and workload-based task assignments for the insurance department. Launched a trigger-based message sending service with complex business conditions. Supported the development of a chat-bot implementation for client assistance. Coordinated changes in the web interface ERP-system module for the service process automation. Transformed the reports used to evaluate employee performance to get the necessary metrics more clearly. Business
1fa679fd-e557-577b-9c23-e71468cafba1,Full Stack Developer,PHP,fullstack,7.0,senior_6_10,intermediate,3.0,angular;java;javascript;laravel;mongodb;mysql;node.js;php;react;scrum;spring;sql,12,,"Full stack software developer with more than 7 years of experience in web technologies, micro services, front end and database management applied to the banking sector, e-learning, document management and business. SKILLS Web design: HTML5, CSS3, Bootstrap, Wordpress & Joomla. Software development: PHP( Laravel, Lumen, Codeigniter, Slim) Javascript (Angular, Jquery, Ajax, AngularJS, ReactJs) NodeJs (Sails Js, Express Js) C# (Entity Framework) Java (Spring, Hibernate) Database: Mysql, SQL Server, Oracle, Mongodb. Methodologies: Scrum LANGUAGES English: Good knowledge German: Good knowledge Span"
5aa1cede-5a4b-59d1-9212-fdf89b17bbff,Flutter Developer,Flutter,mobile,2.0,junior_1_3,intermediate,3.0,api;flutter;rest,3,,"MY IT-SKILLS: - Strong knowledge of Dart language, - Strong knowledge of Flutter - Knowledge of data structures, - Knowledge of asynchronous principles, - Knowledge of Stream API, - Knowledge of SOLID, design patterns, - Knowledge of Clean architecture principles. - Experience Firebase, REST and WebSocket clients, SQLite, noSQL (Hive), states management (BLoC and Provider). - Good knowledge of Flutter SDK, deep understanding of Widgets Trees, custom animations. - Intermediate English level"
5342417e-c6e3-54d6-9129-16e6638210c7,Senior Python Engineer,Python,devops_cloud,11.0,senior_10_plus,fluent,5.0,microservices;project management;python,3,,"15 years in IT on different positions (test engineer, test team lead, project manager, Software Development Engineer in test) 8 years using Python Interested in big data and cloud technologies, microservices Not interested in just testing"
c80506b5-fb7b-5d11-97ba-6541578292b0,Junior QA Engineer,QA,mobile,0.5,junior_0_1,intermediate,3.0,api;qa,2,,"I got experience on BitTech (Betamedia) project. Duration: December 2020 - present BitTech, long-term partner from Israeli hi-tech domain, designs and delivers multi-technology software systems for financial services industry as advanced and innovative B2B Forex solutions. My responsibilities were Functional testing, Web, mobile and CRM testing, regression and sanity testing, writing TC, requirements analysis, API testing, Localized testing, Performance testing, monitor reported issues, and verify when they are resolved. I used tools, such as Tools, IDE: CRM, Postman, JMeter, Jira, Confluence,"
779a1d4d-9243-5cbf-8ceb-dd14e24b2028,Product Manager Project Manager,Product Manager,product_project,11.0,senior_10_plus,fluent,5.0,product management;project management;scrum,3,,"3+ years of management experience; 10+ years IT industry experience; 3 successful projects for top companies; Management several teams of 4-7 engineers; Experience in communication with foreign customers and teams (Germany, Korea, India) Self-starter Product/Project manager with more than 10 years in IT. For that period I gained experience in development, project management, Digital Marketing. I'm seeking for a job in challenging work environment where I can utilize my gained expertise and skills efficiently. Coordinating project: Risk management, maintaine process, team forming. Tools: JIRA, "
ed474391-09ee-576d-ba22-1268be6c6dba,UI/UX Designer,Design,design_ux,6.0,senior_6_10,intermediate,3.0,blockchain;figma;ui/ux,3,,"I have experience in conducting competitor analysis. Brainstorming for new features ideas, based on competitor research, with designers in the team. Conducting user testing to find out usability of current functionality. Creating a design system, adding new elements, and adjusting the current. Collaborating with designers to find ways of design system’s improve. Domains where I have gained experience: HealthCare, Transportation/Logistic, Education, Construction, Blockchain, eCommerce As a designer, I want to grow in the direction of UX, cause I love to recognize user's true emotions while they"
3248ada6-8b83-5af9-b2d5-0505b26ad0db,Junior QA Engineer,QA,data_analytics,0.0,junior_0_1,intermediate,3.0,api;postgresql;qa;rest;sql,5,,"2 working MuleSoft projects: - actual prices for spare parts; - IP info bot. System Integration Internship in SoftServe. Tasks: - creating MuleSoft projects; - REST API; - creating and performing MUnit tests; - working with My SQL Server and PostgreSQL; - working with Postman, Advanced REST Client by MuleSoft, Swagger."
2cef3dac-5804-5003-a36c-e8ec64dacdb4,Software Product Manager,Product Manager,machine_learning,5.0,mid_3_6,fluent,5.0,machine learning;product management,2,,"- Greatly improved efficiency of sales process by introducing new product for machine learning technologies and HMI concepts visualization. - Increased DAU rate by over 90%. - Managed product development and pre-sale activities within German & North American business units. - Introduced a good standard benchmark on execution and delivery quality on a company level. Product Owner Maxitech // 02/2020 - 12/2020, Achievements/Tasks: - Remarkably improved release management standards and efficiency of achieving the sprint goals. - Introduced product road mapping techniques on a company level. - Lea"
576771cd-94f6-5a12-81b8-798165216c0f,"Full Stack Developer, Oracle PL/SQL",Python,fullstack,8.0,senior_6_10,intermediate,3.0,angular;api;aws;azure;django;flask;javascript;mongodb;node.js;postgresql;python;react;react native;rest;sql;typescript,16,,"My preferences in technologies for the future project: Front end: React.js./ React Native or Angular10+ Back End: Python / Node JS, Databases: Oracle / MSSQL / DynamoDB / MongoDB My work preferences and strengths : 1) I have deep knowledge of Oracle Database and PL/SQL programming. 2) I have deep knowledge of JavaScript. 3) I have deep knowledge of Python. 4) I have deep knowledge of React.js/React Native and Angular 2+ 5) I enjoy making high-quality UI with ReactJS or Angular2+ 6) I like working with cloud technologies such as Amazon or Azure. 7) I like developing REST API Web applications on"
c6563b4e-ed82-5ec2-83f3-769935cf511b,React Developer,JavaScript,frontend,0.5,junior_0_1,intermediate,3.0,git;javascript;react,3,,"Developed several web applications (for myself). One of them is a pizza ordering site, as well as a sneaker site, a movie site, and a Marvel comics site (you can view all of this on my github). He also developed an online store with hiking equipment. I have actively worked on several pet projects, which have allowed me to refine my skills in Front-end development. Additionally, I have had the opportunity to work on the Front-end part of client websites on a freelance basis, gaining valuable experience in dealing with real clients and project requirements."
bbc04570-5e0c-594b-a285-8b522cf0179d,Trainee/Junior Java developer,Java,backend,0.0,junior_0_1,intermediate,3.0,git;java;mysql;postgresql;spring,5,,"In programming courses, they performed various tasks on various topics. All examples of problem solving are available at github.com With great interest I solve problems on codewars.com. Currently reached level 6kyu Java programming course. Knowledge and understanding of OOP and SOLID principles. Experience with Github. Basic knowledge of working with MySQL and PostgreSQL databases, including using JDBC and JPA technology. Basic knowledge and some experience with Maven, Spring and Spring Boot. I want to become a highly qualified Java programmer, develop my skills and knowledge in programming."
cd1715bb-1f95-5cf9-867b-c6535cddb64c,"E-learning manager (English language), language trainer, translator (gambling, betting)",Other,qa_testing,11.0,senior_10_plus,fluent,5.0,qa;scrum,2,,"I am committed English trainer with big educational experience (10 + years in various IT companies). I have conducted corporate English classes, Business English classes, TOEFL preparation to the Developers, QA specialists, Scrum masters, Top managers. I have translated documents, sites and promo materials for various departments(marketing, product, HR, legal). I have been a language team lead(HR department branch) for the last 5 years, managed teachers of English and everything language-related(translation and interpretation wise). Worked both offline and online using Google classroom, Google"
e63f13b0-56ff-5b7e-a44f-4e9591b2f1e0,Senior/Lead Software Engineer,Java,devops_cloud,7.0,senior_6_10,fluent,5.0,gcp;java,2,,"I've given a few public talks, including a speech at a DDD-related conference in Amsterdam in 2020. I have vast experience with Domain-Driven design, software modelling, and architecture in general. My main big project was a Java DDD framework. Within the scope of that project, my team and I implemented several cloud-based products. My role was integrating with several 3d-party systems, including Google Cloud Platform and Apache Kafka and overseeing project infrastructure with tools such as Protobuf, Gradle and several CI solutions. My responsibilities also included conducting code reviews for"
1a9487a6-3f91-59ce-8245-87e68890a3e8,Junior PHP Developer(Codeigniter),PHP,backend,0.5,junior_0_1,fluent,5.0,git;javascript;mysql;php;sql,5,,"To be a good developer n be helpful for Company where i m working Knowledge-PHP, OOP, MVC, HTML, SQL, MySQl, WordPress, JavaScript, JQuery, CSS, ,Ajax. Framework-Codeigniter, Bootstrap. Version Controle System Git, i have great wish to work with good team."
760399be-0a50-5af2-999a-c74e10e6e7a4,Senior iOS Developer,iOS,mobile,5.0,mid_3_6,intermediate,3.0,api;git;ios;rest;swift,5,,"I'm a software engineer with over 5 years of experience in the software industry. I have worked with customers from the Netherlands, the USA, Germany, and others. I've participated in developing web applications in the international teams. Swift, Xcode, Git, REST API, CocoaPods, Autolayout, MVC, Multithreading, SOLID, JSON, Objective-C, CoreData, MVVM, Firebase, Jira, Alamofire, Design Patterns, Push Notifications, SwiftLint, Realm"
78942893-349a-5b1b-b3ae-b4c497386775,Product manager,Product Manager,product_project,3.0,mid_3_6,fluent,5.0,agile;product management,2,leadership,"1) Could help 100+ leukemia diseased kids via Cancel Cancer University project. Got first place as project of the year for it. 2) Could get high renewal rate during my presence at PASHA Insurance. I was fully responsible for all decisions & strategy organization for it. 3) Doubled my partner's sales at Azercell since July 2021. Completed my annual KPI's in October. 4) Got 2000+ users register for my business project: blazegaming, with small SM budget (~2000$). 5) Could get Digerati monthly Product Line from 1 product/month up to 20+ products/months in couple months. 6) re-organized Product Por"
98eaa22a-e3b0-5bdf-8740-9e110c73a308,Head of Product,Product Manager,machine_learning,7.0,senior_6_10,fluent,5.0,machine learning;product management;python;sql,4,,"Knowledge of financial modeling/valuation and common programming tools (MS Excel, R, Python, Bloomberg; pro knowledge of SQL, VBA, C++). Relevant coursework: Corporate Finance, Investment Analysis, Asset Pricing, Derivatives, Fixed Income, Advanced Macroeconomics, Advanced Econometrics (incl. Time Series and Financial Econometrics), Theory of Probability and Statistics, Stochastic Calculus, Big Data & Machine Learning in Python, Numerical Methods for Finance Using R. GPA: 7.11 / 10. 7+ years experience in finance and investment product management and global capital markets."
5345277a-3402-5fa3-8e76-08fb08f3cb68,UX/UI Designer,Design,design_ux,0.5,junior_0_1,intermediate,3.0,figma;ui/ux,2,,"I am a result-oriented UI/UX designer and i have 8 month experience. I am dedicated to delivering top-notch designs that meet both user and business needs. I have a keen eye for detail and a strong ability to communicate effectively with stakeholders, making me a valuable asset to any design team. I am passionate about UX/UI design and i would like to fully dedicate myself to this field. I am excited to continue growing my career in the field of UI/UX design and can't wait to contribute my skills to a team and make a meaningful impact. HARD SKILLS: User interface User experience Interaction de"
f2e31d3f-a431-525e-a6a4-aada5373b6dc,Junior c++ Developer,C++,data_analytics,0.0,junior_0_1,intermediate,3.0,api;linux;python,3,gaming;remote,"Have the pet project of the game engine for Vulkan API learning. The current realized features are the rendering of a game world of multiple objects with different meshes and textures, which can be created, deleted or transformed dynamically using a python script. Key skills: C, C++ (with 11/14/17 standards features, STL), Python, Qt, Linux Currently learning Vulkan API. Have experience with Assembler (MASM, TASM), JNI, SQLite, Boost library, networking development (boost::asio), WinAPI, cross-platform development (Win/MSVC, Linux/Qt Creator), Unix (POSIX) development, writing software rasteri"
394ab308-64a6-513b-8dc4-6cf6c8cb9182,SalesForce Admin/Consultant,Salesforce,qa_testing,1.0,junior_1_3,fluent,5.0,android;api;ci/cd;docker;git;ios;java;jenkins;linux;python;qa;rest;selenium;sql,14,,"Improved Salesforce configuration. Implemented Quality Assurance process from the scratch. Also I succeeded to improve Customer Success Management in the Company on a higher level. Later on I was delegated a responsibility of a Customer I helped to my Company to hire 3 new team mates that are very successful now. Good experience in communication with the clients from different countries and regions. Hi there, I'm Salesforce admin with 1 year of experience and 6+ years of IT experience as QA engineer. I also have passed SalesForce Associate exam and preparing for SalesForce Admin certification."
5960ea10-cdb8-5d1c-9d13-863b9aaa3ba3,Frontend/Fullstack developer,JavaScript,fullstack,0.5,junior_0_1,intermediate,3.0,api;javascript;php;react;react native,5,,"I'm had create bash/php scripts, such as parsers, scripts for billing, L2/L3 hardware management scripts and other usefull stuff, for local ISP. Scripts has been integrated with couterparty API(payment systems, bank, etc). Also I had created official site of that ISP and media-catalog too as a part of team. Currently the websites and ISP is shutdown for well-known saddly reason. Have expirience with vanilla JS and React. I had worked a little with React Native in my pet projects. Outstaff developer at local ISP. Freelance. I am expecting for an interesting tasks which take me opportunity for m"
3338fbd7-20d9-5d97-840f-936d909046e0,Frontend Developer,JavaScript,frontend,0.0,junior_0_1,intermediate,3.0,figma;javascript,2,,"I have no commercial experience, but you can take a look at my pet projects: - Travel company : this is my first pet project, it was created on the basis of a layout from Figma, I used BEM technology for a high-quality site structure, as well as CSS pseudo-classes and pseudo-elements"
0c062883-e286-5be8-a699-a01962178273,QA Lead,QA,qa_testing,2.0,junior_1_3,intermediate,3.0,agile;git;qa;scrum;sql,5,,"Highly motivated person. Knowledge of industry QA methodologies and the Software Development Life Cycle (SDLC) Have a capability to work in stressful environment. Aspire to master the skills of software testing. Theoretical knowledge in QA/QC: — SDLC, models and methodologies of SDLC (Waterfall, V-model, Scrum/Agile); — bug`s life cycle; — roles and activities in project team; — test case design and maintenance; — testing techniques: equivalence partitioning, boundary values, positive/negative tests, errors guessing, — testing types (functional, non – functional, security, localization, compat"
40919599-8a7b-5503-a38e-747f74a6ae49,Project Manager,Project Manager,product_project,7.0,senior_6_10,intermediate,3.0,project management;scrum,2,,"Management of two different teams, solving of all difficult questions Project manager (apr.2015 - present) - Opened two different offices from scratch (found the buildings, hired employees, organised all processes). - Experience in dealing with two teams - 9 and 9 people. - Daily management and control of all aspects. - Working with documentation. - Working with customers and deadlines. - Solving of conflict situations. Project manager (jun. 2014 - apr. 2015) - Experience in maintaining project documentation: from the start of the project to its finish - Working with team deadlines - Experienc"
f2a6efc3-81a1-5280-8e48-c18e01a89d0d,Junior Front-end Developer (React),JavaScript,frontend,1.5,junior_1_3,intermediate,3.0,.net;javascript;react,3,startup,"Brought the front-end part of the startup written on a non-profile stack (.Net) to sale on the market Worked on creating a platform for collecting statistics from TikTok (DataTikTok).Technical stack: .Net, JS, Bootstrap5. Was the only front-end developer in the team. Also worked as a freelancer at the same time, creating landing pages for gambling companies. Technical stack: React or HTML/CSS/JS All the time I was on my own and there was no one to take experience and best practices of development, code architecture, etc. from. Therefore, I want to become a part of the team and rather develop i"
e270dbbc-ec73-5315-ad81-ad58ae897560,Software Architect / Technical Lead,Lead,machine_learning,11.0,senior_10_plus,fluent,5.0,api;machine learning,2,,"Software engineer with more than 10 years of extensive experience working in various roles, including: developer, team lead, competency manager, solution architect. Solid professional background in various technical areas such as: - System architecture design, documentation and analysis - Distributed systems supporting data and traffic load at scale - 3rd party and partner system integrations - Data architecture and automation, warehousing and analytical solutions - Content recommendation systems - ML operations and infrastructure - Support and tech leadership at pre-sales and discovery phases"
95ff400a-a38c-5c7e-869f-7ee8711ed9df,C++ Developer,C++,devops_cloud,4.0,mid_3_6,intermediate,3.0,.net;api;ci/cd;docker;git;jenkins;postgresql,7,,"April 2018 - May 2019, «Aerovortex» (Part time) Description: The company is engaged in the development of aircraft simulators. Responsibility: Development of the visual part of the software for calculating the dynamics of the movement of aircraft. Communication with Fortran mathematical library for building 2D graphs using qwt, building vector fields and air flow visualization tool using OpenGl. Bug fixing. Technologies: C++, Qt Framework, OpenGl August 2019 - July 2020, «Digital cloud technology». Description: The company develops software for the Microsoft Store. Responsibility: Development "
4b65017c-65d2-5afb-a709-95a3c95242d1,Junior Java Developer,Java,backend,1.0,junior_1_3,intermediate,3.0,java;spring,2,,"Java Developer in ""SoftServe"" company (since 12/2022 - Present) Java Courses in ""GeeksForLess"" company (4 months) Udemy course ""Spring for Beginers"" (40 hours). Requirements analysis and clarification; Development Backend (Java) Estimation tasks; Code development and bug fixing; Unit testing (JUnit). 6-10 team members Creating pet-project"
547077a3-3697-5235-89c5-9dd308cdbf7a,UI/UX Designer,Design,design_ux,11.0,senior_10_plus,intermediate,3.0,figma;project management;ui/ux,3,,"Certificates: Google UX Design Google Project Management Google Digital marketing and e-commerce I started my design career in e-commerce. This one gave me an exceptional experience at the start of my career. Then for a long time I worked independently on very different and creative freelance projects. After a few years, I realized that nothing is impossible for me. For a while I worked on product design with great guys. During this time, I realized the benefits of working in a large team. With them, we did a lot of cool things and achieved great goals that. I try to make every my work full of"
42e8e874-e7d8-50d9-a5e0-3b6095e1f507,"Full-Stack Developer, Front-end Developer",JavaScript,fullstack,7.0,senior_6_10,fluent,5.0,angular;aws;javascript;microservices;node.js;react;rest;ui/ux,8,,"- The most amazing tool I've developed is an ERP system that makes shipping processes easier, providing rich tools and widgets for everyone involved. - I've conducted close to 200 technical interviews. - Successfully migrated a legacy software system to a new platform, reducing maintenance costs by 40% and improving system reliability. - Mentored and trained junior developers, improving team productivity and skill development. - Conducted code reviews and implemented coding standards, resulting in improved code quality, reduced technical debt, and improved maintainability of software systems. "
5bf53026-b5dc-5e6e-a2b7-90377fff9ecb,SAP BW\HANA Analytics,Data Engineer,data_analytics,11.0,senior_10_plus,fluent,5.0,.net;data analysis;node.js;sql;tableau,5,,"Looking for job in Kyiv More than 11 years of SAP implementations experience varying from stand-alone SAP BI implementations to development of highly customized BI/DWH-applications for companies from different industries (coal mining, utilities, pharma, insurance, automotive) and clients from different countries (Ukraine, US, Germany, Norway). Candidate is skilled in SAP HANA & BW/4HANA, as well as in SAP BPC, legacy SAP BW. Candidate also has experience of implementation of SAP HANA Native applications in hybrid IT landscapes and team leadership with global view and focus on teamwork & motiva"
1e2f3b47-7b28-5a0e-9526-b72436a78590,QA Automation Engineer,QA Automation,mobile,6.0,senior_6_10,intermediate,3.0,agile;api;git;java;javascript;jenkins;playwright;qa;scrum;selenium,10,,"Have 6+ years of experience in Web, Desktop, API, and Mobile testing. Have hands-on experience with QA methodologies, testing techniques, and approaches. Possess practical knowledge and experience of Agile/Scrum processes. My expertise includes automated and manual testing, test planning, test case design, test execution, and defect management. I have a proven track record of ensuring high-quality software products are delivered on time and within budget. The hard-working and motivated individual with lots of initiative and enthusiasm in delivering high-quality software. Detail and result orie"
7061c1d5-0673-53e1-a32f-9acb5e23b41a,Junior Front-end Developer / Full Stack (Node.JS),JavaScript,fullstack,1.0,junior_1_3,intermediate,3.0,angular;api;git;graphql;javascript;mongodb;mysql;node.js;react;react native;rest;scrum;typescript,13,,Non-coding position in previous company: 13 years` experience of communication - IT support - with people Worldwide. Training the local and global teams for many global IT projects Only positive feedbacks from users/management especially about teaching/coaching aspects. Built trusted relationships between business and IT team Full stack developer life: 6 month full time coding - i think it`s a great my achievement! 3 finished team projects (1 week for each of it): 1 project - HTML + CSS 2 project - HTML+CSS + JS 3 project - HTML+CSS+JS+REACT+REDUX 4 project - HTML+CSS+JS+REACT+REDUX+NODEJS+Mon
938aa8fc-8a45-5a7a-90a6-a8cbfaeb8019,2D / Lead Artist/ Art Director/ UI Artist,Design,design_ux,11.0,senior_10_plus,intermediate,3.0,figma;ui/ux,2,,"My name is Inna. I am originally from Ukraine and live in Hamburg, Germany. I have 12 years of experience in game development, UX/UI and 2D Art . I have strong drawing and painting skills, extensive experience in UX/UI development, drawing of characters and environmental designs. I'm highly motivated, adaptable and always open to learning new techniques and software. Passionate about making any kind of art and always trying to push myself to a new level. I worked on different types of games: casual, hidden object, strategy, online casino, puzzles, match-three, for mobile and PC. SUMMARY: - Cre"
22308711-1619-5847-b039-b13b3a2b7eaf,Manual QA Engineer,QA,qa_testing,2.5,junior_1_3,intermediate,3.0,agile;qa,2,,"Conducted manual testing of new features in a web application, identifying and documenting over 500 defects during the tenure. Developed and maintained test cases and test scripts, ensuring their relevance and alignment with changes in functionality. Performed regression testing at every stage of development, preventing the release of numerous critical defects. Actively participated in meetings discussing requirements and specifications, providing feedback on potential user-oriented issues. Collaborated with developers and project managers to clarify feature details and release timelines, faci"
742f7b8d-2497-50ef-835b-671f25ab9b4e,Junior Project manager / Junior Product manager,Product Manager,product_project,0.0,junior_0_1,intermediate,3.0,computer vision;product management;project management,3,,"Greetings, dear reader! I have more than 7+years experience as a Purchasing Manager in numismatic company. My diverse experience in negotiation and trading helps me make the right decisions quickly. And also to find the best goods at the best prices. In addition, my experience in personnel management helps me to properly allocate time, prioritize tasks and manage resources. During my work, I created logistics between different countries, I also trained and managed new employees and helped develop an internal procurement tracking system. All these tasks helped me find solutions quickly to compl"
f1f7e887-caa3-52a0-9e3b-49c690ea00a9,junior java developer,Java,backend,0.0,junior_0_1,fluent,5.0,android;angular;api;ci/cd;computer vision;flutter;git;java;linux;machine learning;mysql;php;postgresql;python;react;rest;spring;sql,18,,"-experience in participation in real (non-commercial) projects -work with OOP for 3 years (2 years of Java) -have pet-projects done using various popular technology stacks -upper-Intermediate English and German (certified by Cambridge University and TestDaf Institut) -6 publications and 4 scientific papers which have won at Ukrainian and Polish conferences -experience in participation in real (non-commercial) projects -work with OOP for 3 years (2 years of Java) -have pet-projects done using various popular technology stacks (More in CV) - OOP/OOD, Alghoritms and DS - Java SE 8+ - Android deve"
09128e7c-f5c4-58e6-8275-e3b36d8b4bb4,Senior DevOps Engineer,DevOps,devops_cloud,6.0,senior_6_10,fluent,5.0,.net;aws;azure;ci/cd;git;github actions;java;jenkins;kubernetes;linux;microservices;php;python;terraform,14,,Build DevOps practices from scratch. Split monolithic application to micro services. Infrastructure migration in large scale and high load system. I am a DevOps with more than 6 years of experience in DevOps practices. I have high-level skills in automation. Have good knowledge in: - AWS - Terraform - Kubernetes - Istio - Ansible - ArgoCD - Helm - Kustimize - Bash - Python - Jenkins - GitHub Actions - Groovy - Git - Linux - Windows - Azure - Azure DevOps - VSphere - Packer Excellent team player. Familiar with cloud concepts microservices architecture and CI/CD. Result oriented and well perform
e210673e-707f-5f77-9a5b-2384d9a1c07e,Manual QA Engineer,QA,data_analytics,3.0,mid_3_6,intermediate,3.0,api;qa;scrum;sql,4,,"QA Engineer with over 2 years of experience of testing. Have written and executed test cases and performed re-testing/regression/alpha testing. Created and maintained test plan, checklist, and other types of test documentation. Have work experience in Scrum/Kanban processes. Using Jira, TestRail, Trello also tools Postman, DBeaver. Working with test documentation in Confluence. Have basic knowledge HTML, SQL, API."
5edd45c9-4da9-589f-970d-136abb414f11,Junior Python Developer,Python,frontend,0.0,junior_0_1,intermediate,3.0,django;javascript;mysql;node.js;python,5,,"The web app to keep a diary of glucose blood level for people with diabetes. Technology Stack: Node.js, JavaScript, MySQL, HTML, CSS I have experience in developing non-commercial projects in both backend and frontend. I developed web application backend part on Node.js including working with databases (MySQL) and also designed frontend with HTML, CSS, JS. For now I would like to learn more about Python and Django in particular and get more practical experience in this area."
235e034c-5a41-5067-b77f-c163ffa0429a,Manual QA Engineer,QA,mobile,0.0,junior_0_1,intermediate,3.0,qa;selenium,2,,"I am graduating from the Kyiv OK-IT School course ""Profession tester"". During my studies, I've been performing site testing (black box systems), mobile applications (in the BlueStacks emulator), and writing documentation such as test cases (TestRail, Excel), checklists, and bug reports (in Jira and Trello). Also, I've been testing open APIs (in Fiddler and Postman). I have knowledge and experience using variables in simple autotests (in Postman). I've got basic skills for creating simple self-tests in Selenium IDE. I hope to develop skills in automation testing."
5ad8402b-5445-56c3-ac3f-4e1aee3ce489,Senior Data Scientist / ML Engineer,Data Science,machine_learning,7.0,senior_6_10,fluent,5.0,blockchain;data analysis;docker;flask;machine learning;postgresql;python;pytorch;spring;sql,10,remote;startup,"1. Kaggle Competitions Expert level. 2. A bunch of finished MOOC DS courses: - Ng's Deep Learning - J.H.University Data Science Specialisation - ODS open ML course - CS-231n (Convolutional networks) - HSE & Yandex ML basics - Yandex's SHAD (Data Analysis School) courses 3. As I've said, I lecture at university (ML math basics course). In addition to deep intrusion into ML algorithms' basis, I try to help fresh students to get a bit more about their real future opportunities in industry, from the side of active specialist. 1. (currently) 6 months in Microsoft, Bing Core team, full-time remote. "
47412c50-3715-5c57-b348-3b04013a86af,"Manual QA, QA Lead",QA,mobile,3.0,mid_3_6,fluent,5.0,android;api;ios;laravel;php;project management;qa,7,,"Project Manager / Business Analyst, Handlarfinans September 2019 - Present Handlarfinans is a product financial tech company with many API integrations with banks, government registries and institutions, ERP systems. I participated in developing web modules for clients and system administrators, as well as mobile applications for iOS and Android. Main responsibilities: - Identification of business requirements - Search for new technologies that meet business needs - Creation of software requirements specifications for developers and testers - Responsible for the timely delivery of new features"
470d74e5-9aa4-5f24-bb4a-c5f8d0bb0504,"UX/UI Designer, Wed Designer",Design,design_ux,1.0,junior_1_3,intermediate,3.0,figma;ui/ux,2,startup,"Accomplishments: - I created a style, promo materials, posters, and covers for the main screen of 3 business conferences (a total number of 1.5 thousand people) - Ads design for a wellness startup, that helped them enter the Polish market - I cooperate with the largest business media in my country Hi! I'm Nadya and I have 1.5 years of experience in UX/UI and Web Design working for a startup and one business media. For example, I made social media materials (Banner, Cover, Post, & Ads) design, YouTube thumbnails, digital materials for events, etc. Also, I made 5 landing pages and 2 online store"
c3ad1504-3307-5307-8d7f-67b6b4b0281b,Java Developer,Java,backend,1.0,junior_1_3,intermediate,3.0,git;java;spring,3,,"In my previous job. I established myself as a reliable and responsible employee, which led to my promotion to a mid-level position in a relatively short period of time. Also, I successfully utilized new tools for project development and took part in their implementation within my team, which significantly reduced the time required to complete tasks. Hey! I am a qualified engineer with a master's degree in engineering and have a background: - Java Core, Java 8. - Object-Oriented Programming (OOP). - SOLID principles. - Software Design Patterns. My technology stack includes: - Working with JDBC,"
fb1e7ad9-bdcf-5aa6-a60a-ea92bd1ce4e4,Junior JavaScript developer,JavaScript,frontend,0.5,junior_0_1,intermediate,3.0,aws;django;git;go;javascript;linux;mongodb;mysql;node.js;postgresql;python;react,12,,"- Qualium Systems :: JavaScript Developer :: 01/2018 – 05/2018 JavaScript, React, Redux, Node.js, Express, MongoDB, PostgreSQL, AWS JavaScript (ES5, ES6) React, Redux Node.js, Express GoLang Python, Django MongoDB, PostgreSQL, MySQL HTML, CSS Linux, AWS, Git Interesting projects, good oportunities for professional growth."
0127f285-94c0-5efb-b4df-95de456a5a2f,Big Data/Machine Learning/Algorithm engineer,Data Science,machine_learning,11.0,senior_10_plus,fluent,5.0,aws;azure;elasticsearch;flask;java;linux;machine learning;nlp;numpy;pandas;python;redis,12,remote,"* Data platform for large financial company * Small TF-IDF based search engine, vector space model to represent texts, TF-IDF as relevance measure, cosine similarity to find significant words per text/author and to locate texts similar to a given one * Content-based recommendation engine (TF-IDF, cosine similarity). PredictionIO, Spark, Java * Distributed RSS indexer (Java, beanstalkd) * Search engine for people's profiles in social networks - Elasticsearch, Java, Amazon SQS, Azure, HBase * Facebook app allowing to index FB friend profiles in Elasticsearch and search them, Scala * Heuristic al"
9e72aae6-b328-5dc4-98fd-208cb5a911d3,Product manager,Product Manager,product_project,8.0,senior_6_10,fluent,5.0,blockchain;product management,2,gaming,1. Increased referral program effectiveness by 3 times (projected annual impact - 156k users against 50k). 2. Launched localized product in 5 European countries. 3. Futuristic car prototype software for CES. 4. Increased subscription upgrades by 3% with a relatively small user admin feature (1 week of development by 1 dev). 5. Designed an upsell flow that generates 80% annual subscriptions out of all generated subscriptions for specific feature. 6. Development of solutions that reduced time spent on routine operations (Admin tool: 3 solutions in total decreased time by 20% for each employee; T
3b536827-3d7a-5ff7-ae17-62b9dc97aca5,DevOps Trainee,DevOps,devops_cloud,0.0,junior_0_1,fluent,5.0,aws;docker;kubernetes,3,,"Currently doing DevOps courses, learning Docker, Kubernetes, AWS. November 2016 - November 2017 I Customer Support Specialist November 2017-January 2018 | Customer Support Lead February 2018 - January 2019 I English Teacher SHANGHAI/CHINA May 2019 - August 2019 - System Administrator/Technical Support KYIV/UKRAINE November 2019 - July 2020 I Cabin Crew DOHA/QATAR October 2020 - Present I Senior Customer Support KYIV/UKRAINE I'm interested in development in DevOps. The position where I can get more experience/skills and use my current knowledge."
81172377-a476-5c29-b962-9c7f6abe3601,Oracle Database Engineer,SQL,data_analytics,9.0,senior_6_10,intermediate,3.0,linux;sql,2,,"Support banks, insurance company, payment systems. Crossplatform migrate Oracle Database Migrate single instance to cluster Work with database 80+ Tb Oracle Database 10g, 11g, 12c, 19c Oracle RAC, Oracle Dataguard, Experienced troubleshooter Professional Google user Experienced Technical Support L2, L3 Experienced user of Windows, Linux, AIX, etc. Interesting and difficult tasks, professional growth, friendly team, strong teamwork."
2c744927-ce2b-5c42-9f5c-42abf4cab95b,QA engineer,QA,qa_testing,8.0,senior_6_10,intermediate,3.0,product management;qa;rest;scrum,4,remote,"Experience Name of Employer : ""Cisco Systems"" Dates of Employment : from 10.2021 – to until today Job Title : QA Engineer & Scrum Master Responsibilities and Key Accomplishments: - Regression testing - Communicating with customers (product owner, product manager, UI-UX Designer) Setting tasks for the team - Writing and executing test-cases - Prepare Regression and smoke test-cases scopes - Setting up and maintaining in Jira - Setting the processes in the team - Requirements analysis Name of Employer : ""EPAM Systems"" Dates of Employment : from 04.2020 – 10.2021 Job Title : QA Team Lead - Leadin"
af219ade-2519-51e9-8843-ae844190e7e5,PHP Developer,PHP,fullstack,5.0,mid_3_6,intermediate,3.0,javascript;mongodb;mysql;php;vue,5,,"Education: Bachelor's Degree Kiev National Polytechnic Institute named Sikorsky, Faculty of Informatics and Computing Techniques, specialty ""Computer Engineering"". Experience: 1. Web developer in the studio Woxed (March 2017 - February 2018). Responsibilities: - development and support of sites. (PHP,JavaScript,JQuery,Ajax,Html,Css,Bootstrap); - installation and configuration CMS(WordPress); 2. Full-stack developer (PHP Yii2, JS AngularJS) in the UCG holding (February 2018 — October 2019). Responsibilities: development on the framework Yii2. (PHP, Yii2, Javascript, AngularJs, MySql, MongoDB) 3"
cbf21c0b-0712-5a55-9982-3ab9963cfa09,iOS Developer,iOS,frontend,1.5,junior_1_3,intermediate,3.0,git;ios,2,,"I have worked with various applications on UIKit, all of these applications are network applications. The main development pattern was MVVM, ReactiveSwift or Combine was used for data binding. For data storage, I used CoreData or KeychainSwift, I also have experience with GRDB, I conducted a comparative experiment between CoreData and GRDB. For the network i usually used Alamofire, for loading, processing, caching and displaying images used Nuke. For comfortable use of git I use ""Sourcetree"", for the network ""Proxyman"", sometimes I use ""Core Data Lab"", which makes it easier to work with large "
21a67b4c-4f65-52c0-8873-f4b07caab78d,Project Manager I Delivery Manager,Project Manager,product_project,5.0,mid_3_6,fluent,5.0,blockchain;project management,2,,"ICP-APM® certified manager with a proven track record in the IT industry. With over 5 years of experience in client-service roles and Project Management, I am dedicated to serving teams, guiding clients, and ensuring that customers achieve their desired outcomes and value. Domains experienced with Fintech, Blockchain, Wealth management, eCommerce, Real-estate, Travel tech, healthcare, Retail etc. Experience working in International Companies and with remote teams. Recent responsibilities: - Building and maintaining strong relationships with key stakeholders anticipating customer needs, and pro"
af59892f-e7dd-5679-be1e-f48b665a83a0,QA Engineer,QA,data_analytics,3.0,mid_3_6,intermediate,3.0,mysql;qa;sql,3,,"Manual testing, functional/non-functional testing, testing of web applications. Work with testing documentation (test cases; test suites; check – lists; bug reports, etc.). Test design. Creating checklists, test suites, and test cases using different test design techniques Experience in sprint planning and estimation (Testing strategies). Work with bug trackers. Work with MSSQL and MySQL servers (can make simple SQL queries). Strong knowledge of client server architecture."
12bf9b94-a222-5be8-b87a-7eb53a08933f,iOS Developer,iOS,mobile,2.0,junior_1_3,intermediate,3.0,ios;scrum;swift,3,,"Summary: - About 2-years of experience in the development, design, implementation and maintenance of mobile applications using Swift. - 7-years experience in managing cross-functional teams. - Confident knowledge in popular frameworks: UIKit, CoreData, CloudKit, UserNotification, Foundation, Realm, Firebase, SwiftUI, Combine and other. - More than 15 successfully implemented projects. - Strong knowledge in Human Interface Guideline, Material Design. - Confident knowledge in Scrum, Waterfall, RUP, Kanban methodology."
af24c099-9cb1-5230-9ba2-32218d0acb02,Tech \ Non-Tech Recruiter \ HR,HR,backend,5.0,mid_3_6,fluent,5.0,flutter;php,2,,"I am an English and German-speaking recruiter \ HR with over 5 years of experience, who loves helping people find the right job :) I started working as In-house Recruiter and HR in a German company where I worked for 11 years. For the last 2 years I’ve been working as a freelance recruiter with different clients, mainly in IT industry with such vacancies as PHP Developers, Flutter Developers, PMs, BI analysts, IT Sales \ Customer Support Managers, Content Writers, SEO, SMM, etc. I prefer working as a freelance recruiter but I can also consider a part-time or full-time remote job. I can definit"
83589d53-69b6-533a-b537-4d8fd40d660d,QA engineer,QA,qa_testing,1.5,junior_1_3,intermediate,3.0,qa;scrum,2,,"I created a regression set from zero for two projects. Another interesting case - learning a lot of law documentation for work in medicine area. June 2019 - February 2020 - Web project in the EPAM company. Main responsibilities: deploying environments, onboarding newcomers, test plan creation, regression and smoke suits creation and execution, bug reporting and re-testing, story testing, test cases creation and execution, creation test result report, participation in the SCRUM meetings, clarifying requirements with PO and BA. February 2020 - current time - Desctop technical project related to "
713ef046-b790-5987-bcab-fdf9bde97554,DevOps engineer,DevOps,devops_cloud,2.0,junior_1_3,fluent,5.0,aws;ci/cd;docker;elasticsearch;jenkins;microservices;mongodb;redis;terraform,9,,"•Installed and configured OS on 34 laptops in 1 day •Redid cable connections in server room, tidied up the cable system, and everything works perfectly •The only one who had many business trips to other cities •Deployed an antivirus product for company of 100 employees and configured it for stable work •Participated in a launch team of a new IT school •Optimized server performance and expenses •Taught new employees about all the infrastructure. •Performed many flawless Go-Live processes with the customers. •Helping in cost-saving processes. •Hands-on experience in AWS provisioning and good kno"
304bf4fc-6c5c-5f2e-be8b-dcd0df64887a,Project Manager,Project Manager,design_ux,2.0,junior_1_3,fluent,5.0,figma;project management;ui/ux,3,,"I have finished next courses: - IT Project Management by Projector (3 month) - UX/UI Design by DAN IT (6 month) - Data visualization by Prometheus (1 month) I'm an IT PM with 2 years of experience. Also I have 1 year of experience as a Technical writer and over 7 years as a copywriter/journalist. I have worked with Jira, Confluence, Figma and different CMS (WP, October, UMCMS). My last work main responsibilities were: - Requirements gathering and defining the project scope - Work planning for a week/month - Decomposition and prioritization of tasks - Monitoring and control of current tasks - P"
9a739623-c293-5917-9f8c-e1b3f15e9027,Computer Vision/Deep learning Engineer,Data Science,machine_learning,4.0,mid_3_6,fluent,5.0,computer vision;data analysis;docker;numpy;pandas;python;pytorch;scikit-learn;selenium;tensorflow,10,,"May 2022/Aug. 2022 Company: Pic-time Description: Deep learning engineer Responsibilities: Developing and maintaining neural network based computer vision system for face detection and unsupervised human re-identification Technologies: Python, Pytorch, Docker Jul. 2020/Aug. 2021 Company: Lynx Description: Game Developer/Mathematician Responsibilities: Developing game engine based on APL-like language Q. Game engine was simulating ecosystem as dynamical system based on Lotka–Volterra equations Technologies: Python, Numpy, Unity, Q-lang Jul. 2019/Dec. 2019 Company: Samsung Description: Computer "
1a9277b6-a4aa-5876-8be1-b7bb2dfd7e31,Middle Front-end Developer,JavaScript,fullstack,3.0,mid_3_6,intermediate,3.0,javascript;mysql;node.js;react;typescript,5,,"I am a very passionate web developer with over 2 years of experience with React JS and a few months of working with Node JS on commercial projects. As for my hard skills, I have perfectly mastered React.js, JavaScript, TypeScript, Redux and React Hooks, Redux-Saga, and I always improve these skills. Also, I am already quite well versed in Node.js, Express.js, MySQL and apply this knowledge in practice In the near future I want to improve the Back-End and continue to develop as a Full-Stack Developer. As for my soft skills, I have worked for over 3 years as a Business Analyst. Good technical kn"
d9516049-653c-5e9f-9f18-69e652ea02d3,iOS Developer / Team Lead,iOS,backend,5.0,mid_3_6,fluent,5.0,ios;javascript,2,,Want to forget about all problems with software development on your project? Get in touch with me. - Expertise in SDLC - Huge experience in managing/mentoring big (10+ people) iOS team - Everything about iOS development (Objective-C main) - OS X development - Backend development (Javascript) - Excellent communication & problem solving skills - Experience working with Enterprise customer
f04bc6ec-383c-597a-a360-f599c4269155,C++ Developer,C++,machine_learning,1.0,junior_1_3,fluent,5.0,computer vision;machine learning;mongodb;numpy;pandas;ui/ux,6,,"1. Machine Learning Engineer | Neurotrack.tech | 8 months I had been working as Machine Learning and Computer Vision engineer. I'd developed and partially implemented a face recognition and age estimation algorithm, which will later be used to improve user experience of the ""Neuroshop"" product. 2. Data Science Intern | Artellance | 5 months Used the numpy and pandas libraries, preprocessed large amounts of data. Worked in a team with Data Analyst and Business Analyst to optimize the company's existing probabilistic algorithms. Adapted Face Detection algorithms to work with large MongoDB databa"
381a8fb9-da9b-581b-95c5-197c1f8029b6,Content writer,Technical Writing,data_analytics,3.0,mid_3_6,fluent,5.0,blockchain;qa;sql,3,,"I'm always interested in growing and learning new opportunities. I have over 3 years of experience in the position of content writer. I've provided different texts in English and Spanish on various niches like gambling, entertainment, fintech, blockchain, dating, business, academic studies, тощо. Also, I recently passed the course in QA, so I know better in detail about the product dev lifecycle. I'm a strongly committed person. Tech skills: HTML, CSS, VSCode, Jira, Asana, Trello, SEO, SQL, etc."
3696071f-862d-564d-9f94-c418f1f57837,Project Manager,Lead Generation,design_ux,0.0,junior_0_1,fluent,5.0,figma;project management,2,leadership,"Advanced knowledge of Adobe Illustrator and Figma, Good level of Photoshop and Cinema4D. I have tried some different jobs, such as: Personal assistant-translator Responsibilities: Consecutive interpretation during business meetings, Documentation translation, Assisting in personal matters to Top Management of the company, Performed general office duties and administrative tasks, Managing weekly office supply for 100 people. Achievements: Decreased office supply expenses by up to 25% through optimizing suppliers, Successfully eased inner stuff communication at 2 academic levels through leading "
1b749e97-aa4d-55e4-9768-c6c269087c89,Front-end developer,JavaScript,frontend,3.0,mid_3_6,fluent,5.0,angular;javascript;qa;react;react native,5,,"I am a Web-Developer with almost 3 years of professional experience, mainly focused on the Front End side, and have some knowledge about Back End as well. Throughout these years, I worked on several projects which are both local and global. My first company was Conjoin Solutions LLC (2020-2022). It was an outsourcing company I was Front End Developer and mainly worked with Angular/RxJS. One of my projects was from PNC Bank (USA) which is an app that serves bank users with insurance. I handled many parts of the app including complex business-related reactive forms and general business logic. We"
54837e67-3760-5c0f-be88-38ec0bf6a3d2,Ruby on Rails Developer,Ruby,fullstack,8.0,senior_6_10,fluent,5.0,angular;aws;javascript;postgresql;ruby,5,leadership,"Full-stack developer. Great experience in Rails, Ruby, Postgres, Heroku, AWS, High-load services. Profiling, optimizing rails apps with high-load. Great experience with js frameworks: mostly with Angular.js, d3.js. List of huge apps that I'm working on (or was working): http://www.gocloudlogistics.com/ (full-stack developer) http://home.a2-access.com/ (full-stack developer) https://www.canopyfa.com/ (dev lead, full-stack developer). + other small web-apps. Regular speaker on local dev conferences. Experience in developing production-ready ruby/rails applications. Experience in supporting rails"
41123501-22da-5cbb-a9eb-754ad0c1f5de,UI/UX designer,Design,mobile,4.0,mid_3_6,intermediate,3.0,figma;ui/ux,2,,"My projects received awards from: CSS Design Awards, CSS Winner, CSS Nectar, Muzli Design Inspiration 2nd place at IT Challenges (Krakow, Poland). Category: UI/UX Designer, Middle/Senior. I am creative UI/UX designer with 4+ years of practical experience in Web & Mobile design. Worked on enterprise projects, web and mobile apps, landing pages and corporate websites. Have strong knowledge of Sketch, Figma, Adobe Photoshop, Adobe Illustrator, Principle, Invision, Zeplin, Abstract, Marvel and have experience in Adobe InDesign and After Effects. Also have basic knowledge of HTML & CSS. Research, r"
a94201bf-10f4-51ad-92b7-0b5749bc791a,Product Manager / KAM / BDM,Sales,product_project,7.0,senior_6_10,fluent,5.0,data analysis;machine learning;product management;project management;qa;scrum;ui/ux,7,,"If briefly, after a short period of time I have always became one of the most productive employees in the department. My achievements: 1). 4 high margin contracts for 6 month (cold sales in EU and US), total revenue 80 000 EUR- best results of BDM at the company. 2). Business Analysis of company ""X"" and specific project offer after which the company prolonged a contract with us and bought additional product. 3). The highest margin sale ever - 91% 4). Set a record of AHT at Qatar Airways. 5). Promotion to the Partnership Development Department from a Call Center. 6). MBA graduation. 7). Captain"
582a8783-6b63-53cf-95f6-171c771535aa,DevOps engineer,DevOps,devops_cloud,5.0,mid_3_6,intermediate,3.0,aws;ci/cd;docker;gcp;git;jenkins;linux;terraform,8,,"Experience July 2016 -present Position: System administrator Responsibilities: Opening new offices (Dnipro, Kiev, Kharkov) Mounting of the server hardware Network troubleshooting Preparation of workplaces, installation of video surveillance, Wi-Fi and sound systems Deploying and configuring Ubiquiti UniFi Monitoring of the network, communication channels, and network equipment Day-and-night office and employees technical support Installation and configuration of peripheral and related equipment Process optimization (creating Windows images, creating recovery image) Research and implementation "
0b7a4676-7dbc-583c-bb97-6ce044d83934,Delivery Manager | Scrum Master,Project Manager,qa_testing,6.0,senior_6_10,fluent,5.0,agile;blockchain;project management;qa;scrum,5,,"Focused on planning, directing and maintaining continuous operations in various departments. I am experienced in running multiple projects and keeping efficient development following quality standards by applying a creative and analytical approach to operations for continuous process improvement. I'm skilled at identifying or anticipating problems and providing solutions, excelling through mentoring, training and empowering the team to excel in performance. Project Manager & QA Software Development Company - Oversaw an extensive portfolio of projects to support teams, report progress and influ"
583ee381-c494-5cb4-94d2-b9294b042123,Senior Delivery Manager (any scale),Project Manager,product_project,11.0,senior_10_plus,fluent,5.0,product management;project management,2,,"PROFILE • 7+ years of delivery management • 4+ years of program/portfolio/account management • 2+ years of product management, digital transformation SKILLS • Delivery management of any type and scale • Business development, growth management • Process management, organizational transformation, digital transformation • Technical practices setup and development • Human resources management, operational management"
88895504-27c7-5af4-beb4-82e8c05d7fed,Senior Front-End developer,JavaScript,frontend,7.0,senior_6_10,intermediate,3.0,angular;java;javascript;react,4,leadership,"over six years in enterprise development. Designed and developed UI\UX for healthcare, wealth management, investment banking. Worked as lead UI dev with command max 4 people. JavaScript, angular, react, HTML, ExtJS, Java EE Профессиональный рост."
2fad21b4-cc7f-5c62-b31a-d6098630194c,Junior DevOps Engineer,DevOps,devops_cloud,2.0,junior_1_3,intermediate,3.0,aws;ci/cd;docker;jenkins;kubernetes;terraform,6,,"DevOps larva which is morphing out of a system administrator :) Overall IT experience — 9 years. Experience as a system administrator — 5 years. DevOps experience: 4 months. Initial DevOps experience: Clouds: AWS IaC: Terraform (VPC, SG, IAM, EC2, ASG, ALB + modules) SCM: Ansible (dynamic inventory) Containers: Docker (compose) CI/CD: Jenkins (groovy) Have no Kubernetes experience yet. VoIP"
568fff9c-6847-51fa-b625-961c263e72ca,Data Analyst,Data Analyst,machine_learning,3.0,mid_3_6,fluent,5.0,data analysis;power bi;python;sql,4,,"- Oracle SQL for Data Analytics , ""QSS Analytics"" - Advanced Microsoft Excel , ""365 Data Science"" - Analyzing and Visualizing data with Power BI, ""365 Data Science"" - Data Scientist with Python , ""DataCamp"" - Intensive Data Science, "" Data Science Academy"" Currently, i 'm working in AVT Logistics as Senior Data analyst. During work period, i use numerative softwares such as Excel, Microsoft BI, SAP,Oracle SQL and Pyhton. My job responsibilities: -Reviews and analyzes transportation costs, parts procurement and delivery processes, inventory issues such as back orders, and other fulfillment metr"
9fc1487b-25f4-5931-99e9-fc548ef99c40,Junior UI/UX Designer,Design,mobile,0.5,junior_0_1,intermediate,3.0,figma;ui/ux,2,research,"During the UX/UI design course, I completed 3 projects, 2 of which I worked on independently. The process involved extensive research, competitor analysis, creating personas and user flows, reviewing numerous references, developing wireframes, UI kits, UI design, animation, and prototyping. I also adapted the designs for tablet and mobile devices and made numerous revisions to achieve outstanding results. Additionally, I created promotional cards, dashboards, tables, and parallax animations. Over a short period of time, I have completed three projects, both independently and as part of a team."
1cc35c03-0c1d-50a6-80d3-6346fabb7677,Senior Software Engineer,PHP,backend,0.0,junior_0_1,fluent,5.0,android;angular;django;java;javascript;laravel;mongodb;mysql;php;python;ruby;sql,12,,"I have 10+ years of experience in web development, mobile development application. I have done many works with PHP and Java for web application especially with different MVC framework like CakePHP, Grails, Laravel, Ruby on Rails, CodeIgniter, Zend, Symfony, Yii and different CMS like concrete5, moodle, modX. I am highly experienced in any MVC Framework even with different programming languages. I am also internationally certified on Java. I have done android game application and android home widget application in Java. I have experience with many programming language like Python especially Pyl"
c19b3751-cf65-5bd5-baa8-fc88137acecf,Junior UX/UI Designer,Design,design_ux,0.0,junior_0_1,intermediate,3.0,figma;ui/ux,2,,"2021 - 2023 Print Designer at TATYSHO UA Designing prints for mugs and clothing, design of social networks, communicating with customers, processing orders 2022 - Landing page (training project) Landing page project for a culinary master class: - UX team workshops (brainstorming) - Created LO-FI and HI-FI wireframes, prototype, UI kit, mood board, visual design 2022 - E-commerce (training project) E - commerce project for an online cosmetics store: - Briefing client, defining the target audience - Competitor and heuristic analysis - Creating Sitemap and Userflow - User testing - Creation of wi"
a683bb71-4b7e-5489-be29-5b4ff50487c6,Junior QA Engineer,QA,data_analytics,0.5,junior_0_1,intermediate,3.0,agile;data analysis;linux;qa;scrum,5,,"Manual QA tester with good knowledge of testing theory, methods and techniques and 2 month of practical experience in manual testing. Estimate the required testing time. Previous background is hands-on experience with Big Data and Data Analytics. - Knowledge of: software development life cycle, testing life cycle, bug life cycle - Knowledge of: testing principles, types of testing, black box test design techniques - Creation: test plan, checklist (smoke checklist), sanity test, test case, bug report, test report - Execution: test cases, smoke checklist, sanity test - Bug tracking: JIRA - Datab"
1226f57a-c089-5670-836c-668938704c00,Senior Software Engineer,JavaScript,fullstack,10.0,senior_10_plus,fluent,5.0,agile;angular;aws;graphql;javascript;node.js;react;typescript,8,,"As a senior software engineer, I have 8+ years of software development experience in various industires including investment, CRM(customer relationship management), eCommerce, and healthcare. Worked as a frontend engineeer/full stack engineer in various agile teams, following modern principles of software development industry, I could learn wide range of skills. In recent years, I was focusing on JavaScript technologies like React, Angular, Node.js, TypeScript, ChakraUI, GraphQL, and AWS. Keenly interested in functional programming nowadays, I'm looking forward to building a robust application"
e5716d06-3daf-5324-97b1-ee2557324c06,QA Engineer,QA,qa_testing,0.5,junior_0_1,intermediate,3.0,api;qa,2,,"Functional, Regression, Compatibility, Configuration, Localization, and GUI testing Creation of test documentation (test plans, test suites, test keys, checklists) Analyze requirements and specifications Execute tests Defect/Bug Tracking Understand client-server architecture HTTP / HTTPS / API Working with CRM systems I am seeking a job as a QA manual engineer to start my career in software testing. I am ready to learn and develop in this field, and I am confident that my skills and knowledge will be valuable to your company. Highly motivated and willing to learn new technologies. Organized wi"
44944dce-9bd9-5723-b45b-c8df733c5284,"Machine learning engineer, Computer Vision Engineer",Data Science,machine_learning,4.0,mid_3_6,fluent,5.0,computer vision;machine learning;nlp,3,,"I have great experience building consumer-focused, practical AIs. My journey in ML started with Natural Language Processing where I invested many hours. After that, I became fascinated by computer vision and deep learning and I am still growing by constant research and building personal projects. I am confident that my knowledge and experience will be an asset to your organization. Aside from personal projects such as classifiers, spam detectors, and others that helped me enhance my knowledge, my responsibilities in the professional industry have included the development of an e-commerce chatb"
f3fadbf4-ee9c-52c7-99c2-0718b15c4308,React Developer,JavaScript,frontend,2.0,junior_1_3,intermediate,3.0,javascript;react;typescript,3,,"Hi there! As a front-end developer with two years of hands-on experience in building single-page applications (SPAs) using React (JS/TS), Redux, HTML, and SCSS, as well as developing 2D browser games using the Phaser.js library, I am constantly seeking to expand my skill set and embrace new technologies. In my free time, I engage in problemsolving activities on platforms like Codewars and actively work on improving my English proficiency. I am currently looking for project work or a full-time position in a creative company where I can tackle challenging tasks alongside a collaborative team. I "
a595291c-37a8-5c67-af74-048dc3194153,Junior Full-Stack developer,JavaScript,fullstack,1.5,junior_1_3,intermediate,3.0,android;api;ios;javascript;node.js;react;react native;rest,8,,"Soft Skills: Great experience in production processes organizing. Experience in personnel management with 5-80 people Achievements: - Launched production lines for Cable products, Blister pack, Metal molds, Computer cases - Reduced staff and production time by optimizing production cycles - Introduced new product items to the market - Increased sales of HDMI cable and patch-cords by 50% I have completed team and individual projects with using JS, React, React Native, Node.js. 1. SoYummy [ Node.js, React, Redux, JS, HTML, CSS ] A recipe site with the ability to sell ingredients and create own r"
e32c2d98-3dae-525a-be31-376692f5fcd0,QA Automation Engineer,QA Automation,mobile,3.0,mid_3_6,fluent,5.0,jenkins;qa,2,,"My main accomplishments lately have been learning new technology on my own and exploring and enlarging my knowledge in software testing. I can test but mobile applications, web applications and can perform both manual and automation tests, carrying out all the essential test required. Supported the creation of innovative technology solutions. Developed high-end website solutions to a diversified client base using a variety of frameworks and technologies. Identifying automation scenarios from the set testcases/user stories identified in the cycle. Developing web automation testcases for the ide"
2f30dd9c-450a-587d-8a3c-55d6faa2083f,QA Engineer,QA,data_analytics,0.5,junior_0_1,intermediate,3.0,agile;qa;scrum;sql,4,,"Finished IT Education Academy QA Basic course with the best result in the group. EXECUTIVE SKILLS - basic knowledge of testing theory and software development life cycle (SDLC) - development and analysis requirements analysis - design QA documents: checklists, test cases, test reports - experience with bug tracking system Jira (created and tracked bug reports) - basic skills of SQL, HTML, CSS - black-box method using - knowledge of Agile method - Scrum December 2021 – February 2022 QA manager in HRForecast QA projects: LudiCloud and SmartLibrary (web applications for keeping a record of users,"
0a04b276-79b4-5f07-b6d6-b530d1c535b8,Vice President of Engineering,Lead,devops_cloud,11.0,senior_10_plus,fluent,5.0,aws;product management,2,,"- I led an organization of 150 people, including the teams in California, Ireland, Poland, and India - Delivered Cloud Web Platform, which achieved 2k. daily customer deployments and 170 billion Transaction Volume. - Switched 70 customers from on-premise to the SaaS delivery using AWS Cloud, delivering 99.99% availability I am a highly motivated, accountable, and hard-working engineering leader with over thirteen years of industry experience. I have a proven track record of leading large organizations and delivering quality software on time, within budget, and to specification. I worked for 7."
186b668c-af9c-5ee8-b954-d3f82aea363d,"CPO, product manager, product owner, business development, investment adviser",Product Manager,product_project,10.0,senior_10_plus,fluent,5.0,blockchain;product management,2,blockchain,"Products developed: number of messengers, algorithmic/robot trading (forex, stock, commodities, cryptocurrency), blockchain consensus & monetisation, cybersecurity online trading platform, crypto/ fiat gateways, online banking & e-payments, e-commerce, international telemedicine/ drugstores, etc. Chief Product Officer / Business Developer / Investment Advisor IT product management in fintech, e-commerce, crypto (gateways, exchanges), algorithmic trading // Cybersecurity, blockchain, IoT, communication & messengers // Online Telemedicine Business Development & Investment Advisory with 15+ years"
1d7fffe6-374b-525b-87e4-25797ad74d7a,UI/UX Designer,Design,design_ux,6.0,senior_6_10,intermediate,3.0,figma;ui/ux,2,,"Hi there! I've been making digital products for businesses and people. I have 6 years of work experience, experience in teaching (Web Design, Photoshop) and mentoring (I had 2 assistant designers). I work on the Human Resource Information Systems and eCommerce (for Shopify and etc.). Worked with projects: healthcare, agriculture, news portals, landing pages and more difference. — Proficiency with tools such as Figma, Photoshop, Illustrator, After Effects, Cinema 4D, Spline, Tilda, learning Webflow. — Understanding of HTML and CSS. — Expertise in visual design theories (typography, color theory"
04db6a91-d47a-5fe5-bc25-f1d95aa3127d,Trainee/Junior C/C++ developer,C++,backend,0.5,junior_0_1,intermediate,3.0,docker;linux;php,3,,"Additionally to C/C++ I got basic understanding of such technologies: shell scripting, system programming (Unix), virtualization (VirtualBox), Linux (Debian), OpenCL, SDL, HTML, CSS, PHP, web-server (MAMP), docker. Acquired skills: working in terminal, rigor programming, teamwork. C and C++ experience in educational projects. My main goal was to learn to use C (and then C++) programming language for solving different tasks. Looking for first real-world experience and further growth in Your company."
3c5ff46a-2c49-58e6-96ba-2b49852eb3e9,QA Automation Engineer,QA Automation,qa_testing,3.0,mid_3_6,fluent,5.0,api;ci/cd;java;javascript;python;qa;selenium,7,,"- Was responsible for developing Test Automation Framework which was used to successfully automate over 2500 test cases. Software Test Automation Engineer in Java with 3 years of experience performing quality assurance and ensuring high customer’s satisfaction rate: - Skilled in Java, API testing (RestAssured, Postman), UI testing (Selenium, Selenide), test design and test maintenance, CI/CD tools. - Worked as a solo test automation engineer on the project, was responsible for handling all automation tasks and defining automation approaches. - Worked in small local teams (≈10 team members) and"
0fb9f652-b775-5622-a359-631b3db48317,Front-end Developer / Full-stack Developer,JavaScript,fullstack,1.0,junior_1_3,intermediate,3.0,api;flutter;javascript;node.js;react;rest;typescript;vue,8,,"I am an experienced web developer with over 2 years of experience in frontend development and 1 year of commercial experience. I possess a solid understanding of HTML5, CSS3, SCSS (SASS), BEM, JavaScript, TypeScript, React, Redux, DevExtreme, Material UI, also well familiar with Vue.js, Node.js, Express, REST API, and OOP. I am eager to contribute my skills and continue to grow as a front-end developer in a dynamic and innovative team. In my recent project: Mainly worked with React, React-redux, DevExtreme, SCSS, JavaScript and TypeScript, but also had a little experience with Dart/Flutter. I "
8ed4e28f-8d5e-5a25-91ba-53ddf06e6746,QA Automation Engineer,QA Automation,mobile,3.0,mid_3_6,intermediate,3.0,agile;api;aws;java;qa;scrum;sql,7,remote,"Introduced automation of test process on a current project from scratch - Automated tests development using Java, TestNG, JUnit, Appium, Cucumber, RestAssured, Selenide, Allure - Writing test cases and checklists; - Test documentation creation and maintenance; - Created a project for automated testing of mobile applications using - Automated tests creation and maintenance; - Deploy and execute automated tests - AWS Device Farm experience - API Testing - SQL I expect to get a good friendly team and interesting project, tasks.Will be nice to have right scrum/agile processes in the company. Impro"
79f1b7fd-6ea8-5bb9-a85e-df9dd9fad52f,Project Manager,Project Manager,machine_learning,9.0,senior_6_10,fluent,5.0,agile;machine learning;project management,3,leadership,"- Successfully Managed E-Commerce Revamp: Led a cross-functional team in the optimization of an e-commerce platform by integrating AI-driven product recommendations and personalized user experiences. The project resulted in a remarkable 30% increase in conversion rates and a 20% reduction in bounce rates, significantly enhancing the platform's performance and user engagement. - Implemented Cutting-Edge Fraud Detection: Spearheaded the development and deployment of a machine learning-based fraud detection system for a leading financial institution. The solution effectively reduced fraud inciden"
bd502a0c-63ad-51d5-99bc-8abe1a254a51,UX/UI Designer,Design,design_ux,1.0,junior_1_3,fluent,5.0,figma;ui/ux,2,,"I have developed my own approach to the design process based on the work of the professionals I am inspired by. From scratch I created applications, websites, dashboards, E-Commerce and Saas projects, worked with real customers and in close cooperation with the developer. I learned how to interact with clients, explain my decisions, collect the necessary information and synthesize it. Learned the importance of documenting all processes performed. I can easily articulate why my design is like this, and no other, if something is not clear to the client, I will listen carefully and easily accept "
9176ff8b-bb65-5a88-a964-c39e3c2d3c3b,Junior QA Engineer,QA,qa_testing,0.5,junior_0_1,intermediate,3.0,javascript;qa,2,,"MasterDynamix,Kyiv 07.2022 - 09.2022 Cross-platform and cross-browser testing. Creation of test documentation. UI testing and verifying a bug report. Developed small projects on JavaScript."
0f547cc0-7fcf-5044-97c2-0e904605120f,Python/Django Developer,Python,backend,4.0,mid_3_6,fluent,5.0,aws;django;microservices;node.js;python;typescript,6,,"Currently, I'm working as a Backend Software Engineer at Dendi—a healthcare solutions company that offers Laboratory Information Management System (LIMS) as a service. I maintain and build new features for our Django backend, architect and orchestrate microservices that work along with the primary monolith, and integrate AWS components into our workflow to ensure smooth operation. I'm comfortable working with Python, TypeScript, NodeJS, AWS, and love working with the open-source community. No location-based compensation package, please. I expect all the engineers of a particular rank to be pai"
79c922f4-509a-5b08-a526-e1f023eb522c,Business analyst/System analyst/Product Owner,Business Analyst,data_analytics,4.0,mid_3_6,fluent,5.0,agile;product management;scrum;ui/ux,4,,"- Implementing ECM system in one of the TOP Ukrainian banks - Taking part in implementation of ERP system in one of the TOP Ukrainian banks - Multiple projects in CRM systems development and business processes automation 4+ years experience in business analysis including: - Expertise in gathering, analyzing, and specifying requirements - Experience in business, systems, and engineering process modeling - Good understanding of Agile/Scrum/Waterfall frameworks - Experience in backlog management - Assistance to tech writers - Experience in prototyping, UI/UX design."
85a5822c-5986-5be1-8ba7-a0f6476e7155,DevOps engineer,DevOps,devops_cloud,10.0,senior_10_plus,intermediate,3.0,aws;ci/cd;docker;gcp;git;go;jenkins;kubernetes;linux;mysql;sql;terraform,12,,"Implement automation for creating Kubernetes or Openshift cluster from scratch, deploy environment, run autotests, get result into Jenkins and destroy cluster. Implement CI/CD for more than 500 microsevices Implement monitoring and alerting system Configured the HA Cluster Containerisation: Docker, Kubernets, Openshift Cloud: AWS, GCP Automation tool: Ansible IaC: Terraform Scripting: Bash, Golang CI/CD: Jenkins Code Quality: Sonarqube Storage: SAN ZFS Storage, NAS Web Server: Apache, Nginx, Apache Tomcat, LTM F5, IIS OS: Solaris ,Linux(Centos,Red Hat, Gentoo,Ubuntu) Virtualisation : ProxMox, "
9b10f7a0-5a0d-5118-ad48-a9b202684709,IT-System Implementation Specialist,Business Analyst,frontend,1.5,junior_1_3,fluent,5.0,qa;ui/ux,2,,"I am a highly motivated IT professional with expertise in system implementation, technical documentation, and front-end development. Collaborating with cross-functional teams, I ensure seamless integration and functionality of IT systems. My strong analytical skills and ability to gather business requirements enable me to propose effective solutions and deliver projects on time. Collaborate with cross-functional teams to implement IT systems and solutions, ensuring seamless integration and functionality. Develop technical documentation, including system requirements, specifications, and user m"
4ca95ab4-2ed1-59c3-b6f8-4bde1d03cec5,Junior Project Manager,Project Manager,product_project,0.5,junior_0_1,fluent,5.0,agile;project management,2,,"I graduated from the IT PM courses with honors. I managed to coordinate the big translation project for a 10 specialists team and receive just minor corrections after delivery. 4+ years in Project Management Recently obtained the red certificate as IT Project Manager Experienced in managing teams of 7-10 people per project Experienced in budget and salary planning Customers business communication (Germany, Great Britain, Latvia, Czech Republic, South Korea, India) Background in short/long-term projects estimation Work using Agile methodologies Experienced in preparing different kinds of docume"
d19e3b33-ea7b-5ca0-bfb9-c8063805607e,Flutter Developer,Flutter,backend,3.0,mid_3_6,fluent,5.0,agile;api;ci/cd;flutter;git;github actions;javascript;kotlin;machine learning;mongodb;python;rest;swift;ui/ux,14,startup,"3 apps on the playstore Handova app: Available on Playstore Reserved4you: 10+ downloads on playstore, Recipe World: 100+ downloads on Playstore. Runner app: 1000+ downloads on playstore Applied to YCombinator Startup Accelerator and got to the interview stage with 100 users on the Kobe app Technologies used Flutter, Dart, MongoDb, Firebase, Machine Learning, Google Maps API, UI/UX Design, REST APIs, DDD, TDD, Swift, Kotlin, Agile Methodology, CI/CD, SQLite, JavaScript, Git, Python, C++, C#, Upwork - Mobile Developer (Freelance) Built the Handova app for a client, available on playstore and app"
c23f0dd4-fe9e-5fd6-b556-a2f051dab6db,Technical director,Unity,design_ux,11.0,senior_10_plus,fluent,5.0,.net;api;git;javascript;linux;nlp;php;project management;python;sql,10,leadership,"Team leader / tech leader / principal / tech director since 2005 for 10 companies in 32 projects. See my 3 free C++ and Assembly training courses on the ""AlexanderSemenko"" youtube channel with over 140 high quality videos Alexander Semenko, CTO/Team Leader/Architect/Senior developer of C++ projects for Windows/Linux/Mac Kyiv, Ukraine; age: 47 Expert of game development teams creation. I'm Authorized Unreal Engine Instructor. Looking for techdir / teamlead position for a team of 20+ members creating games with Unreal Engine 4/5. See my free (almost 200 videos) of Unreal Engine, C++ and Assembly"
cdb30df7-e507-5f13-aba6-618b8eebeb15,Senior iOS Developer,iOS,mobile,11.0,senior_10_plus,fluent,5.0,ios;swift,2,,"In my 12 years of professional experience, I have been deeply involved in the ever-evolving world of mobile development. Specifically, I have dedicated these years to mastering iOS development, ensuring that I stay up-to-date with its tools, methodologies, and best practices. My journey began with Objective-C, a language in which I have accumulated a full 12 years of hands-on experience. Simultaneously, as the mobile development world saw the introduction and rising prominence of Swift, I embraced this language wholeheartedly, amassing 7 years of expertise in Swift development. Throughout my c"
9d1406d6-28b4-58a4-8bd8-a5e68cfb42ae,"Program Manager, Senior Delivery / Project / Service Manager",Project Manager,product_project,11.0,senior_10_plus,fluent,5.0,product management;project management;qa;scrum,4,,"Awards received: • Annual appraisal as a Rock Star in Delivery and Engineering Management at Grid Dynamics for 2018 • Finalist in the contest ""Best CIO 2008"" in Ukraine Being a certified Service Manager, I’m an engineering professional with Big Data and highly loaded solutions. I have been working in IT for 20+ years. I'm involved in Engineering Management for 10+ years in total. Many of the teams I have developed within the last 4 years are still working for several Fortune 500 companies. I have enjoyed many positions and gained broad experience throughout my career in different areas of Soft"
5688cf34-68f0-5ded-828d-e7577022a23c,C++ Programmer,C++,machine_learning,3.0,mid_3_6,fluent,5.0,computer vision;git;linux;machine learning,4,,"3 years of C++ experience in game dev. Great experience in GPGPU (CUDA). Good understanding of Graphics programming and GPU architecture. Wrote a scientific work on memory-oriented optimization techniques in General Purpose GPU programming using CUDA. C++ developer experienced with Graphics Programming, GPU/GPGPU development (CUDA, OpenGL). Writing shaders, PBR lighting models, various rendering techniques. Great understanding of OOP, Design Patterns, Data Structures. Great understanding of Maths, Linear Algebra. Experience with ML/DL models, Computer Vision. C++ development experience under W"
876d1514-cf6e-5f87-991d-a9fddf33832f,Business analyst,Business Analyst,data_analytics,4.0,mid_3_6,intermediate,3.0,agile;javascript;ruby;scrum;sql,5,,"Three completed CRM projects For last two years on Business analyst position, I proved myself as a responsible and high-quality specialist. Three completed projects with high efficiency rate and several new projects in progress can prove my proficiency. I highly qualified in: • Collecting, Analyzing and Formalizing project requirements • Business process modeling • Project Planning, Coordinating and Controlling • Test case modeling and Test execution (functional, regression and acceptance testing) • Bug tracking • Reporting • Junior stuff training I familiar with: • JavaScript, Ruby, HTML, CSS"
f25650ce-6bf7-52d4-8e5b-a85665ab0694,QA engineer,QA,qa_testing,5.0,mid_3_6,fluent,5.0,android;ios;project management;qa;scrum;sql,6,leadership,"My achievements? I am glad I could play my role on projects I participated in on quite high level. I am glad I was able to show all my enthusiasm, perseverance, determination, passion to what I was doing on project and did not disappoint my management. I am glad to had a chance to challenge myself working as tester, analyst and project manager assistant at the same time and did my work as good as i could. However surely could do better. Taking into consideration experience at last outsource company I worked for, there were the following projects I participated in: Project 1. Parental Control m"
34896da1-dd56-5f7f-a281-c15ab379e46a,Junior Frontend developer/ Junior Full-Stack developer,JavaScript,fullstack,0.0,junior_0_1,intermediate,3.0,api;javascript;react;react native;rest,5,,"I have 2 own Pet-projects WebStudio [HTML, SASS, JS] A website of WebStudio company. Responsive design, transform effects, modal windows. Role: developer. Individual project. Filmoteka [HTML, SASS, JS, Handlebars, REST API, AJAX, Parcel] Site, which is connected to the TMDB database with the ability to navigate popular films search for a film and add it to the list. Role: developer. Command project. Phonebook [React (Hooks, Routers, Redux, Redux Toolkit)] A simple phonebook connected to Swagger backend API. You can register, log in, add, remove or filter contacts and log out. Role: developer. "
96862c7e-cc9d-58b1-9172-ac7189deac18,Senior Frontend Engineer,JavaScript,frontend,8.0,senior_6_10,fluent,5.0,javascript;laravel;mongodb;mysql;node.js;php;react,7,,"Experienced Developer with holistic view as well as a deep understanding how technology works. Have experience in architecture of frontend and backend of various systems, familiar with design patterns, business processes. Recently worked as Lead and Co-founder of a software house. 2 times CTO of small (5-15 persons) international(USA, Norway) startups. Working in various technologies, mostly: JS, Node.js, React.js, PHP, Laravel, Mysql, MongoDB Good understanding of business value over technology value. Good english and experience in multicultural environment, more than 10 years abroad. Can pla"
a80a1f65-73dc-52d1-b7d8-f9977b9ca0bf,Project Manager,Project Manager,devops_cloud,11.0,senior_10_plus,fluent,5.0,gcp;project management,2,,"• Experienced Delivery/Program Manager with more than 15 years experience in software development; • Build and leading different teams up to 70 ppl; • Deep knowledge of software development, project management, process adaptation, coaching; • Strong project management professional with a degree in computer science; • Solid experience in finance, payment, and gambling domains; • Hands-on experience in cloud-based and on-premise systems; • PMI PMP, Kanban Management, SAFe, GCP Cloud certified"
893d98ee-07ec-526b-8042-05183137e813,UI/UX Designer,Design,design_ux,1.0,junior_1_3,fluent,5.0,project management;ui/ux,2,,"After finishing UX course I was hired on real estate project as UX designer. Worked in team, my main task was to make team moving because they were stall. Preparing flows, frames, explaining valuable points in my design to clients and team. The project is currently up and running. Experienced in graphic design in general. Have experience as project manager."
e3e8f671-3430-5430-86d0-620f55a3d47d,Junior QA Engineer,QA,qa_testing,0.5,junior_0_1,intermediate,3.0,agile;api;qa;rest;scrum;sql,6,,"• Understanding of QA Methods and Process, Types and Levels of Testing • Experience in developing testing documentation: Test Case, Bug-Report, Check-List, Test Suite and Test Plan • Knowledge and understanding of Testing Theory • Understanding of Client-Server Architecture (HTTP) • Knowledge of the Types of Testing: Functional, System, Security, Regression, Usability Testing • Understanding the Software Life Cycle • Experience of using Bug Tracking System (JIRA) • Agile (Scrum, Kanban) Methodology understanding • Basic knowledge of Web Technologies (HTML/CSS, HTTP) • Knowledge Verification of"
ec36fd23-b5b9-5a10-8b82-4c388556ecd4,"Cloud Data Architect, Big Data, Machine Learning",Lead,machine_learning,7.0,senior_6_10,fluent,5.0,aws;machine learning;microservices;python;rest;sql,6,remote;startup,"Working in an Israeli machine learning startup, I build a scalable machine learning pipelines (it's a core technology of the startup) and solutions that reduced the cost of acquisition of the new customers tremendously. It played a key role in transforming the startup from loss-making to a profitable one with $6M of yearly income. I'm an AWS Certified Cloud Architect. I speak fluently English, Hebrew and Ukrainian and Russian natively. I have 7 years of experience in designing and implementing scalable Data Pipelines and architectures and bringing Machine Learning models to production. I work "
bd160dce-4fd0-5dd3-9eb4-64d27ef6e067,Java Developer,Java,frontend,5.0,mid_3_6,intermediate,3.0,ci/cd;docker;git;java;react;spring,6,,"I once studied at QWANT, I can confidently say that I learned a lot in this course. Especially how to work remotely, what points should be taken into account when communicating. And also we must not forget about the soft skills, Java Software Engineer at InterTAD - worked with integration services - experience in a generating SOAP services - developed a dynamic ETL tool - oversaw the study of the interns and juniors - responsible for all aspects of the back-end in a project Lead Java Developer at HomeCredit Bank - set up project pattern - realized reactjs plugin - realized jsp servlet to suppo"
af6f2fc5-5ac9-5f81-8449-aecf3af20630,Full stack developer,JavaScript,fullstack,6.0,senior_6_10,fluent,5.0,javascript;machine learning;mongodb;node.js;python;react;react native,7,leadership;startup,"1. Worked on a project called ""Smart Cycling"" with the Tallinn University of Technology, Estonia. I analyzed big data from social media with Python for data analyses and machine learning to improve the bicycle routes in the city of Tallinn. 2. Worked on a Taxi application similar to Uber called cabdo with React , React Native, Redux, Node.js and MongoDb. 3. Worked on a Canadian startup called Feedback which helps restaurants to save left over food. Also with React Native. 4. Currently working as a lead engineer at Genflow I've been a lead engineer at two startups. Recently, I have been working"
c8aa0046-7dd5-5b9e-9ece-ca3d74be1fbc,DevOps,DevOps,data_analytics,6.0,senior_6_10,fluent,5.0,aws;ci/cd;git;linux;mysql,5,,"I have successfully built projects and pushed to my GitHub repository I am an AWS certified cloud practitioner. I am familiar with AWS services, mySQL, DynsamoDB, CI/CD I am also proficient in navigating git/ GitHub and Linux commands."
39ba69a2-c0b0-52ca-a564-4e25658692d5,UI/UX DESIGNER,Design,mobile,3.0,mid_3_6,intermediate,3.0,figma;ui/ux,2,,"• Worked on many EU startups; • Skills in UX, UI, graphic design, 3D modeling, 2D art and design, game desings Services: — Iconography — Mobile apps — Illustrations — UX / UI prototyping — Logo, Branding Skills: — Figma — Adobe Animate CC — Adobe Photoshop CC — Adobe Illustrator CC Other skills: — ZBrush — Unity 3D I am a designer and indie game developer with 8+ years of experience in different types of projects from small startups to big projects I am looking for a job in an open-minded product team with interesting, and complex projects"
edfcbe07-2a7d-5b55-97fb-d461bd11998e,Middle Project Manager,Project Manager,devops_cloud,3.0,mid_3_6,fluent,5.0,project management;qa,2,,"- Project documentation integration to the large scale projects; - Implementation of a team-based approach in the company; - Successful cooperation with big clients; - 10+ closed projects of different scales; - Projects transferring from active development to the support stage - In a very tight deadline an adaptation of free resources (engineers) to the projects. - IT Project Manager (1.5 years) DevOps outsours/outstaff company. Responsibilities: - Participation on pre-sale stage; - Deep communication with clients: figuring out and analyzing the requirements, planning and reporting, hands-on t"
be0c486d-62dd-51e7-b8f8-d3c9740ae584,Senior Android Developer,Android,backend,6.0,senior_6_10,intermediate,3.0,android;api;graphql;php;rest,5,,"I'm a senior android developer with 6+ years of experience. In total, I have 16+ years of experience in programming and IT. I’m used to following Clean Code principles, Design Patterns(GRASP, GoF), SOLID, etc, which helps to make stable and bug-free apps. I have extensive experience with the Google Maps API, GPS, camera, integration with social networks (Facebook, Twitter, Instagram), client-server communication (REST, GraphQL, WebSocket ), In-App Purchases, etc. Also I have experience in creating simple web backend for mobile applications using Drupal CMS, Kohana PHP framework, and Firebase. "
ad1b6eaf-5d3f-5651-b223-4fa15fb737b9,Project Manager,Project Manager,product_project,2.5,junior_1_3,fluent,5.0,agile;project management;scrum,3,,"I'm proud of my VP term in AIESEC. I managed to set up and improve the processes: I separated digital marketing from offline marketing, created scripts for the sales process, established the position of customer support for young people who decided to go on internships abroad. That helped to make the biggest amount of successful internships in the history of AIESEC in Kyiv (120). Another MoS was the retention rate from the department. 9 out of 14 people decided to apply for another position in AIESEC in Kyiv after their term in the department of oGV and marketing finished. And all of them were"
f7abd0e4-36a9-5f10-ae05-1a1b3348979e,Business Analyst,Business Analyst,data_analytics,1.0,junior_1_3,intermediate,3.0,power bi;sql,2,,"* Collecting and analyzing business requirements from internal customers * Preparation of data model in SSAS * Developing dashboards in Power BI Desktop with the use of bookmarks, slicers, measures and complex DAX expressions. * Setting up RLS Data policy for different groups of users * Writing SQL scripts for data quality checks and observation of anomalies in source data * Mentoring and adaptation of junior level team members"
6c039ca4-b82f-574d-bf3b-9d55e182d956,Frontend Developer,JavaScript,frontend,3.0,mid_3_6,fluent,5.0,javascript;react;typescript,3,,"At my current place of work, myself together with the CTO built the second version of the company's e-commerce web application, using React, redux toolkit for state management, firebase for the backend, typescript, react query for queries."
0f6f0670-b364-5977-8c45-08b044b95133,Node.js developer,Node.js,backend,0.0,junior_0_1,intermediate,3.0,javascript;mongodb;node.js,3,,"I have a bachelor's degree in computer science. Participated in the international team programming Olympiad. I am looking for a position in a company that's aimed at growth and progress together with a team. I want to develop my skills as well as grow with a team. I don't have any commercial experience yet, but I am actively engaged in pet-projects using nodejs(express) and mongodb."
3ea4479d-7c12-5bd8-b522-37922c2b3ac0,Python/Django Developer,Python,fullstack,4.0,mid_3_6,intermediate,3.0,django;python;react,3,,"I am very experienced with Kafka, RabitMQ like messaging queues and distributed systems. - At DeepInfo I was part of distributed scalable data collection projects with python. - At Biges I was backend developer of B2B django based e-commerce project. - At Yazılım24 I was a full-stack web and react-native developer. I used django for the backend and react for the frontend. Even I have frontend experience, I am actively looking for backend jobs but I can handle minor frontend issues."
c8a21301-6b72-57c0-94f0-d3fa68287e04,Android Developer,Android,mobile,9.0,senior_6_10,fluent,5.0,agile;android;api;blockchain;data analysis;flutter;git;java;kotlin;rest;scrum,11,,"Tools & Technologies: • Java, Kotlin, Android SDK, Flutter, Dart, KMM • REST API, gRPC, JSON, XML, ProtoBuf, Swagger, GCM/FCM • SQLite, Realm, Room, Firebase Realtime Database • Git, SVN • JIRA, Redmine, Trello • Google API’s (Maps, Directions, Geocoding, Location Services, Places, Billing, AdMob, Youtube) • Libs and services: - Base: Arch Components, Coroutines, Coroutines Flow, RxJava - Net: Retrofit, Okhttp3, Volley, GSON, Jackson, SimpleXML, Stetho - DI: Dagger 2, Hilt - UI: Compose, Conductor, Jetpack Navigation, Mosby, Epoxy, ButterKnife - Media: Camera Api, BLE, ExoPlayer2, Twilio Video"
af43de74-ceee-5b21-bebc-8636f8f1de46,Product manager,Product Manager,product_project,3.0,mid_3_6,fluent,5.0,product management;project management,2,,"Fozzy Group Kyiv City, Ukraine Product Owner, Warehouse Logistics Development Department Mar 2021 - Present · 1 yr - Successfully launched Ukraine’s first productive AGV-robotized warehouse zone with estimated USD 600 thousand annual economy - Led a multi-functional IT team of 11 people that integrated company’s WMS with external software - Developed new business processes to integrate the robotized zone into an existing warehouse- Successfully launched Ukraine’s first productive AGV-robotized warehouse zone with estimated USD 600 thousand annual economy - Led a multi-functional IT team of 11 "
b9c22114-3405-5a5f-b414-3a7077c7fd6f,Java QA Automation Engineer,QA Automation,qa_testing,1.5,junior_1_3,intermediate,3.0,java;javascript;qa;selenium;typescript,5,,"Experience in Java: Selenium Webdriver, Selenium Grid, TestNG. (using Page Object Pattern, Page Factory Pattern) Javascript/Typescript: Cucumber, Protractor, Chai. Manual QA: Jira, Xray for Jira, Testrail, PostMan, Firebug."
9ef65f1c-3320-5b7d-a5fd-819cd56f2b74,Java Software Engineer,Java,devops_cloud,4.0,mid_3_6,fluent,5.0,agile;java;kubernetes;spring,4,,"Took part in preparing and presenting Java learning materials to students. Mentoring. 2 years of software development experience with non-stop learning and sharping knowledge. I've been working on a big project with state-of-the-art technologies in an agile-driven team. My core skills are Java (8 and 11), Spring Boot Framework and Kubernetes. I was developing new features, thorough teammates code reviews, and refactoring and modernizing old code base to meet system requirements. Day-to-day facing algorithmic and OOP system design challenges I'm still eager to learn something new and mastering "
54776a30-2878-5f45-b50f-d9b01b3612b7,Embedded / Computer vision,C++,machine_learning,4.0,mid_3_6,intermediate,3.0,ci/cd;computer vision;linux;machine learning;python,5,,"* Porting software to Linux; * High-performance implementation of Machine learning algorithms; * Firmware development for Power Control Unit on ARM-baced MCU; * OpenCV knwoledge, own implementation of high performance CV-algorithms; * Parallel computing with CUDA; * Linux bootstraping on different development boards, custom filesystems development; * Was teaching embedded linux course in NTUU KPI. Linux, OpenCV, Matlab, Verilog, English, C (plain), C++, CUDA, ARM, Quartus, IAR, Machine Learning, Linux Kernel, U-Boot, POSIX, Continuous Integration, FPGA, TeamCity, Python, Intel IPP, PCB, TCP/IP"
4328edd1-feb5-57e4-9093-daf75f94de74,Project Manager,Project Manager,design_ux,4.0,mid_3_6,fluent,5.0,agile;product management;project management;ui/ux,4,,"- Working as a Project manager with customers aboard to help implement their startups (from the earlier discovery phase, through development to the release of the project online) - Worked as a UX designer. - Worked as a Product/Project Manager on the development time tracking app and on the IoT internal project (as a Product Manager). - Helped to set up internal education project in a company: providing external events and PR activities to attract students, interaction with a lot of people in the company to synchronize programs and events. - Worked with HR dept. To set an internal career syste"
e0959e2f-dc5f-5c7f-b3a5-e84d8eb1fcc5,Backend Java Developer,Java,backend,1.0,junior_1_3,intermediate,3.0,api;java;python;spring,4,,"Worked on startup project as a backend developer on java to get experience and study something new. Finished my diploma project using java spring framework, swagger api, and other useful possibilities in java which you can see at skills tab higher. Also, I have experience working on group projects in C++, Java, and Python at university while I have studied. I am looking for a job that can provide me with new experience and knowledge, thereby developing further."
752bda6f-12d8-557b-9173-b46333436ca6,Back-End Node.js Developer,Node.js,fullstack,0.0,junior_0_1,intermediate,3.0,api;blockchain;javascript;mongodb;node.js;react;rest;sql,8,,"- 1st place on International contest ""IT-Universe 2013/2014"" in 1C:Enterprise 8 nomination. - 1st place on Ukrainian tour of Internation contest ""IT Planet 2013/2014"" in 1C:Enterprise 8 nomination. - API service Natours is a result of learning Udemy course about how to create an API using Node.js, Express, MongoDB, Mongoose and Heroku. - Chat app was developed during udemy course ""Web Developer Full Stack"" (JavaScript, React, Redux, redux-thunk, Axios, WebSocket, Loopback). - PIP (Parallel Image Processing) - Node.js mini-project to test npm package worker-farm (Node.js, JavaScript, worker-far"
b165150b-a391-5079-81a5-0d2745fc50b2,Разработчик java,Java,data_analytics,1.0,junior_1_3,intermediate,3.0,agile;git;java;mysql;rest;scrum;spring,7,,"National Technical University of Ukraine “Kyiv Polytechnic Institute”, Faculty of Physics and Mathematics. - M. S., Mathematics, June 2012 (master's degree with a honours); - Ph. D., The Fundamental Solution of the Cauchy problem for some parabolic equations with increasing coefficients, Expected 2019; JAVA [KYIV] AUTUMN 2017 (Epam) Completed project: https://github.com/Tanuhaza/TestingSystem/tree/master/testingSystem OOP, MySQL, Java Core, Maven,Tomcat, JDBC, JSP+JSTL, Log4j, IntelliJ IDEA, Git, HTML, CSS, JScript, Excel, Agile, Scrum; REST + Spring + Hibernate -> in process of learning"
0205e308-0899-5e0a-b994-629fe429f886,Junior QA,QA,mobile,0.5,junior_0_1,intermediate,3.0,agile;android;ios;qa;scrum;sql,6,,"• Understanding of SDLC; • Understanding of Scrum, Agile; • Knowledge and understanding of testing types; • Knowledge and understanding of test design technics and approaches of Software testing; • Experience in creation of testing documentation (bug reports, checklists, test cases); • Bug-tracking systems – Jira; • OS – Windows, iOS, Android; • Basic knowledge of HTML, CSS, SQL; • Knowledge of the network protocols; I expect interesting, complex and diverse tasks, to obtain an experience in QA-area and improve my skills as a QA-Engineer."
cd0cfb09-4933-51ce-a45f-fd9a432aea3a,DevOps engineer,DevOps,devops_cloud,2.0,junior_1_3,intermediate,3.0,linux;terraform,2,,"Junior Systems Engineer with a few years of experience in Network/System Administration, also with DevOps Tools -Experience working with Linux/Windows Servers, like Debian, Ubuntu, CentOS, Windows Server 2019 -Experience working with Active Directory, it's Group Policies, WSUS -Knowledge of Cloud, Networking, Systems, Scripting -A few experience working with DevOps Tools, like Ansible, Terraform -Continously learning Cloud environment & Devops tools -Good analytical skills"
724880a1-20e4-5901-9c16-c767b172176a,Manual QA Engineer,QA,qa_testing,2.5,junior_1_3,intermediate,3.0,android;api;ios;python;qa;scrum;selenium,7,,"Work experience: November 2020 - Current day (Vimmi) Trainee: July 2020 - October 2020 (Vimmi) Courses: QATestLab: January 2020 - February 2020 - 'The Fundamental of Software Testing' Stepik: October 2019 - November 2019 - 'Test automation with Selenium and Python' Project Rolle: Manual QA Engineer Responsibilities: bug reports (Redmine, Jira), test cases (Squash, Test Rail), checklists, review requirements and test documents Right now, I’m working at the product company. I’m testing Web application. It's a big project with a lot of modules that has more than 10 million downloads (Android). Sk"
12f8b3a2-53f5-55c1-a70f-c7da95cf16f1,Data Scientist,Data Science,machine_learning,3.0,mid_3_6,fluent,5.0,data analysis;machine learning;mysql;pandas;power bi;python;spring;sql,8,,1. Polygon Africa Bootcamp: Mastery Track runner-up 2. Chainlink Spring 2022 Hackathon Filecoin - Runners up. 3. Protocol Labs (Filecoin) MicroGrant. 4. 2nd place Zinid's SFC PAYGo Solar Credit Repayment Hackathon by #ZindiWeekendz. 5. 3rd Place Bitgrit's Video Popularity Prediction Challenge. 6. Data Science Nigeria 2020 Bootcamp - Runners up. Data Scientist at Crown Interactive Limited •Worked with the product team on operational tasks. •Generated business reports using PowerBI for the company clients. •Worked with the management team to create a prioritized list of needs for each business s
c5d6c872-9ea6-5f18-98f6-cf9c51d81479,Data Analyst,Data Analyst,frontend,1.5,junior_1_3,fluent,5.0,data analysis;numpy;pandas;power bi;python;sql;tableau,7,,"Extreme familiarity with -Pandas -Numpy -Excel KPIs and Visualization -Power Bi, Cognos -Front End (HTML, CSS, JQuery) _Landing Pages Hello! I’m Michael, and I’m a data analyst. I am fully experienced in the full functionality of Excel, in data cleaning, data preparations and the potential to create vast visualizations. I have written several exams graded and certified by IBM that proves I possess the necessary skills for this job, and I have A year plus experience in Data presentation. [reference to my certifications] I am proficient in SQL and Python as well as several other major database m"
b7a1f0d2-3236-5d20-9862-187a6bb94bed,Project Manager,Project Manager,product_project,2.0,junior_1_3,fluent,5.0,flask;project management;qa,3,,"Project Manager - SolidOne LLC April 2023 - July 2023 - Led implementation of a data binding platform for Chinese partners - Facilitated effective communication with a multicultural team - Gathered feedback and make iterative improvements and tailor the data binding system to better suit stakeholders needs continually. Project Manager - TrixCode LLC January 2022 - February 2023 - Successfully managed multiple complex projects in the waste disposal services industry, including websites, Customer Dashboards, Transportation Management Systems (TMS), and B2B Marketplaces - Collaborated closely wit"
5d2b7b3f-eccf-5da3-837f-7b613236e365,UX Designer,Design,design_ux,8.0,senior_6_10,intermediate,3.0,product management;ui/ux,2,leadership,"- Since 2014, as a UX specialist, I have worked on more than 40 projects. - Participated in many UX trainings, in particular, took coaching from Olga Gorenko. - Was a moderator at UX camp 2015 Bukovel. - I have experience with the product as a Product Manager. - Creation from scratch and support of the development process in which 19 people from different teams (from design to testing) participated. - Digitalization of internal processes of the company. - Real sales experience. In the past, I was the deputy director of an electronics store in a large chain of “Allo“ stores. I work at Raiffeise"
0839d242-0749-53ae-8e5c-21a5c651e22f,Automation QA Engineer,QA Automation,devops_cloud,4.0,mid_3_6,intermediate,3.0,api;azure;ci/cd;git;java;jenkins;linux;qa;rest;scrum;selenium,11,,"4+ years of professional experience in the Information Technology industry specializing in Quality Assurance, including manual and automation testing domains. Programming Languages: Java, Groovy; Automation Framework: Selenium, Selenide, REST Assured, Cucumber, Spock, Appium; Development Environments and Bug Tracking Systems: Confluence, JIRA, GitLab, Azure DevOps, TestRail; Version Control Systems: Git; CI/CD environments: Jenkins; Integrated Development Environments: IntelliJ IDEA; Software Development Methodologies: Scrum, Shift left testing, Kanban; Platforms: macOS, Windows, Linux; Respon"
414a2372-48a1-5db9-be5b-1553ec265b29,Junior/Trainee DS/ML,Data Science,machine_learning,0.0,junior_0_1,intermediate,3.0,data analysis;machine learning;numpy;pandas;python;scikit-learn;sql,7,,"Worked as a gynecologist and psychologist in IVF clinic, medicl centres, did scientific researches , wrote scientific articles in medical journals. Have high level of emotional intelligence,good erudition, skills in critical thinking and analisis.I'm not afraid to study a lot after graduating from medical university dont have commercial experiense jet but ready to study Courses and certificates: Inspiring Leadership through emotional intelligence, Coursera Critical Thinking,Prometheus Pragmatic Clinical Trials and Healthcare Delivery Evaluation,EdX introduction to data analysis ,Stepik Introdu"
d8e5d76a-5cc9-55b3-b51e-6d70f97e0526,Front-end developer,JavaScript,frontend,5.0,mid_3_6,intermediate,3.0,javascript;react,2,,"5+ years of experience in Web Development. Participated in developing a large number of features, from generating XML feeds to integrating services such as Google Calendar. Experience in working with React and related libraries like Redux, etc. I am looking for React projects. Team in which I can do interesting projects on modern technologies and improvement of my professional skills."
af2cecee-d9e5-5a48-bf9f-1df505fa71d6,Junior Project Manager,Project Manager,product_project,1.5,junior_1_3,intermediate,3.0,agile;project management;scrum,3,,"Google Project Management Certificate (Kyiv, Ukraine) Period – 6 months Course in managing projects using analytical methods and search methodology (Agile), write project documentation and develop strategic communication skills. Google Fundamentals of Digital Marketing (Kyiv, Ukraine) Period – 1 months Course of fundamentals in basic marketing knowledge for developing or building a business. Web Design Fundamentals (Kyiv, Ukraine) Period – 10 hours Course of fundamentals in basic knowledge of Web Design, incl. 5 hours of practical lessons (lectures) and 5 hours of practical training. Capstone:"
f2a0a030-138a-5b8e-a37d-2f4258b87c31,QA Team Leader,QA,qa_testing,7.0,senior_6_10,fluent,5.0,agile;api;docker;git;jenkins;linux;microservices;qa;sql,9,,"- have an experience of technical lectures to the people within the company - participation in internal mentoring program - successfully passed IC Agile certification - successfully passed ISTQB foundation level - Strong experience as a QA Engineer. (7+ years); - Experienced in mentoring QA engineers, involving newcomers to the project, leading several streams at the same time, interviewing candidates; - PO communication and reporting (weekly/release statuses) - Web testing, big data, BE applications, microservices; - Deep knowledge of client-server architecture; - Requirements Analysis; - Tes"
04847d08-78b7-5725-90bb-464fce7c1c09,Front-end developer,JavaScript,fullstack,1.0,junior_1_3,intermediate,3.0,javascript;mongodb;node.js;react,4,leadership,"In six months, I learned a new profession and have the strong knowledge to start my new career. I was a team lead in two projects. And got experience in working with githab, resolve conflicts and organization of teamwork This is not the first time I've started something from scratch and succeeded. I’m ready to go forward to get more! Hi! I have completed the Full Stack developer course at GoIT school. I have a strong knowledge of the MERN stack. Finished more than seven projects, in two of them I was a team lead. I use JavaScript, React and Next.js in my work. I can also write back end using N"
ca611b6d-940b-58a1-8486-d4bae307ab60,Backend Engineer,Node.js,backend,4.0,mid_3_6,fluent,5.0,angular;api;aws;blockchain;docker;git;go;graphql;javascript;linux;mongodb;mysql;node.js;postgresql;redis;rest;typescript;vue,18,,"Hello, I'm a Javascript & Typescript developer with 4 years of experience building and debugging software. I have a solid computer science background knowledge of networking, databases, and operating systems including Linux and its terminal. I also have sufficient experience building backend systems with gRPC, GraphQL, and REST APIs using tools like NodeJs, Express, NestJs, HapiJs, PostgreSQL, MySQL, MongoDB, and Redis. *MY EXPERIENCES* 1. Software Engineer - I was instrumental in architecting systems and making technical decisions for the team based on business needs communicated by my lead. "
af5aa4c9-2a23-5660-9fa1-229f8649efc7,Java | C++ developer,C++,mobile,5.0,mid_3_6,intermediate,3.0,android;java;javascript;sql,4,,"Winner of the POC (proof of concept) contest. Implemented virtual guide with augmented reality for Android tablets - 5+ years of software development experience - Strong C/C++, Java (SE, EE), Open GL (ES 2.0), GLSL, Animation techniques, Image processing/effects, Android SDK/NDK, Vuforia SDK, CORBA, Web (JavaScript, HTML, CSS, Struts, GWT, GXT, SmartGWT), SQL, Unit tests - self-motivated, responsible, goal-oriented, communicable and initiative team player, able to learn and work quickly and effectively"
bc99c1c8-638f-5b2a-9bdd-046b20ec9744,UI/UX Designer,Design,design_ux,2.5,junior_1_3,fluent,5.0,computer vision;ui/ux,2,leadership,"Since 2020, I've been helping businesses and individuals to attract customers and increase sales. In all that time, I was engaged in different projects ranging from creating apps from scratch to big corporate websites and e-commerce. I also have extensive knowledge of the marine industry and human resources that helps me create beautiful and user-friendly products for my clients. More information you may find in my CV as well as some recommendations on Linkedin. I wish to become a part of a strong and well-performing team with a great and cool leader for collaborative, efficient and effective "
fcca529c-d808-5698-a45c-25e15744c907,Automation QA Engineer,QA Automation,data_analytics,2.0,junior_1_3,intermediate,3.0,agile;api;ci/cd;git;java;jenkins;mysql;qa;rest;scrum;selenium;sql,12,,"Soft skills: Teamwork, critical thinking, adaptability, interpersonal skills. Hard Skills: Reporting Tools: Allure Reporting Testing Build: Maven IDE: IntelliJ Defect Management Tools: Jira Languages: Java, SQL, XML, HTML, JSON Database: MySQL, Oracle Testing Tools: Selenium WebDriver, Junit, TestNG Rest- Version Control System: GIT, GitHub Methodologies: Waterfall, Agile/Scrum/Kanban. CI/CD: Jenkins Other Tools: Postman Operating Systems: Windows I'm an engineer with 2 years of experience in the field of automation testing, using Java, Selenium, TestNG.My responsibilities included creating te"
2607f49b-faf7-54af-a2a8-10ab70767896,QA Engineer,QA,qa_testing,2.0,junior_1_3,intermediate,3.0,agile;api;docker;git;linux;postgresql;qa;scrum;sql,9,leadership,"• Changed my path of the carrier • Added features and improvements to the project • Resuscitated 3 orchids • I am a QA Engineer with 2.5 years of work experience • I worked on large worldwide projects with US customer • I'm highly interested in possibilities for professional and career growing up As a QA Engineer, I was a part of: • Creating and executing test cases. • Analyzing user stories and requirements • Estimation of QC tasks • Manual testing web/desktop application • API testing • Configure the virtual test environment • Reporting bugs • Gathering testing metrics I'm familiar with: 0. "
440cbca8-9f3b-579f-a852-cfc11fe2428c,Junior UI/UX Designer,Design,design_ux,0.0,junior_0_1,intermediate,3.0,figma;ui/ux,2,,"Successfully analyzed competitors, the user's path from search to purchase Building an effective strategy for analyzing potential customers Effectively used all the necessary products Adobe Effectively apply knowledge in animation when working in projects Languages: Ukrainian - Native speaker English - Pre-intermediate I have a degree in printing. I have excellent knowledge of adobe and microsoft packages. Now I am updating my knowledge and skills in the courses UX/UI Designer The first project is a website redesign for tattoo parlor, after analyzing competitors, the following actions were per"
c2a5de6d-cd73-5774-af97-b9c1b4e4b345,Разработчик java,Java,frontend,5.0,mid_3_6,intermediate,3.0,java;javascript;linux;mysql;postgresql;react;rest;spring;sql,9,,"Proficient programmer with relevant education in Computer Sciences. I know how develop and implement software and IT technologies. My main advantages is clear understanding business-processes within the different markets. Java (J2EE), JavaScript (JQuery, AngularJS, Karma), Vaadin, GWT; SQL (MySQL, PostgreSQL, Microsoft SQL Server, Oracle), ORM framework; Spring (Spring-MVC, Spring-Data-JPA, Spring-Data-REST, Spring-Bootstrap, Spring-Security); SOAP, JAX-RS, JAX-WS, JAX-RPC; JUnit, JMock, Mockito/PowerMock; Linux; Tomcat, GlassFish, EAS; I am look for a job in an experienced and friendly team, "
f09e7c99-2293-5424-9c36-fcb701c3dfa0,Junior Data Scientist,Data Science,machine_learning,0.5,junior_0_1,intermediate,3.0,data analysis;machine learning,2,,"uData Tech Position: trainee Data Scientist Responsibilities: data preparation, research of betting market to find profitable niches, testing of well-known models in the market rates for the optimization of coefficients and winning in general, monitoring key financial metrics. uData School Position: student Data Scientist Applied statistics and probability theory, the basics of machine learning for data analysis, work on the two projects: business and medicine. Freelance Position: Private math teacher Responsibilities: teaching different approaches to problem solving for passing the main tests"
96edab97-20ef-5a47-8a5b-74f202cd3ebd,Solutions Architect,iOS,mobile,11.0,senior_10_plus,fluent,5.0,ios;swift,2,,"*Earned a degree in Applied Mathematics* - High level expertise in Swift, SwiftUI & Combine - Full-time remote experience - Distributed team experience - Result oriented problem solver 1. A new project is always a good option to consider 2. Or a well established product to put my value in as well as to learn from 3. And last but not least should there be the opportunity to join a team of greatly talented and yet highly motivated people, I would not miss it"
895e6b0f-cfba-5a25-be98-6364f2ac6fce,Golang engineer,Golang,backend,4.0,mid_3_6,intermediate,3.0,api;aws;go;php;sql,5,,"- june 2018 – november 2019 Data base support engineer -Monitoring the current state of the system -Bug-fixing using PHP -SQL selections for business -Writing complex SQL queries for views -SQL queries optimization - december 2019 – november 2020 Back-end developer -Ticketing service development(Yii2) -API for telegram bots using Symfony, DynamoDB, PostgreSQLwithPostGIS, AWS Lambda -Telegram bots implementing fore said API using Symfony, AWS Lambda - november 2020 – november 2021 Database developer, payment system -Data schema development -Development views, functions, triggers -Database integ"
e6334006-049b-5577-8655-1485b6edccd0,DevOps/SRE Engineer,DevOps,devops_cloud,4.0,mid_3_6,intermediate,3.0,aws;azure;ci/cd;git;github actions;jenkins;kubernetes;terraform,8,,"Certificates: AWS Certified Solutions Architect – Professional Azure Administrator Associate Certified Kubernetes Administrator (CKA) Red Hat Certified Engineer (RHCE) Ansible Automation Windows Server 2016 MCSA Red Hat Certified System Administrator (RHCSA) AWS Certified Solutions Architect – Associate AWS Certified Developer – Associate Terraform Associate Configuring and Managing Kubernetes clusters(on-premises, EKS). GitOps with Argo CD. CI/CD with Jenkins, GitLab, Github Actions Creating and managing infrastructure on AWS cloud with Terraform. Monitoring with Prometheus+Grafana. Logging w"
3664abcb-1540-5d82-bb38-f819d3ccc808,WordPress developer,PHP,fullstack,3.0,mid_3_6,intermediate,3.0,php;python,2,,"Decreased database size from 9G to 350MB with saving all data. Did integration between website and app. Develop page parser on python for generating json data. Then develop a plugin for generating pages based on that data. Optimize developing process. Integrate new technologies. WordPress developer with 3+ years of development experience. Experience in custom WordPress themes and plugins development from scratch as a full stack developer. Experience with different page builders (Guttenberg, Elementor, Divi, Visual Composer). Experience in SEO optimization from a development perspective. Experi"
37363150-7e13-52bd-bb99-93e920bb2e15,Data Analyst,Data Science,data_analytics,5.0,mid_3_6,fluent,5.0,data analysis;machine learning;python,3,,"Collect business requirements, validate requirements with the involved stakeholders and against available databases Specification and design of interfaces Lead the project of geospatial (Remote Sensing) data analysis, visualize crop over productivity at country level, cluster crops into several groups based on types. Automate the total process to promote decision making. Develop and apply data science and statistical methods and experimentation to analyse the effect of pricing and sales decisions on business performance. Support OCR pipeline using Python Build predictive and machine learning m"
a2a2002e-72c1-5ce3-8faf-b625b8f9bf18,Project Manager,Project Manager,product_project,1.0,junior_1_3,fluent,5.0,agile;product management;project management;scrum,4,,"Digital Marketing Platform (2018-current)- Outlining work plans, determined resources, wrote timelines and generated initial budgets as part of project scope determination. Developing and implemented performance improvement strategies and plans to promote continuous improvement. Performing duties in accordance with applicable standards, policies and regulatory guidelines to promote safe working environment. Offering friendly and efficient service to customers, handled challenging situations with ease. Using coordination and planning skills to achieve results according to schedule. Developing t"
4dbf7480-bc5c-583d-9f95-fa395da0a557,"QA Lead, QA Manager",QA,qa_testing,5.0,mid_3_6,fluent,5.0,qa;ruby,2,,"Have more than 5 years of experience. Last 3 years I've been working as Senior QA Analyst in Houston, Texas. During that time my responsibilities included but were not limited to: - Managing remote automation QA team. - Automation scripts design with Ruby and Cucumber. - Test plans and test cases design. - Manual test cases design and execution. - Regression testing planning and execution."
13055225-89ef-5f6c-ae25-443c9228a06d,Frontend Developer,JavaScript,frontend,0.0,junior_0_1,intermediate,3.0,agile;angular;django;javascript;linux;machine learning;python;react,8,startup,"- Diploma project - the highest score was received for the defense of the thesis (100/100) - Participation in the creation of the startup ""ProstoEDU"" - Participation in IEEExtreme 15.0 - Passed workshops ""Active Citizens Camp"" - 2 publications in scientific publications - I have internal Cisco certificates (NDG Linux Unhatched, Programming Essentials in Python, Programming Essentials in C++) - participation in Game Jam from LNU My experience includes developing web applications in various programming languages such as Python, JavaScript. I use frameworks like Django, React and Angular. My expe"
6b8f91f0-eec0-5f7f-b07e-3bf140a7e84b,"Junior C#/.Net Developer, Junior Unity3D Developer",.NET,backend,0.0,junior_0_1,intermediate,3.0,.net;android;linux,3,,"•Junior Engineer for Automation and Computer technology I received a Bachelor from National University of Food Technologies (Kyiv) in 2018. I do not have work experience, but I try to get this experience! • I have experience with Windows and Linux systems. •The level of knowledge of English is intermediate. •Acquainted with SOLID, OOP, basic knowledge of C#/.NET. •The course ""Programming language C#» was passed in Microsoft Virtual Academy and I developed Weather Forecast App for Windows 10 (UWP). •I was programming industrial controller of Schneider Electric, Siemens and Mitsubishi in the uni"
70045e90-ac3f-5486-a954-add008087e7b,Junior DevOps Engineer,DevOps,devops_cloud,0.0,junior_0_1,intermediate,3.0,aws;ci/cd;docker;gcp;git;java;jenkins;linux;mysql;terraform,10,,"Worked as a software implementation engineer. Completed several DevOps courses, including EPAM During the EPAM course, I: - Created a CI/CD pipeline as graduation project. - Used services and technologies: java-maven app, Gitlab, jenkins, GCP cloud, terraform to create infrastructure in the cloud with tfstate storing in bucket. - Deployed the application as a docker container to GCP VM, automating the process using Ansible with inventory plugin. Also got practical skills in: - Installing and configuring virtual machines based on Linux (Ubuntu/RHLE). Creating users and groups. - Configuring the"
74e4cdfd-bdd2-5433-84d0-a060014e4389,Business Data Analyst M/S,Data Analyst,data_analytics,4.0,mid_3_6,fluent,5.0,blockchain;data analysis;elasticsearch;graphql;sql;ui/ux,6,,"April 2021 — currently Blockchain data analyst, researcher, developer • Web3, DeFi - market & tech research, personal projects • On-chain data extraction & analysis • FA, TA, trading & investment strategies • Smart contracts development • Blockchain development September 2020 — June 2021 Yoloco (influencer marketing analytics SaaS) Lead Data Analyst • Product R&D: Scoring models design & implementation, UI/UX features custdev, A/B tests • Advanced SQL queries, reporting automation • ETL pipelines architecture & processing in stack (ClickHouse, Elasticsearch, GraphQL, SQL) • Tailored research &"
7c19012f-0002-50ca-96b8-fe93692ada3b,UI/UX DESIGNER,Design,design_ux,4.0,mid_3_6,fluent,5.0,javascript;ui/ux,2,,"I have 4 years of work experience and have worked with Ed. Tech, fintech, health tech , websites, Sports Betting, Management systems, Government platforms. I have a good background in HTML CSS and JavaScript."
3882ffcb-1544-54f7-abae-dd49821233ca,Android Developer,Android,mobile,4.0,mid_3_6,intermediate,3.0,android;flutter,2,,Experience in commercial Android development in the last 4 years. Writing the application from the beginning to the release on Google Play. Working on the application independently and in a team. Support for applications in release. Wrote personal project on flutter framework (0.8 year)
8a1bf4fa-e714-5e07-b0b7-8d14c7779669,Product manager,Product Manager,product_project,11.0,senior_10_plus,fluent,5.0,agile;computer vision;product management;ui/ux,4,,"A passionate and value-driven product management professional with around 10+ years of experience in business development, marketing and user experience in the tech field. As a startup enthusiast with an agile mindset has implemented diverse functions serving as a link between tech people, stakeholders and C-level management. Has successfully managed tech product lifecycles from planning to growth, by leading and managing innovative cross-functional teams. Committed to continuous learning and development, look forward to interesting opportunities to manage the development & launch of new chall"
bb563ae5-8c21-5caa-ae2a-782d896811b3,Data Scientist,Data Science,machine_learning,3.0,mid_3_6,intermediate,3.0,api;computer vision;docker;elasticsearch;fastapi;linux;mongodb;mysql;numpy;pandas;postgresql;python;redis;scikit-learn;sql,15,,"I am a Data Scientist with Data Engineer skills from Belarus, currently based in Spain (Vigo). I have more than 3 years of experience in commercial projects. Systems that I have programmed: Computer Vision, Telegram Bot, Scraping, Time Series Forecasting, Recommendation System, API Services, ETL Airflow, User Management Automatization Tools. Domain expertise: e-commerce, trading, FMSG, industrial automation, iGaming. NewAgeSol, Kyiv | iGaming, trading | Data Engineer - full cycle from research to writing the service ALS / LightFM recommendation system - manager automatization tool for database"
0e922e83-b172-5239-af36-73a81f34b563,Ruby on Rails Developer,Ruby,fullstack,3.0,mid_3_6,intermediate,3.0,angular;javascript;linux;postgresql;ruby,5,,"Create several projects from scratch Backend: Ruby on Rails Front-end: HTML, HAML, CSS, SASS, Bootstrap Scripts: JavaScript, CoffeeScript, JQuery, Ajax, Angular Web server: Nginx Database: PostgreSQL Administration: Linux Deployment: Capistrano, Unicorn Background jobs: Sidekiq Full stack web developer SOLID, DRY, OOP, TDD, BDD Interested in full stack"
169ccb87-826f-5c69-a872-02bcbddd3814,Software Engineer,JavaScript,frontend,4.0,mid_3_6,fluent,5.0,.net;android;api;figma;flutter;javascript;node.js;php;python;react;react native;sql;typescript,13,,"- Deployed multiple mobile applications using Android, React Native and Flutter - Deployed several web apps using HTML, CSS, Js, React.js, PHP and Node.js - Have a solid experience in leading front-end teams. In my 4+ years work experience, I have completed various projects and tasks using a range of technologies and worked in/for different industries such as logistics, transportation, insurance, e-commerce and even hospitality. As a Lead Mobile Engineer, I led a team of other mobile developers and ensured designs were accurately translated into code. I conducted thorough security audits to en"
36efc291-80e4-57e7-a539-399184dca572,General QA engineer,QA,mobile,3.0,mid_3_6,intermediate,3.0,docker;git;java;jenkins;mongodb;postgresql;qa;sql,8,,"• Knowledge of software testing theory • Skills in writing test documentation (acceptance criteria, test cases, checklists, etc.) • Helping the support department in difficult cases • Writing and updating help documentation • Experience in testing mobile applications • Writing autotests using the Codeception framework • Working with Jira, Postman, Swagger, Git, PostgreSQL, MongoDB, JsonPath, Jenkins, Openstack, VMware vCloud, Docker • Writing TOSCA Descriptors in YAML • Writing feature files for autotests using the Cucumber framework • Have basic knowledge of Java, HTML, SQL • Understanding th"
a2345763-6cf9-5904-a2e4-69769838c37f,UX/UI Designer,Design,design_ux,2.0,junior_1_3,intermediate,3.0,figma;ui/ux,2,,"I create UX/UI designs that add value to digital products and turn users into clients. I create interfaces that prove their effectiveness by improving KPIs UX/UI designer, well versed in both research and creation of visuals parts of the design process. I consider myself to be a proficient user of such tools as Figma, Adobe Photoshop, Miro, Maze, and Proto Pie. I have experience of independent and team work. Currently, I am looking for a job where I can apply my knowledge in practice working on a product I could be proud of. I have 1.5 years of experience as a UX/UI designer. My agency deals w"
73687f70-b009-5eee-baf6-1da7ef183ab9,Middle FrontEnd / FullStack developer,JavaScript,fullstack,3.0,mid_3_6,intermediate,3.0,agile;angular;aws;docker;figma;git;javascript;linux;node.js;react;typescript,11,,"I'm a result oriented, fast learning web developer mostly experienced in Frontend (Angular, React) and familiar with Backend (Node.js, Next.js). I have more than 3 years of commercial experience in Web development. I also have higher education in computer science. Technical skills: - languages: JavaScript(Typescript); - frameworks: Angular (Angular Universal), React (Redux), Adonis JS, Next JS; - layout: HTML, CSS, Sass(SCSS), Bootstrap, Tailwind; - Templates: Figma, Scratch, Photoshop; - development tools: Webpack, Parcel, npm, yarn; - deployment: ssh, bash, docker, bitbucket-pipelines, AWS ("
0501c952-bd14-51cc-924a-de5498a1df8a,Junior QA,QA,data_analytics,0.0,junior_0_1,intermediate,3.0,qa;sql,2,,"Educational centerSkillUp, QA courses Preparatory course (HTML, CSS, SQL) Automated Software Testing by GlobalLogic 01.2019-05.2020, 01.2021-09.2022 Position: “Replays Operator” Company: StarLadder • Preparation and issuance of live replays of team streams at the command of the director, taking into account the game situation and scenario."
ecf36d4e-c5f3-5802-9fa6-8a27af4baa35,Sales Manager \ Project Manager,Sales,qa_testing,11.0,senior_10_plus,fluent,5.0,project management;qa,2,,Trusted supplier of Landmark Group (www.landmarkgroup.com) Hold quality assurance check by Ukrainian government bodies on China medical plants. Implementation of «turnkey» projects. Creating reputation as trusted partner. Full study of clients to close deal. Claim work. QA for products and services provided. Stuff management. Contact with government bodies. Custom clearance and logistics.
0db2638b-b0d4-5384-acdd-aa2a651d612a,Project Manager,Project Manager,product_project,2.0,junior_1_3,intermediate,3.0,blockchain;javascript;project management;python;typescript,5,,"I have a bunch of Web-based skills. I have worked on many blockchain and web3 projects. Mainly my projects were on Ethereum and Solana platforms. Worked with Javascript, Typescript, Python, etc. For now Im switching to project management and seeking new opportunities."
e3dfff78-937f-5ba9-a6f9-7f3b81aa9e59,Cloud/Platform Engineer,DevOps,devops_cloud,2.5,junior_1_3,fluent,5.0,aws;ci/cd;django;git;github actions;postgresql;terraform;ui/ux,8,,"I'm good at server-side scripting and infrastructure development. As a Site Reliability Engineer at mthmr, I was responsible for ensuring the reliability and performance of the company's infrastructure. One of my key projects was migrating the infrastructure from AWS to OCI (Oracle Cloud Infrastructure). This involved designing and implementing a new architecture that would be more cost-effective and scalable, while still meeting the company's performance requirements. To begin the migration, I worked closely with the development team to identify the key components of the existing infrastructu"
f55db670-14d5-5a1f-a0c1-4c7c3dcc837c,Junior Java Developer,Java,backend,1.0,junior_1_3,intermediate,3.0,java;spring,2,,"Diploma wiht honors of graduation Economic cibernetic. Diplom Ciber Bionic Systematic. Self-study of English. Implemented a management accouning system at the enterprise. Course Project : Tank; Sea battle; Black Jack; Technologies are using - Java, Spring."
f4b16b23-4385-51bf-8e76-7c25f7408d20,Data Scientist,Python,machine_learning,0.0,junior_0_1,fluent,5.0,data analysis;machine learning;numpy;pandas;python;scikit-learn;sql;tableau,8,,"I utilized a range of technologies commonly used in data science, including Python for data manipulation and analysis, libraries such as Pandas and NumPy, and machine learning frameworks like scikit-learn. I also gained experience in data visualization using tools such as Matplotlib and Tableau. Additionally, I familiarized myself with SQL for data querying and database management. I am writing to express my interest in the data scientist position at [Company Name]. As a recent graduate of the data scientist course at Main Academy, I am eager to apply my knowledge and skills in a professional "
1c0ee817-fb4a-529c-ad3a-24801a83d63f,AQA Engineer,QA Automation,qa_testing,0.0,junior_0_1,intermediate,3.0,django;linux;python;qa;selenium,5,,"2021-2022 It Step Academy QA Engineer Cisco Networking Academi Awards Certificates of completion: “NDG Linux Unhatched 2021-2” “IT Essentials: PC Hardware and Software 2021-2” “NDG Linux Essentials 2021-2” “Introduction to IoT 2021-2” “PCAP - Programming Essentials in Python 2022” ""CCNAv7 in Introduction to Networks 2023"" ""Introduction to IoT 2022"" I have experience in writing frameworks for auto testing using selenium, allure and pytest. Experience writing Django web applications. Experience in writing a mini desktop application. Experience in writing 2d games using pygame. I look forward to "
b8694639-d213-593b-89d5-5b308f24c215,Senior Android Developer,Android,mobile,5.0,mid_3_6,fluent,5.0,android;java;jenkins;machine learning,4,leadership;part_time,"Promoted to a team leader position after a year of working on the project; Interviewed more than 20 candidates for different projects; Conducting a mini-lectures on different CS-related topics (algorithms / data structures) for a team; Certificate with a distinction of ""Functional programming principles in Scala"" Coursera MOOC Experienced Android engineer with more than 5 years experience in industry, and more than 2 years experience as a Team leader of a team of 6 developers. - Profound experience with Android SDK: Activity/Task lifecycle, Fragments, Networking; Data binding; Espresso; - Expe"
c2134255-862a-502f-a46d-129893789dc4,Full Stack Web Developer,Node.js,fullstack,4.0,mid_3_6,intermediate,3.0,api;graphql;javascript;nlp;node.js;react;redis;typescript,8,,"Open-Source library for API The Open-Source project for a company that provides API for sending emails and API for SMS sending and organizing flow around this email key functionality, such as click statistics, open statistic, email personalization, email templates, and others. From the maintenance side, I fixed and closed all issues and all the time helped users to find the solve their problems. Sometimes the issues and bugs are related to different domains and scopes such as the template language level that was written on C++ and others. From the development side, I have done global refactori"
0679be1d-162d-529c-866f-63ec86667fdf,Ruby on Rails Developer,Ruby,data_analytics,1.5,junior_1_3,intermediate,3.0,git;linux;ruby;sql,4,remote,"For a year I was supporting a legacy Rails 3 webstore while working on small but useful services for the company. One of them is an automation service for context ad campaigns. Another one is a service to aid employees check relevant prices and place orders in suppliers' b2b systems. Right now I'm finishing a webstore on Spree as a freelancer. During this project I started contributing actively to open source (which I consider an achievement). 1,5 years XP Ruby/Rails 4 years XP webdev Skills: SQL, Git, TDD, Linux I'd like to work on APIs, server side or automation scripts. UX is not my strong "
72b91ce5-f373-5508-85e0-c4253d78462f,Infrastructure & Cloud Engineer,Other,devops_cloud,11.0,senior_10_plus,intermediate,3.0,azure;linux;mysql,3,,"Over the past more than 7 years, there have been quite a few migrations to virtual environments from physical hardware, from the cloud to colocation, and completely from on-prem to the cloud. It took a lot of time to prepare and set up environments. In my mind that was a higher achievement. Azure Cloud infrastructure Windows server administration Linux server administration NAS server administration Network configuration: Palo Alto, Cisco Meraki, MikroTik, EdgeCore, D-Link etc. On-prem virtualization: VMware/vSphere, Hyper-V, ProxMox. CloudFlare configuration WEB-servers ACS systems SCADA syst"
886045d3-a1f0-51b8-a526-a12bb988cabd,Wordpress Developer,PHP,frontend,4.0,mid_3_6,intermediate,3.0,figma;javascript;php,3,,"I'm Roza a Web developer a responsible type of professional who clients love to work with. I'm experienced in creating Websites for various purposes E-Commerce, Landing page, Catalog page, Business page. I have over 4 years of experience in these fields and I've worked with a wide variety of small to large projects. And here's the best part of what I can offer... I can get things done quickly, on time, and right. I can solve problems like, if: You have an Existing Site that needs a Facelift You run a business and are looking to start an eCommerce site My skills and expertise: Web development 🧲"
a1cb033a-7f47-56e1-8763-1f061da70345,Project Manager,Project Manager,design_ux,8.0,senior_6_10,fluent,5.0,api;project management;ui/ux,3,,"More than 8 years of experience in PM/PO positions. Building and managing the Product Backlog: - planning scope for next sprints; - lead pre-planning and planning activities, grooming product backlog; - writing user stories, defining business value and acceptance criteria, etc; - defining priorities of the tasks based on business goals, coordinating/prioritizing conflicting requirements. Defining UI/UX of the product like creation of mockups for application UI based on the API provided by game development teams; Working closely with 4 development teams before and during the sprints to ensure t"
a8cd06b2-45ec-53aa-b04f-9908e2060909,Python Developer,Python,backend,0.0,junior_0_1,intermediate,3.0,javascript;python,2,,"Haven't commercial experience, but have little Ed projects, also can do test projects for your company. Now using Python. Before used to Javascript, but with time understood that js isn't for me. I am very flexible in terms of learning the technologies that you need specifically"
43da3913-cf39-5a0c-9845-ae53b94de602,Project Manager | Junior IT Project Manager | Account manager,Project Manager,product_project,0.5,junior_0_1,fluent,5.0,javascript;mysql;product management;project management;python;scrum,6,,"- managed the development of the credit reporting process for the European business (with automation) - managed and participated in launching credit control process for Africa&Middle East (with reporting and tools) - participated in SAP modifications (Autobank and adjustments to reporting) - managed and participated in creating various tools for business process improvements and optimization (including tools for complex operations in SAP, VBA+Outlook+other systems) Hi, In the IT sector, I worked for 10 months as a Financial partner at Luxoft and from Oct21 til Feb24th I was attending IT course"
c9d6a6ae-3444-5d68-bb90-14724e1c3e7e,Data Scientist / Machine Learning Engineer,Data Science,machine_learning,2.0,junior_1_3,fluent,5.0,machine learning;python;sql,3,,- Company I worked for received a nomination at Ukraine Innovation Awards 2020. - Master’s diploma with honours for graduating at the top 5% of the course. - Obtaining Academic Scholarship throughout the entire span of studies at the university. Experienced software engineer with several projects in Machine Learning. Have strong mathematical background with excellent programming skills. Have experience of solving real world problems using ML and DS. Design and development of production-grade code and models. Commercial experience: - Designing and implementation of the SQL-database application 
6ac6b6bd-2105-5877-8e67-8bfac7e0ec86,Senior Java\Android Developer,Android,backend,0.0,junior_0_1,intermediate,3.0,android;git;java;linux;project management,5,leadership,"- Software development, software design, performance optimization, memleaks hunting - Project management, team leader - Experience in long term foreign business trips Java (3+ years), Android (2.5+ years), C++ (basic), C# (basic), OOP, Git, Maven, Ant, XML, XPath, Design Patterns, Multithreading, Linux, Intermediate English - Interesting projects - Possibility to improve technical and professional skills - Possibility to use more than one programming language in project (Java, C++, C#) - Interesting in Java EE project - Adequate management and top management on project - Able to move to anothe"
d0aa17ee-fc8e-5afa-85d8-b0324f3dc081,DevOps engineer,DevOps,machine_learning,11.0,senior_10_plus,fluent,5.0,api;aws;ci/cd;docker;gcp;git;github actions;jenkins;kubernetes;linux;machine learning;mysql;python;rest;terraform,15,,"DevOps Engineer with 12 years of experience in IT industry. Proficient with both private (VMware) and public cloud environments (AWS, GCP), automation(Python, Terraform, Terragrunt, Ansible) and containerization (Kubernetes, Docker). Looking for a Senior / Lead DevOps Engineer role in a driven and collaborative organization that strives to deliver, innovate and succeed. Senior DevOps Engineer - US-based tax compliance software (1 year) - Designed a complete AWS infrastructure which utilised both ""traditional"" and Data / ML specific services (IAM, Secrets Manager, S3, Route53, EKS, Lambda, API "
4e298ad7-ee55-5c61-a60a-96ac938b97ba,DevOps,DevOps,devops_cloud,9.0,senior_6_10,intermediate,3.0,aws;ci/cd;docker;gcp;git;jenkins;kubernetes;mongodb;mysql;postgresql;python;redis;terraform,13,,"Basically, I worked in tech support level 3, worked with programmers and automated everything, and then everyone started calling it the buzzword - ""DevOps"" ... - Huge experience with AWS and all main AWS resources (ECS, EC2, LightSail, beanstalk, CloudWatch, lambda, SNS, SQS, RDS and etc)(5 year+) - GCP - EKS, k8s - IaC - Ansible, Terraform, CloudFormation - Good knowledge and experience with virtualization KVM/OpenVZ/LXC, ESXi/vSphere - Docker, Docker-compose - Deploy, configuring, administrations - Jenkins/Puppet/GitLab/Kallithea/mercurial/svn and many other. - Writing CI/CD: GitLab, bitbuck"
9781a0d3-dd2b-5b8d-aef9-bf0e3a3bd541,QA Lead,Lead,qa_testing,11.0,senior_10_plus,fluent,5.0,qa;sql;ui/ux,3,,"Building high performance test team from scratch. Building distributed test team. Education and mentoring team members from trainee level up to strong middle and senior level. Process management Team management Hands on experience in people management. Building team from scratch - hiring, education, maintenance, etc. Experience in creating high performing test team. Education and adaptation of new team members, creating education system inside of the project according to CI principles. Deep understanding of business needs and cases, taking part in meetings with business owners in order to set "
e48dd18e-662f-5b25-b1b3-9d1d1390dee1,Senior QA Engineer,QA,mobile,4.0,mid_3_6,intermediate,3.0,android;ios;project management;qa,4,,"Summary: I have 4+ years of experience in testing Web, and 1 year in testing iOS, Android applications. Strong knowledge of technical specifications, SDLC, Software Testing Methodologies. I was working on projects ranging from electronic signature, file storage, e-commerce, and real estate. I helping with business analysis of new features to ensure best practice is implemented. Communicated with foreign customers to understand what they want to get. Basic understanding of project management. Expert communication, interpersonal, and analytical skills. Good teamwork ability. Opportunity for grow"
11443a4b-98dd-59ba-bb45-97dc873919b5,Full Stack Developer,PHP,fullstack,2.0,junior_1_3,intermediate,3.0,data analysis;javascript;laravel;php;react;typescript,6,,"Hello, I'm Mykhailo Popovych, Web Developer with 2 years of commercial experience, worked in a small startup and a unicorn with millions of users. Here is my previous experience: Deddicatted | Kilo.Health (client) | Apr 2022 - Jun 2023 Full Stack Developer Kilo.Health develops mobile wellness apps for mental health, sleep, diet, and fitness. Users can choose from a range of tailored solutions to improve their health and well-being. - Created new functionality for the web product and integrated analytics tools. - Implemented A/B tests to increase average revenue per user by 20%. - Provided tech"
52d18036-335f-5466-b194-854f14bd9856,Senior Manual QA Engineer,QA,data_analytics,5.0,mid_3_6,fluent,5.0,android;api;cypress;docker;git;ios;javascript;linux;mongodb;python;qa;redis;selenium;sql,14,,"- Worked as an independent self-managing testing unit, communicating directly with a customer. - Coordinated a team of AQA to build an automated testing framework into a project. - Helped to turn a little start up project into a corporation by providing system integration testing services. Programming Languages: Python, SQL, JS Tools and Frameworks: Pytest, Protractor, Jasmine, Chai, Mocha, Cypress, GIT, JIRA, Selenium WebDriver, Charles proxy, VirtualBox, Postman, Browserstack, JMeter, Microsoft SSMS, Docker portainer, Docker console, Redis, RDCM, Octopus Deploy, Kibana, MongoDB Compass, Robo"
3de50ef8-2f1a-5fe7-bf89-84b230394bcf,.NET developer,.NET,frontend,4.0,mid_3_6,intermediate,3.0,.net;azure;javascript;scrum;vue,5,,"3 success realesed very big fintech projects: - loan processing system; - financial exchanges aggregator; - telegram bot, facebook bot; 3 supported projects; - c# - 4 year exp. - asp.net mvc/webAPI - 4 year exp. - mssql,plsql - 4 year exp. - html,css, js,vuejs,jquery - 2 year exp. - azure functions/queue - 1 year exp. - ASP.NET core - 2 year exp. An open, friendly and fun environment; Working in a scrum team; High competitive salary; Career possibilities; Сomfortable schedule;"
3b5f93f5-dc99-5ca2-b08c-1fc889b6bf5a,System administrator,Sysadmin,design_ux,1.0,junior_1_3,intermediate,3.0,.net;javascript;linux;python;sql,5,,"Hi, my name is Andriy, and I'm a system administrator with a pretty diverse background. My official work experience as a System Administrator is 6 months, but before job offer I had, and still have, quite a few other projects. In my portfolio: designing and building a LAN in a refugee center (WiFi 6, RDP, port-forwarding, printer, etc.) Implementation an MDM in a company (100+ devices). Daily troubleshooting of Windows, Mac. Personal experience in installing and using many Linux distributions (Debian-based (Ubuntu, Kali), Arch, Fedora). Work experience with WordPress, HTML/CSS (4 months, gs.lv"
20d61061-e0d1-515c-b5d6-8e6b81d4d998,Project Manager,Project Manager,product_project,1.5,junior_1_3,fluent,5.0,agile;project management;scrum,3,,"Increased the revenue from company's big data projects by 40% within 1 year. The increase is ~ $35,000 / yr With A1 Team we have also launched the SMS & Viber campaigns automatization service that resulted in decrease of resource needed to launch a campaign and total increase in demand for this kind of activities by 28%. 3+ years of total experience in Project Management. 2+ years experience managing my own e-commerce website for US customers. 1,5+ years in IT Project Management. Sometimes I have combined BA & PM roles. Currently, I am preparing for passing the PSM I exam. Looking for agile-ba"
ea895472-8d61-5f12-b452-a6c6cf249d8a,Front-End Developer,JavaScript,frontend,4.0,mid_3_6,fluent,5.0,javascript;mongodb;node.js;product management;python;react;typescript,7,,"Vision-driven, hardworking, Self-motivated, and passionate Engineering graduate with 4+ year experience in developing Web Application interfaces, Technically Supporting Clients, and coaching young Web IT enthusiasts Very enthusiastic about developing and partnering with industries to build global technological solutions that factor in unique demands for security, accessibility and reusability. A seasoned expert in AutoCAD 2D/3D and Web Engineering using languages and frameworks such as React.js, Next.js, Node.js, Python, and MongoDB as well as scripting languages such as JavaScript and Typescr"
7d3e6eeb-fa54-5bb7-afb1-1633aaa39ae1,Project Manager,Project Manager,product_project,10.0,senior_10_plus,fluent,5.0,agile;project management,2,,Profile A cross-industries Project Manager / Consultant hybrid with 18+ years of experience. My passion for building businesses and delivering projects can only be matched with my learning appetite. My 9+ years of post-graduate studies (and counting) supports in pining down the concepts and certification to launch my innovation. My chemical / process engineering background provides a solid base for all things industrial and my passion for technology drives implementing disruption to all things digital. My widely diverse multi-cultural and ethnic heritage combined with my passion for travel and
faefe175-ea48-578a-8163-db872b85a542,QA Engineer,QA,qa_testing,0.0,junior_0_1,intermediate,3.0,api;qa,2,,"I have no work experience yet. But after the basic course, I have practical skills in functional, manual, exploratory, localizations, GUI, API testing. In compiling test documentation, such as Test plan, Checklist, Test cases, Test report, Bug report. There was also practice in Test Estimation of User Story and Review of requirements."
eb8c7e19-7eee-5eab-a036-3a98447e6a1d,UI/UX Designer,Design,design_ux,11.0,senior_10_plus,intermediate,3.0,figma;ui/ux,2,,"I have been working in digital design since 2012. The main specializations are UI / UX design and branding. I have extensive experience working with both small promotional projects and startups, as well as with large representatives of the fintech and e-commerce spheres. I take part in product development both at certain stages and in a complex way from analysis and positioning of the brand to designing the interface and issuing the final result to the development team. There is little experience in teaching and improving the skills of the team. My experience allows me to work with any modern "
a572033b-cedb-5538-877e-4dd33ab6a952,Flutter Developer,Flutter,mobile,0.0,junior_0_1,intermediate,3.0,flutter;javascript;python,3,,"Development of a mobile application specialized on job search and employees search using Dart, Flutter. Familiar with C, C++, JavaScript and Python. I have a bachelor's degree in software engineering at the Kyiv Polytechnic Institute (2021). Experience in developing a mobile application for job search using Flutter. Experience in developing a e-commerce website."
d79d4545-94b4-52d0-a045-143bedfa3894,Full Stack Web Developer,JavaScript,fullstack,6.0,senior_6_10,fluent,5.0,.net;javascript;node.js;react,4,,"Alex Web Alexandria , Egypt Alex Web is an Egyptian startup that provide web design, web development and mobile applications solutions. Developed 20֡ student and 25֡ teacher pages using React, Redux, Bootstrap, ASP.NET and Node.js from scratch 40k+ Video, Article Materials, Polls, Quizzes and Assignments. Built Real-time chatting system over 100֡ users can interact in live."
5da75efd-9097-544f-bca9-fe4424cc4bef,DevOps engineer,DevOps,devops_cloud,5.0,mid_3_6,intermediate,3.0,azure;ci/cd;docker;gcp;jenkins;kubernetes;linux;mongodb;postgresql;terraform,10,,"Experience DevOps Engineer HighWay CJSC Dec 2022 - Present (4 months) · Created and maintained CI/CD pipelines for code deployment using Octopus/Azure-Devops · Build and deployed Docker containers with Dockerfile and docker-compose · Managed the deployment Kubernetes clusters across Azure Cloud · Experienced in working with monitoring tools like Prometheus, Grafana, Opentelemetry · Created and maintained CI/CD pipelines for code deployment using Octopus · Provisioned Servers and deployed features using Terraform and Ansible · Build and deployed Docker containers with Dockerfile and docker-comp"
e9a904a9-71ec-516a-92bc-5c59569a1df6,Senior Software Engineer,Python,machine_learning,11.0,senior_10_plus,fluent,5.0,api;python,2,,"- I built a highly scalable and performant API that handles more than 2000 calls per second. - Dive deep into data processing pipelines for our data scientists that processed a few terrabytes of data per day to understand how they perform matrixes multiplications and optimized the process 180x by applying techniques from Andrew Ng course about deep learning. - In my spare time created an API client library for easier access to financial data of crypto exchanges that became the primary way company customers consume the data. I have over 10 years of experience in the backend, most of my experien"
8c88b73e-1512-5514-b89f-e665f94d6c45,Manual QA Engineer,QA,data_analytics,0.0,junior_0_1,intermediate,3.0,mysql;qa,2,gaming,"Basic knowledge of HTML, CSS, C++; English: intermediate level (writing and speaking skills); Finished “Software testing” course by SKILLUP. Experience in testing of WEB applications; Experience in writing QA documentation: сhecklists, test cases, bug reports; Experience in using bag-tracking systems (Jira); Experience in working with database (MySQL). GameDev offer - 100% match"
b228b9a1-6fd8-5e62-b273-ed7b9bcf9c5b,Back-End Developer,Node.js,backend,11.0,senior_10_plus,fluent,5.0,.net;android;api;aws;azure;javascript;node.js;rest;sql;typescript,10,leadership,"- Successfully built the end to end solution for an IPTV streaming app. Built the back-end on AWS. - Developed an e-pin sales web application) from scratch in just 24 days and established the business-model. Generated steadily increasing revenue, made profi t and successfully exited the business. - Developed a company-wide file/process management web application which became a total success and improved efficieny in almost all departments and cut the costs. I worked as both the project leader and the main developer. Web engineer with over 15 years of experience. - Worked as a senior backend en"
cfbd69e7-8d69-504b-946f-6c2b8b908a2b,Android Developer,Android,mobile,2.5,junior_1_3,intermediate,3.0,android;api;data analysis;git;java;rest,6,,"- Java, XML, SQLite, JSON - In-depth Android SDK knowledge - Android Studio, Gradle - Advanced sensor controls (camera, orientation, GPS, NFC, Bluetooth(BLE), etc) - RxJava, RxAndroid, Dagger2, Retrofit2, EventBus, ButterKnife, Realm - Experience with VR technologies - Complex UI layouts, custom Views, slick animations, custom styles and themes - Play store publishing (APK production build, obfuscation, publishing updates) - Crash reporting and analytics - Consuming REST API - Push notifications - In-app purchases - Live wallpapers, widgets - Material design - Git Professional growth and diffi"
426de18f-7023-5219-b771-892748811b4d,CTO/Head of Development,Lead,qa_testing,10.0,senior_10_plus,fluent,5.0,.net;angular;ci/cd;node.js;php;python;qa;react,8,,"- SBC Award 2018: nomination ""Rising star"" - AskGamblers Awards 2019: ""Best New Casino"" - EGR awards 2019: ""Best affiliate program"" - Design architecture for award winning high-load betting platform - Develop casino platform with unique gamification feature - Hire and build the team with 35+ developers from scratch - Build QA&QC process in high load project which help increase downtime from 86% to 98% - Develop and implement continuous delivery process. Optimise delivery process to decrease average feature time from 5 weeks to 12 days - Manage 130+ people team I have practical technical backgr"
10549ee7-f9ee-5a14-822b-3b6f0cf2a37e,Graphic Designer,Design,design_ux,6.0,senior_6_10,intermediate,3.0,figma;ui/ux,2,,"Flexible and quick. That is the reason why I have skills in different areas. HI! I'm graphic designer with 6+ years of experience. Currently cooperating with few companies, including “Startup Depot. Lviv Business Incubator”. I have strong skills in creating illustartions, graphic design of web and printing products, working in team with project managers and developers. Advanced skills in Figma, Adobe Creative Suite (Photoshop, Illustrator, Animate) • RESPONSIBILITIES: video/animation, branding, rebranding, illustrations, social media visual content, UI design, presentations, printed objects. •"
ecbed471-23f1-583d-9a6a-eabd119f077b,Full Stack Developer,Python,fullstack,4.0,mid_3_6,intermediate,3.0,api;django;mysql;postgresql;python;rest;sql,7,remote,"I am self-taught, an experienced Full Stack Developer with strong backend skills. I have 4 years of experience as a software developer. I take great care to write clean, readable, and scalable code. The success of the project is a goal that I strive for, I see it as a personal success. I like to contribute to the team and learn from the team. Looking mostly for a full-remote position, preferable in a product company with a quality culture. - Python (Following Zen of Python & PEP8) - SQL databases (PostgreSQL, MySQL) - RESTful API - Backend (Django Rest Framework)"
d881f1ed-b5b6-5569-bddf-023588d626a6,Azure Cloud Engineer,DevOps,devops_cloud,6.0,senior_6_10,fluent,5.0,azure;kubernetes,2,,"Ankit has six years of experience on Automation, cross functional technologies and Azure Cloud consulting. He’s eager to learn and work on new solutions. Bachelor of Technology (Computer Science)(2011–2015), APJ Abdul Kalam University (AKTU) • Ankit has been working with Microsoft technologies and products since the beginning of his career mainly with Automation, Orchestration around Azure and Active Directory. •Last years he has been focusing on Azure cloud services. One of his past responsibilities was to develop one day to production solutions using automation pipelines and blueprint for Pr"
3cc29b46-8be2-5931-ac2a-64295c81509e,Front-End Developer,JavaScript,frontend,2.0,junior_1_3,intermediate,3.0,javascript;react;ui/ux,3,,"Front-End developer Participated in the development of Leo Kings NFT project as a front-end react developer, fixed project bugs and participated in improving user experience, as well as writing unit tests. May 2022 - July 2023"
b1b33e57-147e-530f-ae01-c025ce9ea519,Project Manager,Project Manager,product_project,11.0,senior_10_plus,fluent,5.0,project management;scrum,2,part_time;remote,"Certified Scrum master. Pushed more than 20 projects. More than 15 years of experience in IT sphere. Strong background in software development life cycle of custom solutions. Experience in main project management methodologies, programming languages, frameworks, databases, operating systems, software and tools. Looking for remote part time projects. Any domain, web applications preferred."
828c0d6b-bad2-5d58-a000-21d260378eea,Sales Manager,Sales,machine_learning,5.0,mid_3_6,intermediate,3.0,nlp;project management,2,,"I find a new way how to make sales in the company. We discussed it with team, started to use it and increased our sales. Educational business (as sales manager and project manager) 4+ years. IT-Product Company “Choiceqr” (as Sales Manager B2B) 2+ years. Also I visited many trainings about sales, read many books. I am NLP Practitioner. I want to work in IT, with good product and team . 1. Good product 2. Salary 3. Good team"
1dcba295-ac9f-5f0a-9f50-0e8dca2d0ae7,DevOps,DevOps,data_analytics,3.0,mid_3_6,intermediate,3.0,aws;ci/cd;docker;elasticsearch;gcp;git;jenkins;kubernetes;linux;microservices;mongodb;postgresql;qa;redis;sql;terraform,16,,"- Implemented in the company a DevOps practice and CI/CD - Implemented a solution for fast deployment of dev environments - Introduced the practice of IaC than accelerated the solution of technical tasks WORKING EXPERIENCE PHARMACEUTICAL COMPANY (NDA) - 09/2017 - 08/2019 IT COMPANY (NDA) - 09/2019 - present Experience: - AWS (EC2, RDS, S3, VPC, CloudFront, ElasticCache, CloudWatch, IAM, SES, ElastiCache) Setuped 14 production projects - GCP (GKE, Compute Engine, Cloud SQL, IAM) Setuped 1 dev projects - Linux administration (Ubuntu, CentOS) - Terraform (IaC for environments in AWS) - Ansible pl"
574efe84-3e70-5a97-8f17-0bbf189c3cb6,QA Automation Engineer (C#),QA Automation,backend,9.0,senior_6_10,intermediate,3.0,android;api;git;jenkins;qa;scrum;selenium;sql,8,,"INDUSTRIES: Banking and finance, agriculture, information technology and services, professional services. TOOLS AND TECHNOLOGIES: C#, Selenium, NUnit, SVN, Git, Microsoft Visual Studio, SQL, TeamCity, Jenkins, Apium, Android Studio, Ranorex Studio, Swagger, Postman. RESPONSIBILITIES: • Analyzed the requirements. • Performed automated testing. • Updated and edited test frameworks. • Automated the API testing using RestSharp. • Performed testing of the mobile and desktop applications. • Reported bugs. • Communicated with the Software Developers. • Communicated with the Test Engineers and Busines"
d6239013-2b31-5c1a-a7d0-d6bb6066cc66,UI/UX Designer,Design,design_ux,1.0,junior_1_3,intermediate,3.0,figma;ui/ux,2,,"I’m a UI/UX designer based in Abuja, Nigeria. I have worked on 2 major projects. 1st project: Youfeed. This is an app that connect donors (restaurants and farmers) to NGO’s to donate food. This app is looking to drastically reduce food wastage and world hunger. 2nd project : Aria App. This app is for the visually impaired people in our society by using voice assistant through their phones with little or no help. I use Figma for the designs, invision and figjam for the case studies, protopie for the prototyping. I’m also familiar with HTML and CSS."
cf2c59c5-5b90-5827-965f-28e0a43b9e6b,Full Stack Web Developer (MEVN),JavaScript,fullstack,2.0,junior_1_3,intermediate,3.0,javascript;mongodb;node.js;vue,4,,"Work experience : Real Soft : 2021 - 2023 Currently, I am a 4th year student of TATU majoring in ""Information Security"". It's been 2 years since I entered the field of programming, during which time I learned and did personal projects and became a fullstack (MEVN) developer. My goal is to become a strong potential employee working on constantly growing and strong campaigns. I approach every job professionally and see it through to the end. I know programming languages: Frontend: Javascript, Vuejs Backend: NodeJs, ExpressJs, MongoDB"
53408303-010e-59b3-925b-176dde511736,Data Scientist,Data Science,machine_learning,0.0,junior_0_1,fluent,5.0,project management;qa;sql,3,leadership,"Oracle 11g: PL/SQL Certified Developer (Exam 1-z0-144) Passed German language exam of Vienna University Billing Swap Project within 14 month Played a lead role in Functional Requirements Specification, User Acceptance Tests and Migration stage in Roaming/Interconnect/Mediation area. Experience in implementing ERP in manufacture and Billing systems in Telecom area. Grew from Billing Engineer to a Team Lead, then moved to Partners Management Relations Expert. Leaded teams up to 7 people. Project management in the Billing area. Analyse and preparing technical requirements for projects. SQL, PL/SQ"
422a9694-b11a-5e71-ae01-b4c9eefa60ca,Data Analyst,Data Analyst,data_analytics,1.5,junior_1_3,intermediate,3.0,data analysis;python;sql,3,,"I work in a company as a analytics support manager. In this position I am involved in: - Collecting and processing data from various internal databases and sources (primarily using PowerQuery/PowerPivot) - Creating and updating operational reports based on business customer requirements (used Excel, Google Data Studio for this) - Managing reports and delivering them to the team on a weekly and monthly cadence. Now I'm learning Business Intelligence, ETL\ELT, data warehouse, python, SQL, Airflow."
255f133b-e06b-53ed-9eff-5b837024ce95,Senior Project Manager / Delivery Manager (DW/BI/BigData),Project Manager,product_project,11.0,senior_10_plus,fluent,5.0,data analysis;project management,2,,"Successful history of implementing 30+ DW/BI projects in different industries and countries. Seasoned Technical Delivery Manager with specialization in Data Warehousing and Business Intelligence. Strong technical background; 20+years in IT; 7+years in leadership; 14+years in DW/BI; 7 years in IT outsourcing; 10+years in Financial Services industry but not only. Personal hands-on experience in playing almost all BI roles such as Analyst, ETL and BI Developer, Architect, PM. Technology neutral. Wide competence in business needs in analytics and data governance. Keen in building high performance "
fa0d5782-9e07-50db-bdd4-e79b1cf388d5,Frontend Developer,JavaScript,frontend,5.0,mid_3_6,intermediate,3.0,javascript;react,2,,"I worked with magento 1 & 2 frontend part used - css / less / js / jQuery, worked for a conversion optimisation UK company used - less / js / jQuery, worked for the USA company used scss / css / js / react.js / next.js / nuxt.js, worked for different small clients and used react.js. At the moment I'm working for a small company as the frontend developer on projects in most based on typo3 CMS using - scss / js. I've been working as a frontend developer alone on a project and also worked as a part of a frontend team, I'm looking for frontend and all about it, all parts is interesting and can be "
0465ddb0-2cd0-535e-82e1-1a8e0caedef2,QA Engineer,QA,qa_testing,1.0,junior_1_3,intermediate,3.0,agile;python;qa;scrum;sql,5,,"- Software testing at Lviv IT School - Information Security. Zillya! Antivirus - Python programming fundamentals Professional skills: • 1 years experience in Software Testing • Understanding of defect lifecycle, Software Development Life cycle (SDLC); • Understanding of software development models waterfall, agile (scrum) methodology; • Experience in creating and maintaining test documentation: Test Suites, Test Cases, Coverage Matrix, Checklists, Bug-reports; • Different testing methods and types usage: - black-box, grey-box; - smoke / sanity / regression / ad-hoc / exploratory; - functional "
4b72daa2-6c6c-5e1b-a3e7-ee5a5d9c0b5a,QA Automation Engineer,QA Automation,devops_cloud,3.0,mid_3_6,intermediate,3.0,agile;api;ci/cd;cypress;docker;javascript;jenkins;microservices;qa;rest;scrum;selenium,12,,"Optimized long Selenium UI regression flows with API and Selenoid (Docker) migration. Created a small team of QA manuals to develop and support UI regression tests, resulting in over 50% manual regression coverage with autotests. Automated REST API testing using Groovy/Spock for regression and integration testing. Participated in developing a new autotest coverage strategy and implementing it in CI/CD processes after migrating to a microservice architecture. Successfully deployed a new Karate API framework from scratch, which was used in component and API end-to-end tests. Developed and suppor"
054271c7-2052-544c-af89-2cc52a72218f,Java/Kotlin Developer,Java,backend,9.0,senior_6_10,fluent,5.0,ci/cd;elasticsearch;java;jenkins;kotlin;linux;mongodb;mysql;postgresql;redis;spring;sql,12,leadership,"• 8+ years background in enterprise back-end development with Java and Kotlin; • Experience with Spring/Spring boot; • Experience with SQL and NoSQL databases (MySQL, PostgreSQL, MongoDB, Redis, Cassandra, ElasticSearch), query optimization and schema design; • Experience with CI/CD (Jenkins, TeamCity) and container orchestration tools (OpenShift, Gcloud); • Experienced Linux command line user; • Experience with ORM frameworks and libs (Hibernate, Jooq, Spring Data, Spring JDBC Template) as well as vanilla JDBC driver usage; • Experience with TDD, unit and integration testing (Junit, Mockito, "
09846cf1-fefd-510a-a6cf-ace7c5066eaf,QA Engineer,QA,mobile,2.5,junior_1_3,intermediate,3.0,agile;api;qa;scrum;sql,5,,"QA with 2.5 + years experience. Open to suggestions. - Full scale QA responsibilities; Analysis of requirements and documentation testing Creating test documentation (test-cases, test plans, use-cases, check lists) Functional, Integration, Regression, Sanity tests Reporting and tracking defects in bug tracking systems (Jira, Worksection) Experience with Agile Scrum/ Kanban methodologies Strong knowledge of SDLC/STLC Solid understanding of json, API, HTTP/HTTPS Knowledge of Postman, SQL Mobile manual testing with Charles and BrowserStack Experience in testing SEO Chrome DevTools, w3c, Screaming"
6eb79ea1-6404-541a-8cb3-b6720500ef45,Senior DevOps engineer,DevOps,devops_cloud,11.0,senior_10_plus,fluent,5.0,agile;aws;ci/cd;docker;git;java;kubernetes;linux;microservices;python;scrum;terraform,12,,"| RHCSA | CKA | CKAD | VAULT | MCSE | CCNA | VCA-DCV - CentOS/UBUNTU/ORACLE Linux/RHEL system administration and performance tuning - Analyze, resolve, compilation and deployment errors related to code development, branching, merging and building of source code along with Linux administration (installation, configuration, tuning, and upgrades of Linux). - Write scripts to automate tasks using Bash,Python - Use Ansible to manage various systems ,machines or Kubernetes (Kubespray) - Build CI/CD pipelines to automate an deliver code to k8s cluster - Built and deployed Docker containers,Pods,Deplo"
224899a8-97dd-576b-97f8-7a4852cf521e,NLP engineer / Computational Linguist,Data Science,machine_learning,0.5,junior_0_1,fluent,5.0,data analysis;machine learning;nlp;rest,4,,"I’m an English teacher transitioning into an NLP engineer role after completing an ‘NLP-beginning’ course, where I’ve gained hands-on experience with data preprocessing and information extraction, as well as a theoretical basis of supervised vs unsupervised ML, including classic NLP pipeline (data collection, labelling, preprocessing, feature engineering, topic modelling, text classification, clustering techniques, quality metrics of a model. As a final project, I have developed a simple FAQ chatbot using RASA which can help potential clients navigate through the company’s website, gives infor"
9106754b-23d4-51e4-adba-cfbcf8db8a3f,Front-end developer,JavaScript,frontend,0.5,junior_0_1,intermediate,3.0,javascript;react,2,,"Participated in the development of the CRM system for the logistics company Fairmount GF. There I dealt with React, class components and its libraries such as axios and router-dom. Participated in the development of a web application for storing medical documents (a university project). There I dealt with React, class components and router-dom. Currently working on an online store and I am responsible for responsive of the web site, animations and connecting Front-end to Back-end"
58db6b04-ff15-59c0-a705-2ca3bfda29cc,Product/Project Manager,Product Manager,product_project,4.0,mid_3_6,intermediate,3.0,product management;project management;ruby,3,,"- Managed teams up to 10 people (developers, SEO, marketing, support) - Hired and trained employees - Managing 3 projects in the same time - Experience in controlling project budget - Managing web and code review(Ruby, Ruby on Rails) Web projects, software, ecommerce, entertainment, SaaS. Product companies, startups and agencies. Experience full cycle of products / services development. Have development experience. Code review, issue tracking. I'm looking for interesting projects and product startups"
ad39da18-843e-5183-a9cb-e4564de6ee66,Business analyst/Product owner,Business Analyst,data_analytics,4.0,mid_3_6,intermediate,3.0,agile;computer vision;product management,3,leadership,* I improved the “Users Acquisition for Leads” metric by 15% by simplifying the integration of clients with our system * I increased the productivity of the development team by building Agile processes. Hi! I have work experience as a business analyst and product manager. I have the following skills: * business analysis * market analysis * product management * people management * building Agile processes I can tell you in detail in CV I want to develop as a product manager or product owner
766e71ee-f2f7-579c-8a49-c5f8e7a7cef5,"Разработчик C++ (middle), Java (junior)",C++,design_ux,3.0,mid_3_6,intermediate,3.0,api;c++;git;java;linux,5,,"3 years of experience overall: work at companies + open source project development github.com/zog-camera (video surveillance, not finished yet) C++ & CMake build system, Git VCS. Fedora Linux user. C++ tools: Qt5, Boost, ffmpeg(video). My previous job positions were mostly related to development or bugfixing of a videosurveillance solutions(w/ FFMPEG,SIP), image processing with OpenCV, GUI applications development with Qt5. Recently I've got some experience with Java SE 7, so it won't be a problem to accomplish other tasks than C++ code. desirable: work in a small team, making of desktop GUI o"
957c8853-1939-5d40-8523-b6931973d4c2,Junior QA Engineer,QA,qa_testing,0.5,junior_0_1,intermediate,3.0,java;qa;selenium;sql,4,,"Beta QA at Nova Poshta Duties: - finding issues and documenting them in the bug tracking system Jira - creating and performing positive and negative test cases in order to ensure the compliance with customer’s requirements - working with test management system TestRail. Public prosecutor's office in Vinnitsa region Department of statistics - Leading Specialist Duties: - use and testing Unified Register of Pretrial Investigation (functional testing, cross browser testing, security testing, GUI/UI testing and usability testing) - summary and statistical data generation - analysis of prosecutoria"
42db28d3-abb3-54e4-8589-79be9b176324,Full Stack Web Developer,JavaScript,fullstack,9.0,senior_6_10,intermediate,3.0,android;ci/cd;docker;javascript;laravel;linux;mongodb;mysql;node.js;php;postgresql;redis;rest;typescript;vue,15,,"I am an experienced Full-stack developer with over 9 years of experience in product and outsourcing companies. My expertise includes: Back-end development: Working with PHP (Laravel, Yii2, Slim frameworks) and occasionally Node.js (Express.js, Adonis.js). Using databases such MySQL, PostgreSQL, MongoDB, Redis. Developing JSON RESTful APIs, writing unit and feature tests. Configure and deploy apps (CI/CD, Docker/Docker Compose, Nginx, PM2). Front-end development: Working with JavaScript+TypeScript, Vue 2/3, Nuxt 3, Inertia.js. Developing SPAs and mashups with SSR support, integrating JSON APIs,"
693a1e47-3a01-5d4e-ab5b-d89be4b5b062,Solution Architect / .Net Technical Lead,Lead,backend,11.0,senior_10_plus,fluent,5.0,.net;qa,2,,"- Was responsible and finished a lot of different activities related to companies transformation Strategy & Innovations · Drive technological and solutions innovations in the company to achieve company business goals. · Recognize, evaluate, select and then manage the study of external technologies and third-party tools & solutions. Organize the transfer of obtained knowledge to the Delivery department. · Negotiate & collaborate with company Strategic Technological Partners, and Clients · Build and manage the R&D team of most talented engineers · Manage research and development (R&D) activities"
f16b8796-8b8a-5874-b62e-bee22604c6df,iOS Software Engineer,iOS,mobile,9.0,senior_6_10,fluent,5.0,ci/cd;git;ios;jenkins;swift,5,,"- Developed projects from scratch. Full cycle of development, from project creation to publishing. - CI/CD experience. (Fastlane, Jenkins, Gitlab). - Interviewer experience - Have team leading and mentoring experience - Took a part in variety of projects. Sophisticated B2B Apps, Fin-tech apps, social networks, map based weather-tracking/pilot assistant application. Languages: - Swift - Objective-C Frameworks (Native): - SwiftUI - Combine - UIKit - Foundation - Core Graphics - Core Animation - Core Data Frameworks: - Alamofire - MapBox - GoogleMaps - Socket.IO - Firebase Architecture: - The Com"
a93518fb-e903-5224-a3d9-0a8e369c0806,QA Engineer,QA,qa_testing,1.0,junior_1_3,intermediate,3.0,api;qa;scrum,3,,"Testing of web-desktop app, creating test documentation (test-cases, test plan etc.), functional testing, re-testing, regression, smoke testing, API testing (using Postman), register and verification bugs by using JIRA, participation on daily scrum meeting"
0fcfea66-2f09-5647-98e1-e0e487e7d775,Data Scientist,Data Science,machine_learning,4.0,mid_3_6,fluent,5.0,data analysis;machine learning;python,3,,KEY SKILLS AND INTERESTS Data Science · Machine Learning · Algorithms · Data Structures and Warehousing · Python(programming language) · Advanced English AT THIS MOMENT Analytics and Data Science Team Lead
067813df-a754-5599-8138-e73963f78710,JavaScript Front-End developer,JavaScript,fullstack,3.0,mid_3_6,intermediate,3.0,agile;javascript;react;typescript;ui/ux,5,,"05.2019 - 06.2020 BeeOnConde LLC Full-stack developer Developing SPA using React and Redux. Creating UI kit, library of reusable components and bunch of custom hooks. Working in an agile environment. 06.2020 - 06.2022 NWS LAB Front-end developer Developed producttours with Reactfor a new feature, improving customer adoption Mentoring to junior developers. Worked with UX/UI design teams to improve existing applications and increase conversion rates by 20%. Designed multiple dynamic and browser compatible pages using HTML5, CSS3, Javascript(React, Redux, TypeScript). Refactoring code, applying c"
a466a0a7-73fb-5d90-8c42-bf0897693f59,Senior PHP Developer,PHP,backend,6.0,senior_6_10,fluent,5.0,api;ci/cd;docker;javascript;jenkins;laravel;mysql;php;postgresql;python;react;redis,12,,"DevOps Engineer at SEOmonitor SRL - July 2022 – Present - Automated deployment flows using Capistrano, thereby ensuring seamless release management and reducing downtime during deployments from up to 4 hours to less than a second(99.99% improvement). - Containerized services using Docker and Bash Scripting, leading to a 70% reduction in the time taken for local environment setup for new developers and time to first commit of 7 days. - Designed system Infrastructure as Code using Puppet and Bash Scripting and then monitored using Zabbix and Grafana, leading to higher reliability and reproducibi"
857a3f89-1993-5333-b548-40ed3589fc59,Data analyst | Junior Data Engineer Python,Data Analyst,data_analytics,3.0,mid_3_6,intermediate,3.0,git;power bi;python;sql,4,,"I worked for Bank from 2019 to 2022 as a Lead Analyst. I have experience of creating scorecardes, econometric forecasting model, vintage analysis, stress testing, credit risk calculation and loan portfolio analysis. I have: - knowledge SQL, knowledge of data processing and normalization, working with databases; - knowledge of Python; - knowledge Git (Github); - Advanced knowledge of Excel; - visualization in Power BI. I would like to extend my expertise in analysis and I'm opened to new instruments for this goal. Analyzing is a part of my life in any situation. “The goal is to turn data into i"
bdbcfdcd-2b33-57cd-9340-13ec56b90073,Node.js developer,Node.js,frontend,3.0,mid_3_6,intermediate,3.0,api;aws;blockchain;docker;git;javascript;jenkins;linux;mongodb;mysql;node.js;python;react;redis;rest;vue,16,,"Each project in my career is a kind of achievement. - Node.js (ES5/ES6) - REST API - GRPC - WSS - Testing: Mocha, Truffle - Databases: Mongo DB, MySQL, Redis - Server: Express, Kraken, KOA, Cote - Client: React/Redux, a couple of Vue - APIs/Services: Stripe, PayPal, Facebook, Linkedin, Twitter - Git experience: GitHub, BitBucket, GitLab - DevOps experience: AWS EC2, RDS, S3, Load Balancers, couple of Jenkins and Docker, Heroku, DigitalOcean. - Python - Telegram API, Telegraf.js - Modules/packages: ajv, mongoose, sequelize, level, lodash, web3, pm/forever, agenda, JWT, passport e.t.c. - Taskboa"
4215b04b-605d-5c1c-a8c2-20464391b6d0,Senior Project Manager,Project Manager,product_project,9.0,senior_6_10,fluent,5.0,agile;project management;qa;scrum,4,,"1. Websites and applications development and continuous improvement project projects applying both incremental and iteration approaches with a geographically distributed teams, from a discovery phase through the change management to the success release and continuous improvement. 2. Development of prototypes HW/FW/SW devices, delivered on time and within strong budget. Ongoing embedded project - requirement / change / partnership / project mgnt and prototypes’ successful release. 3. Planning, design, development, production and commissioning of IoT automation system for EU alloyed steel indust"
15e8139f-c901-5a0f-a30d-d364691e1179,UI/UX designer. Product designer.,Design,mobile,6.0,senior_6_10,fluent,5.0,qa;ui/ux,2,startup,"Gambling projects with $100k per month revenue. Financial sphere - up to $180k+ per month (2017) Entertainment sphere from startup to 1000+ co-worker. Fortune 100. SaaS startup grow up from UA to local EU in service sphere. Experience in: - designing mobile user interface; - high-load systems (financial, etc.); - interactive prototype; - high load interface; - iconography, style guides, AD; - interaction design, functional design, etc. - user research/user flow/ A-B testing/mind map/CJM; - UCD or OOX; Expert level Sketch/Photoshop/etc. Self-motivated, eye for detail, hit deadlines, pixel-perfe"
9312b261-a73b-5893-bc0b-d1c315f13c99,UX/UI Designer,Design,design_ux,1.5,junior_1_3,intermediate,3.0,figma;ui/ux,2,,"UX/UI Designer Junior I am looking for a job in the field of website and application development in an outsourcing company. Skills: 1. UX research: analysis of competitors, empathy maps and personas, development of CJM and User flow; 2. Prototyping; 3. Development of layouts: working with styles, creating and using a library of components, Auto layout. 4. Creation of an interactive prototype. 5. Preparation of files for transfer to developers. I work with Figma, Photoshop, Illustrator, Zeplin, Mirro. Language: Ukrainian, English (A2+) Croatia,Rijeka(Ready to move in). I am looking for office, "
34ba2ceb-de75-5f31-9ddd-a112b26cd91e,"System administrator, DevOps",DevOps,devops_cloud,3.0,mid_3_6,fluent,5.0,agile;docker;git;jenkins;linux;python,6,gaming;leadership,"Developing and maintaining several different infrastructures for western companies, creating first line support, managing support team's work, creating local company cloud on OpenStack, acting as a PM on 2 infrastructure projects Linux system administrator, got skills in: virtualization (Xen, KVM, OpenVZ, LXC, VMWare), LAMP and LEMP, monitoring (Zabbix) Amazon and several other cloud providers, skilled in Agile Methodologies, OpenStack, Jenkins, bash, Docker, Git, SVN, Team City, Python (beginner level) Looking for a good company, that is on the edge of new technologies, and is not afraid to i"
3297758c-3fea-543b-8c5b-d3cbfab68b95,Project Manager,Project Manager,product_project,5.0,mid_3_6,fluent,5.0,agile;computer vision;project management;scrum,4,,"5+ years of experience in management; B2B & B2C sales; IT, cyber & security projects management; International partnerships building, working experience in public, private and governmental sector; experience of managing more then 5,000,000 USD portfolio, public speaking on various conferences, managing tech and non-technical teams, ability to absorb new things easily. Ready for challenges! Fluent in English Skills Project Management, Agile, Scrum, SDLC, People & Operations Management, Communication,, Jira, Good planning and organisation skills, English, Talents hunting , Budgeting, Fundraising"
86b9fd5e-d0e0-5d7f-a0c0-8b0cea97959b,Senior Back-end Developer,PHP,frontend,8.0,senior_6_10,intermediate,3.0,angular;azure;kubernetes;microservices;php,5,remote,"- successfully developed from scratch frontend admin portal on angular 8 with backend on Microsoft Azure for American AT&T - successfully developed from scratch social network with uses the most popular back-end technologies such as Symfony 4.3, Kubernetes, RabbitMQ, ELK etc. I have experience with different back-end technologies which pointed in profile. Also worked in many spheres (e-commerce, FinTech, advertising, transport tracking) and understand specific of each: technologies and approaches in the following domains Successfully developed 2 different project from scratch.Each project has "
dfb083de-c604-5596-8a46-a5cfeeb5dfea,Product manager,Product Manager,mobile,2.0,junior_1_3,fluent,5.0,agile;product management;scrum;ui/ux,4,research;startup,"1.Launched Jobs Board website 2.GTM for a major financial technology startup and improved brand awareness by 30% 3.Delivered a MVP for an agrictech startup 4.Delivered 3 iterations of an ERP mobile app. 5.Led product research and design for a user-facing product, and designed an effective and efficient data storage solution. I am a product manager with 2+ years of experience. I have a passion for solving customer, business, and product problems by leveraging technology. Uses design thinking, and Agile Scrum methodologies to build B2B and B2C products that provide great User Experience (UX), en"
bb3c5505-5778-5c2c-9a46-8bf9e7e4e42c,Senior Data Scientist,Data Science,machine_learning,10.0,senior_10_plus,fluent,5.0,aws;numpy;pandas;python;scikit-learn;sql;tensorflow,7,,"Sr. Data scientist Founder at Podiya Main experience: data science, keras, tensorflow, python, numpy, scikit-learn, pandas, cnn, rnn, neural networks, aws, spark, pyspark, airflow, hadoop/hdfs, SQL. Experience in different domains, digital marketing, fintech."
9fe0583d-defd-5205-9110-86bfa49e0a49,Senior Systems Engineer (DevOps),DevOps,devops_cloud,8.0,senior_6_10,fluent,5.0,aws;ci/cd;docker;gcp;git;jenkins;kubernetes;linux;mysql;postgresql;python;ruby;scrum;terraform,14,,"I've been successfully part of an engineers team that built several infrastructures (IaaS, PaaS) for some of the largest companies in the world. This also implies helping with deployments automation, CI/CD systems setup, monitoring configuration and providing continuous support. I have large experience working as a systems engineer supporting and developing large AWS and OpenStack-based infrastructures. The list of some technologies I'm skilled with: Linux: CentOS, Debian, Ubuntu Server, Container Linux Cloud Computing: AWS, OpenStack, GCP Containers and Orchestration: Docker, Kubernetes, Open"
5518a39f-482e-52ff-a4d9-5aa91b1c2508,Project Manager,Project Manager,qa_testing,2.5,junior_1_3,fluent,5.0,project management;qa,2,,"Within 6 months at both places of work growing to managing a team of people , working with clients at the biggest website builder WIX with 180 millions active users, working with Jira and QA tools and a lot of other cool stuff Started in sales department of the IT company GBM Solutions, grown to a senior position, leading a team of 6 people, representing the company in the marketplace and developing relationships with key accounts, analyzing statistical information and drawing conclusions from it, developing and implementing staff training programs, resolving customer complaints, floor managem"
9c0168b0-0ef4-5f25-ba8f-0d5364a13440,Software / Game Developer,Unity,design_ux,3.0,mid_3_6,intermediate,3.0,.net;git;ios;java;linux;mysql;php,7,,- Developed and implemented enterprise-wide networks with approximately 260 workstations using Cisco technology - Implemented and managed servers using Linux Ubuntu Server for DHCP/DNS - Implemented and managed “Zimbra” for corporate mail system - Developed custom programs and websites needed in work and educational processes - Developed training programs in computer basics and effective software utilization - Provided computer science education to staff and students Has an experience in non-commercial software development and websites. In the process of working and study developed: - Small an
a1f49948-546d-5739-9012-261ae0e38164,Junior Full-Stack developer,JavaScript,fullstack,1.0,junior_1_3,intermediate,3.0,figma;git;javascript;react,4,,"Completed three educational projects. Two team works. 1. Creating a responsive and adaptive design. The site works on different devices and screens, including computers, tablets and mobile devices. 2. Optimizing download speed. 3. Creating an accessible website. The site is accessible to people with disabilities. 4. Use of modern technologies and frameworks: HTML, Sass Javascript, React, Parcel, linking libraries (Axios, Firebase, Lodash.throttle, Modern-normalize, Notiflix, Swiper, Parcel / transformer-sass, Buffer, Imagemin). Used the following Git Hub programs, VS Code, Figma. 5. Effective "
f9f79684-7eab-5587-887b-6f5cd661bccb,Software Engineer,Android,backend,7.0,senior_6_10,fluent,5.0,.net;agile;android;ci/cd;ios;java;javascript;microservices;rest;scrum;sql,11,,"Dear Recruitment Manager, This letter is to express my discussing my profile for the Engineering Manager position at your company. I hope that my strong technical and soft skills acquired through work experience, education and academic research will make me a very competent member. 5+ years’ professional experience of enterprise software development in production using .NET, mobile programming, and technologies like MVC, Java at Android, Objective C at iOS programming, SQL make me a comprehensive Software Engineer, as they are must haves for position. I have several years’ development experien"
c4a3cbcc-1da5-5b09-a588-0e98a60a5372,Senior Manual QA Engineer,QA,data_analytics,6.0,senior_6_10,intermediate,3.0,linux;mysql;qa,3,,"MySQL, Linux More than 6 years of the experience as a QA engineer in Web-based, Desktop-based and embedded projects: - Setting up and improving of QA processes; - Estimating, prioritizing, planning, and coordinating of testing activities; - Analyzing and clarifying of requirements; - Improvements generating; - Almost all kinds of testing; - Creating and reviewing of test and project documents; - Analyzing of defects using logs and DB. Professional growth, friendly collective"
7979bbf9-08be-5a3b-a7ac-3010f47010ca,UI/UX Designer,Design,design_ux,1.0,junior_1_3,fluent,5.0,figma;ui/ux,2,,"I leverage my skills in Figma, Adobe Illustrator, Sketching, and Procreate to create wireframes, prototypes, and high-fidelity designs that meet clients needs and enhance user experience. As an advertising designer, I leverage my skills in Adobe Illustrator, and Coreldraw to create visually appealing graphics, ads, and promotional materials that meet clients needs and increase brand awareness and sales."
cbb584e3-43c7-5015-a333-342ee3aaac71,Front - end Developer,JavaScript,frontend,1.0,junior_1_3,intermediate,3.0,javascript;react;typescript,3,,"Front-end Developer with 2 years of practical experience (freelance, commercial). I have 1 year of commercial experience in international companies - implementation of complex web apps and internal frameworks, specializing in SPA development utilizing React ecosystem. I have experience with React, Redux, Next.js, TypeScript. Also I have experience with some unit-testing frameworks: Jest, Enzyme, react-testing-library. Here are some of the projects I've worked on: 1. Infotelligent - Participation in 2 projects with a different technology stack using React, Redux, TypeScript, etc; - Support for "
04a3aa84-62c0-51d1-a6f5-788187e90dbc,Software Engineer,Python,fullstack,2.0,junior_1_3,fluent,5.0,javascript;machine learning;python;react;react native;sql;typescript;vue,8,,"Most of my experience is related to Data Science especially in Human-Computer Interaction and Applied Machine Learning, which means I have worked with Python and data science related libraries most of my time during college and after graduation. But my recent experience consists of working at a fast-paced startup where I worked as a Fullstack software engineer, mostly with JavaScript, TypeScript, React, and SQL. Other than that, in my own time, I am also learning React Native and hope to get into Vue.js as well. Clear expectations, transparent communication, no ego, learning opportunities, fri"
1adaf0b9-f471-5c1f-92a5-386eabdcdf6d,Junior Data Scientist,Data Science,machine_learning,0.5,junior_0_1,fluent,5.0,api;data analysis;flask;machine learning;rest,5,,"Successfully finished 14 weeks of Data Science program by Data Root University. Got In-depth knowledge of various Machine Learning technics, supervised/unsupervised learning and RESTful API development on Flask. Highly experienced scientist with a strong background in analytical chemistry and scientific research. Looking for new opportunities in the field of Data Science. Particularly motivated towards Machine Learning, Data Analysis and Prediction."
ce3efb7c-0ba1-56ce-a955-93bfbc491570,Technical writer,Other,product_project,2.0,junior_1_3,fluent,5.0,data analysis;python;sql;tableau,4,,"I’m currently looking for a job in which I’d be able to combine my passion for knowledge and research, writing, and expressing difficult concepts succinctly. My responsibilities have so far included: - Researching, interpreting, and presenting complex data and information - Assisting colleagues in navigating outdated and complex documentation - Creating and describing new data tracking requirements in a systematic and concise fashion - Monitoring data quality - Managing communications between analysts, product managers, and developers Additionally, I have ample experience with the following: -"
8579a787-976b-54a0-861c-871dbb34676f,UX/UI Designer,Design,data_analytics,3.0,mid_3_6,fluent,5.0,android;data analysis;ios;product management;ui/ux,5,,"Company: Restaurant Company Europe Role: UX/UI Designer Duration: October 2021- now Description: Working closely with the Product Owner, Business Analyst, Devs, and Marketing. - Designing the product interface with Design thinking approach; - Forming and creating design strategy; - Defining problem statement, analyzing business goals and its processes and needs of users; - Maintaining a balance between interface visuals and functionality; - Creating User Flows, Value Proposition Canvas, Sitemaps, Personas and CJM etc; - Communicate with users all the time to validate ideas and come up with the"
52aa546d-4906-593d-beba-e1ca0cd47f21,Junior QA Engineer,QA,qa_testing,0.0,junior_0_1,intermediate,3.0,agile;android;api;git;java;mysql;qa;rest;scrum,9,,"As a Junior QA Engineer, I have already trained in such skills and technologies as creating test documentation (Test Cases, Use Cases, Check Lists, Bug Reports), and performing different types of testing. I have basic knowledge of testing, SDLC & STLC, and test management. I have experience in: - Manual testing of web project; - Analysis of technical documentation; - Creation of QA documentation: checklists, test cases, bug reports, RTM; - Performing regression testing; - Understanding of HTML, CSS, HTTP, REST; - Understanding of Agile (Scrum, Kanban) methodology; - Experience in working with "
b3293c15-9bac-509e-9aca-43f225a68a33,QA Automation Engineer Python,QA Automation,devops_cloud,5.0,mid_3_6,intermediate,3.0,api;git;python;qa,4,,"- 5+ years experience in Software Testing - 1+ year AQA Team Lead - WEB applications, API and hardware testing - Functional, smoke , regression, integration, e2e testing - Writing test cases, bug reports, test plans, test summary report (Zephyr, TestRail) - Testing software devices - Bug-tracking system Jira - Version control systems: CodeCommit, Bitbucket, GitHub - Automation testing (Python, Groovy) - Donains: Healthcare, IoT Cloud Platform, Hardware, Email Security Web Application"
3e3ab7d3-e498-57e2-be7a-36174199e687,Python/Django Developer,Python,backend,4.0,mid_3_6,intermediate,3.0,api;django;javascript;python;rest,5,,Backend Developer (Python/Django) Current Company From: 2021/01 As a software engineer I was responsible for: 1) Build REST API with Django REST Framework. 2) Write API documentation (Swagger) 3) Create a database architecture. 4) Write integration and unit tests (use pytest or unitests) 5) Third-party API integration (like stripe) 6) Research new libraries and make stand projects for memory usage improve and bottleneck exploring. 7) Manage the several projects as a backend developer. 8) Communication within team. Explain tasks and coordinate work according to backend specifics. Technologies: 
3a1141d7-9a0e-5242-a91b-63c56c47baae,QA Engineer,QA,mobile,1.0,junior_1_3,intermediate,3.0,android;ios;qa,3,,01.2021-present Freelancer (Test.io) Junior QA Engineer (web-app testing; mobile native apps testing (iOS & Android); maintenance of all test documentation.) I want to raise the level of involvement in the project and work in an international team.
3bde1f4f-2b72-52d5-a09d-ec3bc46f25fa,Node.js developer,Node.js,backend,0.0,junior_0_1,intermediate,3.0,api;javascript;node.js;rest,4,,"I Can solve any problem if I want to. I like to learn so I finished a lot of courses. Hey! I'm a beginner Node.js developer, now looking for new opportunities to grow up. I have experience with building simple REST API and have no commercial experience with Node.js at all. I would like to have a Skilled friendly team ready to share an experience. I would love to be able to work remotely to travel and make commits from different places. And of course, I am open to studying new technologies that are needed."
78a8e02e-7c49-55ae-af6d-2dc2d1194780,Junior QA Engineer,QA,data_analytics,0.0,junior_0_1,fluent,5.0,data analysis;qa;sql,3,,"• I speak 4 languages: Ukrainian - native speaker, Russian - native speaker, English - fluent, German - Intermediate. • While studying at the university, I have written plenty of scientific articles so I can work with Big Data and Data analysis. • I have solved a problem with bank records in my current job because of attention to details. • I have created new methods of data controlling in my current job. • I have teoretical experience and basic practice in Jira, SQL, HTML, CSS. I was always into digital technologies because this is our future. I worked in a small online family business and no"
af94cc6c-2fad-56b1-8611-e7cbee7f0a41,Product manager,Project Manager,product_project,2.5,junior_1_3,fluent,5.0,product management;project management,2,,IT Consultant - Thelp Project was created for you in 2020 to provide all kinds of IT services. Key Responsibilities · Building and adjusting WordPress websites · Fulfilling customer requirements · Manage IT initiatives and collaborate with in-house technical staff Project Coordinator - Media Production Company Key Responsibilities · Focused o n project monitoring and management by developing forecasts. · Respond to customer inquiries · Monitor Project Progress and Set Deadlines · Develop goals and report progress. Project Manager - Game Development and Publishing Company Key Responsibilities •
bf22cb9b-05ac-514d-8d93-4011e0fe9edd,"web designer, tilda expert, UI/UX designer",Design,design_ux,2.0,junior_1_3,fluent,5.0,figma;ui/ux,2,,"My site was included in the selection of the best sites on Tilda #madeontilda I do web-design, landing page from start to finish. Work in Figma. (+adaptive, prototype) Webflow UX research Good copywriting skills, I write text to fill websites Adobe Photoshop, Illustrator Basic knowledge of HTML, CSS UI kit Knows Typography, Color Theory, Layout and Composition Open-minded, ready to grow with and learn from the team of professionals I want to create design and solve customer problems with maximum impact on the project"
13e72f41-79d5-5999-99f8-a794360d942e,Node.js developer / Full Stack Developer,Node.js,fullstack,3.0,mid_3_6,fluent,5.0,javascript;node.js;product management;project management;qa;react;ui/ux;vue,8,leadership,"Throughout my career, I have achieved several notable accomplishments that demonstrate my skills, leadership, and dedication to excellence: 1. Atrons Platform: Developed and launched an innovative learning resource platform, ""Atrons"". My team and I were awarded the first prize of $8000 for the most influential project, as judged by esteemed professionals, including Ricardo Baeza-Yates and Jelani Nelson. 2. Google Africa Developers Scholarship (2021): Selected as a recipient of the prestigious Google Africa Developers Scholarship, a recognition of my exceptional skills and potential in the fiel"
e97923dc-f2c2-5620-9857-76ef917f7738,Junior Front-end Developer,JavaScript,frontend,1.0,junior_1_3,intermediate,3.0,api;git;javascript;microservices;mongodb;rest;typescript,7,,"One of my significant achievements was working on a large casino project in a team with a mentor. The project was built on a microservices architecture, which meant that responsibilities for the business logic of the website, styles, content, and images were divided. This experience taught me how to work in a complex and structured environment, ensuring that each aspect of the project worked seamlessly together. Additionally, I gained valuable experience in developing a Google extension using TypeScript and Redux Toolkit. This experience helped me improve my front-end development skills, learn"
f1f71a7d-b615-5a84-b708-3ee4fb1d9b11,Senior/Lead,Java,devops_cloud,5.0,mid_3_6,fluent,5.0,java;microservices,2,,"- Worked on maintenance projects with microservice architecture. - Performed replacement and update for outdated system components. - Written a variety of tests including unit tests, integration tests, end-to-end, regression tests. - Participated in analysis and discussion of architecture and technical implementation for new functionality. - Wrote documentation for developed functionality. - Designed and developed high-level architecture solutions. - Set up cloud infrastructure. - Maintenance also included on-call responsibilities: monitoring application state, providing support for service co"
c5e240f2-79cf-5ffe-a423-675e236f5d3d,Manual QA Engineer,QA,qa_testing,0.5,junior_0_1,fluent,5.0,git;java;qa,3,,"- Successfully finished and passed courses of EPAM training center. - developed Web Project ""Online banking"" as a project for certification of Epam training center (http://epam.com). Skills: Java core. OOP concepts: Encapsulation, Inheritance, Polymorphism. Algorithms and Data Structures. Own realization of main data structures in java (AVL tree, Red - Black tree, Hash Table, Priority Queues, Linked Lists). JDBC: Drivers, Connection and Queries, Transaction (Savepoint, AutoCommit, and Rollback). Design Patterns: DAO, Factory, Command Factory, Abstract Factory. XML: XML and XSD Schema design. X"
2b4c9216-b934-5af3-8374-7f3c604b82c7,Data Scientist,Data Analyst,machine_learning,3.0,mid_3_6,fluent,5.0,power bi;python;sql;tableau,4,,"I have served in a team where I used Google sheet, power BI and dashboard to receive registration of trainees and allocate training centers based on their location. I have been involved in a project of customers satisfaction of an e-commerce platform by recommending personalized product. I collect demographic data, browsing history, purchasing behaviour. I used hubspot(CRM), SQL, Power BI and Python. I have used Microsoft Excel and Power BI to analyse sales in respect to brand and regions. I have used Microsoft excel and Tableau to collect school data, analyse the impact of government educatio"
7c20c3ae-85b4-5ce3-a195-f5cd71fdba38,Системный администратор,Support,mobile,1.0,junior_1_3,intermediate,3.0,linux;sql,2,,"Responsibilities: 1 and 2 line of user support Work with bank-clients (keys, certificates) Setting and support of PCs, as well as mobile devices to use corporate services. Organization of technical processes and support of events/conferences/broadcasts. Finding atypical solutions with the help of international colleagues Interaction with Dell, Canon contractors Support of office equipment: printers, MFPs Audit and follow up on the status of inquiries forwarded to the following support lines Working in ITAM hardware accounting system Support for Windows 7/10, MS Office 365, Mac OS, Linux AD sup"
62a1f70b-f85c-55aa-80d6-d758661620b3,Project Manager,Project Manager,product_project,2.5,junior_1_3,fluent,5.0,product management;project management,2,leadership,"1) Developed and implemented a new packaging for the delivery of Finnpack milk to retail stores, resulting in a significant reduction in packaging procurement costs 2) Took the first place in a chess tournament among students of Queen Ethelburga’s College in 2016 3) In 2012, in a role of the captain within a team, won an urban tournament on a computer game based on team strategy and tactics 4) Successfully mentoring four Queen Ethelburga’s students to improve their academic performance in mathematics I have quite deversificated work expirience, but the most relevant to Project management posit"
0059f79d-da4f-5547-93c4-dae08a6067e4,Junior QA Engineer,QA,frontend,0.5,junior_0_1,intermediate,3.0,qa;sql,2,,"- Epam Software Testing Course - LIST Software Testing Course and got high scores. - QA TestLab Course 2020 - present: game tester & game level designer. May 2020: I have successfully completed LIST Software Testing Course September 2020: QA TestLab Course. I can create and run defferent test cases, use TestRail, report bugs and I am familiar with basic SQL requests. I am aware of the nature of the front-end and back-end bugs and can identify them. Friendly working atmosphere and good mentors."
c02b7e3d-3036-5790-9d35-03a22a81ebe1,QA Engineer,QA,qa_testing,1.0,junior_1_3,fluent,5.0,qa;sql,2,,"Hello Everybody! I'm Ulyana, a professional QA Engineer with experience in both the gaming industry and web development. I have worked as a QA Engineer in a Gaming company and a Web Development company. In the gaming industry, I have gained extensive experience testing various games, including hypercasual games. Additionally, during my time at the Web Development company, I focused on web testing using platforms like Shopify, WordPress, and WooCommerce. My bachelor's degree in Quality Management has given me a solid foundation in ensuring high product quality standards. I have also completed c"
7a235f19-6fd7-5df7-878a-848dfae595fb,Junior DevOps Engineer,DevOps,backend,1.0,junior_1_3,intermediate,3.0,docker;jenkins,2,,Created Nexus Artifactory for saving Docker images of the applications; Created Jenkins Server with Nodes and wrote pipelines for building/deploying an application into Nexus and prod/dev environment; Deployed first production environment using Ansible and wrote playbooks with roles for provisioning; Used Docker and docker-compose for creating a containerized environment and managing it. Past Project Role: Build Engineer Participation: - Wrote seed job and JCasC configuration for Jenkins; - Wrote different Jenkins pipelines for executing tasks; - Wrote Ansible playbooks for provisioning enviro
9fae31bd-07c9-597a-a483-16e7dffb9ed8,Senior Software Engineer (VMWare Spring Certified),Java,fullstack,11.0,senior_10_plus,fluent,5.0,java;microservices;scrum;spring;ui/ux,5,leadership;remote,"In previous companies I had an experience of managing team of 10 developers as a scrum master / tech lead, designing and implementing architectural solutions, working with large distributed systems (over 700 micro-services, ~40 million active visitors per month), coordinating cross-team collaboration (during large feature implementation), performed A/B testing and gradual feature rollout, had been working not only as a backend engineer, but as a fullstack as well, mentored and supervised colleagues. I have around 12 years of commercial experience. I've been working in different types of the co"
de4accfb-8072-5265-bd79-c91c96e1546c,Data Scientist,Data Science,machine_learning,3.0,mid_3_6,fluent,5.0,aws;azure;data analysis;gcp;machine learning;mongodb;power bi;python;sql;tableau,10,,"Built machine learning models to recommend products on an e-commerce application. Built models for time series forecasting with machine learning for predicting business sales. Provided high-quality finished dashboards and reports with Tableau and PowerBI. Provided technical expertise in data storage structures, data mining, and data cleansing. Implemented data workflow and pipeline using Apache Airflow. Implemented data warehousing using Bigquery for Big Data. Provided easy reporting/analytics and dashboard building with Bigquery and Data Studio. Having been trained and worked in different cap"
626641e7-625a-5464-8fe6-d0b54039b438,IT Recruiter,Recruiter,mobile,1.5,junior_1_3,intermediate,3.0,android;go;ios;java,4,,"Work with different stacks (AQA, Java, C/C++, DevOps, SAP, Scala, GoLang, RoR, IOS, Android, Sales, etc Skils/Tools: Interviewing, screening resumes, headhunting sourcing, boolean/x-ray search, LinkedIn Helper, LinkedIn premium, automatic tools, Widenest, CleverStaff, HubSpot, SalesQL, Hurma, Turbo hiring, etc."
43bc9c1f-6b77-5e25-a9e5-aadb4831f88b,Senior Ui/UX designer,Design,design_ux,5.0,mid_3_6,intermediate,3.0,data analysis;ui/ux,2,,"With more than 5 years of experience I've had the opportunity to design campaigns, digital applications & design systems for multiple brands. Graduated with a university degree in development, engineering in 2008. Spent the better part of a decade working as a designer. With experience across multiple mediums and with a strong technical foundation, I bring a well balanced perspective to my work. Designing beautiful interactive experiences for brands, agencies & start-ups for 5 years. CAPABILITIES User Research Rapid Prototyping UX/UI Design User Testing Market Research Product Strategy Design "
36db5510-2b7f-5351-9ceb-dcfca81253f7,Manager/Director/Project Manager/Team Lead/NOC/SRE/DevOps/Support Head,Project Manager,devops_cloud,11.0,senior_10_plus,fluent,5.0,aws;docker;javascript;jenkins;kubernetes;linux;mysql;php;project management;python,10,leadership,"As NOC manager, built team from scratch (ramped up further from 5 to 15 engineers), established processes, runbooks, toolset and monitoring setup, managed to gain ownership on all monitoring solutions across all company products. The team helps to achieve up to 99.995% availability by driving an efficient incident management process and operations, providing ongoing assistance for R&D, integration, and support teams. As a Support Team Leader, I managed a support group (30 members) providing administration and monitoring services for customers on LTE/MVNO, VOIP, IPTV, and Broadband Internet acc"
c6faa1c1-9897-5e40-80e8-4c39914c754f,Web Analyst / Data analyst,Business Analyst,data_analytics,2.5,junior_1_3,intermediate,3.0,data analysis;ui/ux,2,remote,"Various successful UX/UI solutions were implemented on the platform after my thorough user' behavior analysis. Several departments have got improved work flows and now spend less time on different tasks due to set automated operations. 6 years in IT: - 2 years as a moderator, - 2 years as a moderation team lead, - 2 years as BA team lead. Project: web based user generated content platform. Responsibilities: - Analysis of users’ behavior via Google Analytics and internal users' data. - Competitive analysis to find strong and weak points of competitors - Email campaign analysis and further impro"
aa8e54de-80bb-576c-a01e-35d48cab78d0,Front-End Developer,JavaScript,frontend,1.5,junior_1_3,intermediate,3.0,javascript;react;typescript,3,,"I started my career as a programmer in a company called DVRNC, which deals with SVG animations and layout. In this company I improved all previously obtained layout skills and gained new ones in CSS and GSAP animation as well as some basic JS skills. After that, I realized that animations and layout weren't enough for me, so I started working as a Frontend Developer. Then, I started working as a freelance React Developer, where I was able to improve my skills of React, Redux and TypeScript. Now I work for a company called ADMIRAL ADMIN where I work on creating CMS systems and web application f"
94162b38-07d2-50e5-b70b-cbdefd69adce,Веб-разработчик,PHP,fullstack,5.0,mid_3_6,intermediate,3.0,git;javascript;php,3,,"Full Stack Drupal Developer English level — Intermediate Drupal 7/8/9 HTML, CSS (SCSS, SASS) skills jQuery and JS native skills Experience with Git, Gulp, Composer, Drush, Solr, Pantheon Experience with responsive design and mobile websites"
9abc5cbf-a2f0-53f4-8ebd-4e8b9e29dc9b,PHP Developer,PHP,backend,6.0,senior_6_10,intermediate,3.0,api;aws;data analysis;jenkins;microservices;php;qa,7,,"In this company, I learned to work in stressful conditions (everyone learned), completing tasks in a short period of time. I got acquainted with ""microservices"", learn a little bit about AWS and Jenkins, and Symfony. Learned to work with several QA and projects at the same time For the past two years, I worked in the Ecommerce direction, was involved in the integration of new providers and the addition of new features. Before this company worked for several years on the VPN service, web part, API, integration of third-party services (analytics, payment, etc.), server administration etc I would"
989f447d-6ccc-5f5f-8454-15da87edfd89,"Product owner, Product manager, Business analyst",Product Manager,data_analytics,11.0,senior_10_plus,fluent,5.0,product management;ui/ux,2,leadership,"Played key role in developing high loaded SAAS B2B solution, leader on the market. Looking for new opportunities to apply my skills and experience in the following areas: - Genuine Product Owner: taking responsibility for the area, not only task generator; - Customer success: digging deeply into customer needs, finding optimal solution that would help customer to achieve business goals; - Functional design: creating feasible solutions that fit into current software/org architecture or suggesting new ones; - UX design: focus on flows/needs for different user groups; - Problem solver and decisio"
8e928666-693f-5a3d-96e5-c1717275b7b1,Junior QA Engineer,QA,qa_testing,0.0,junior_0_1,intermediate,3.0,api;javascript;mysql;qa;sql,5,,"Graduated from the course «QA Engineer» from Genius.Space I am looking for my first commercial experience. Until now, I have practiced during the completion of test tasks, and also completed practical tasks in training courses. It was testing the API ""gorest.co.in"", as well as testing the website of the online store ""rozetka.com"" I am highly interested in the position of junior quality assurance or trainee. I believe that my skills in software testing will enable me to make a valuable contribution to your team. I have a solid understanding of testing goals and principles, and I am good at plan"
9c611e5b-a5c0-5289-993d-8e280f6e79ee,QA Engineer,QA,mobile,1.0,junior_1_3,intermediate,3.0,android;api;java;qa;selenium;sql,6,,"QA Manual Course, Hillel, 2021 English course with a personal tutor (Intermediate level), 2020-till now QA Automation course Java, EPAM University 01.22-11.22 Have more than one year of experience in web and mobile testing. Have recently completed the QA Automation(Java) course at Epam. Looking for new opportunities. 1. Good knowledge of software testing theory; 2. Creating and using test documentation (test plans, test cases, bug reports, check lists); 3. Using the Jira bug tracking system (creating bug reports); 4. Understanding of test design techniques; 5. API testing with Postman; 6. Basi"
a33e9290-3867-5367-b5f5-e6b5848895bf,DevOps,DevOps,devops_cloud,11.0,senior_10_plus,intermediate,3.0,aws;gcp,2,,Develop fast and HA storage system (hardware and software) Experienced in team work on support large WEB projects. I want to gain experience with AWS / GCP and communication on English.
4c3eeb9c-88f5-5c72-b090-f529506edf10,UX/UI Designer,Design,design_ux,4.0,mid_3_6,intermediate,3.0,data analysis;figma;ui/ux,3,,"Teaching experience had a group of 18 students taught UI / UX design. Lecture on adobe illustrator, general designer work, and additional lecture for designers on grids and 8-pixel rule. Hi, my name is Lili and I am a UI/UX designer. I have been working in this area for about 4 years, during this period I managed to work with different projects, it can be B2C, B2B, products for internal use... The main tool for work I use Figma + Figma Jam, but in addition, if necessary, I use Adobe XD, Illustrator, Photoshop, and Miro. At the moment, I play the role of a chief designer on all my projects, the"
daa8f1ad-8d1c-5424-9d8f-e1969a81bcef,Data Scientist/ Machine Learning Engineer,Data Science,machine_learning,2.0,junior_1_3,fluent,5.0,data analysis;machine learning,2,,"*Currentl, I work for an Research and Development company in oil&gas sector as a junior researcher/data scientist. I have gained valuable experience in data science and analytics by working on various projects. One of the most exciting projects involved the use of the Random Forest algorithm to detect anomalies in oil production in real-time. I was actively involved in the project, helping with data preprocessing, model selection, and optimization. We were able to successfully detect anomalies in the data, and we are planning to publish a paper on our work. In another project, I worked on data"
a7ed2638-14da-5186-b3c3-f4546a729608,Delivery Manager,Project Manager,product_project,4.0,mid_3_6,fluent,5.0,project management;scrum,2,,"- Lead projects from inception through the entire SDLC, lead legacy projects. - Manage multiple projects simultaneously. - Gather product requirements from stakeholders and prepare detailed specifications. - Utilize Balsamiq to create mockups for products or specific required features. - Obtain stakeholder approval for project budgets and effectively manage them. - Prepare comprehensive project documentation, including roadmaps, estimations, time reports, communication plans, and team rosters. - Conduct interviews to select potential candidates for project roles. - Determine the most suitable "
466132b4-56f9-5738-9d9d-e1e3a2d7d13e,UX/UI Designer,Design,mobile,0.5,junior_0_1,intermediate,3.0,figma;ui/ux,2,,"About me: - 0,5 years of experience in web, mobile UI/UX-design. - Tools: Figma, Photoshop, Axure - Ability to work with Jira, Slack - Good understanding of gadgets, system design, and documentation. - A well-developed empathy that allows you to be in the user's place, and from there to prepare intuitive - solutions. - Good experience on a remote basis - Self-organization and result oriented. - Passion for polishing pixels - I’m a highly motivated person and interested in developing myself all the time. My free time I'm spending - on learning new skills. - I’ve got strong UI/UX skills so I’m c"
6fdf9034-7a53-5931-8bdf-75ed4d754d8d,Senior QA Engineer,QA Automation,machine_learning,9.0,senior_6_10,fluent,5.0,qa;redis,2,,"An experienced Quality Assurance (QA) Engineer, I have held senior positions across diverse organizations, demonstrating my ability to work in fast-paced environments while ensuring the highest standards of product quality and customer satisfaction. At Redis Labs, I led the testing of the in-memory data structure store, RedisInsight, working closely with user communities to improve customer satisfaction by 20%. In my role at Omilia, I ensured the reliability of AI-powered products through various testing strategies and contributed to the development of features for clients such as BMW and Sony"
3fbbf5f0-04bb-505e-b57e-b2a2fea62a0b,Head of design,Design,frontend,10.0,senior_10_plus,fluent,5.0,blockchain;project management;ui/ux,3,blockchain;leadership,"I have experience in working at a stock exchange, as well in an advertising company. Additional firsthand knowledge of holdings communication principles Conducted master class presentations for my colleagues on multiple occasions. Created a vast diversity of project designs from eCommerce to Social Networks. I follow the current trends, clearly understand why there is no such thing as “personal style” and one should always adapt to the existing trends. Rich communication skills using business conversation style. I’m familiar with front-end basics, so working in synergy with developers is not a"
130f95b0-63b1-55c7-9523-af4e9c0bd736,Manual QA Engineer,QA,qa_testing,0.0,junior_0_1,intermediate,3.0,api;qa,2,,"I am fast leaning person. Also I am plodding and attentive to details. Have creative brain and like to solve difficult tasks. As a part of education courses got knowledge and practice of creating test documentation, API testing (Postman), bug reporting. Want to work in friendly team, where I will grow as a specialist"
4516ba4e-b2e1-58f0-88d4-0829638d07ae,Sr. Project / Program Manager / Delivery Manager / Delivery Diretor,Project Manager,product_project,8.0,senior_6_10,fluent,5.0,agile;azure;project management;scrum,4,leadership,"8 years experience as a Project Manager and Scrum Master. Execute the project according to the project plan, create and groom backlog, manage scrum teams, facilitating team events to ensure regular progress. Proficient in Jira, Confluence and Trello, finishing projects on time and under budget, ability to work well with a dedicated teams, Strong Communication skills, good strategic appreciation and vision. Worked physically located in USA English advanced. Certified ScrumMaster. 8+ years in IT project Management. 2 years experience as a Project Management in US product company working from USA"
6c0ecb0c-80da-54e3-b2c2-2775265ac279,Analytics Engineer/ Data Analyst/ Data Engineer,Data Analyst,data_analytics,4.0,mid_3_6,fluent,5.0,agile;data analysis;git;numpy;pandas;postgresql;power bi;python;scrum;sql,10,,"4 years of experience in Data Analytics / BI. Programming: Python (Pandas, Numpy, SqlAlchemy, skicit-learn, BeautifulSoup) ,OOP Visualization: Power BI (PBI Desktop, PBI Service, Data Flows, Development Pipelines,Automated Refresh, ETL,DAX query Language, Power Query) SQL: MS SQL (T-SQL), Oracle, PostgreSQL,SnowFlake MS BI: SSAS, SSIS Jira (Agile Scrum) Git"
c92299ba-b32d-58b5-be6f-05f936c7ff4f,IT Recruiter / Talent Acquisition Specialist,Recruiter,fullstack,1.0,junior_1_3,fluent,5.0,data analysis;git,2,,"Working as an IT Recruiter in a company for a year, also have experience in freelance. Lead recruitment team of 3 people. Worked with different level tech and non-tech positions (front-end, back-end, full-stack, PM, Recruiter, SMM, Sales & Marketing, UX, etc.). Experienced in C-level recruitment (COO, CMO, CFO, Delivery Director, HRD). Took part in HR policies development, was responsible for pre-boarding/induction of newbies, employer branding, exit interviews, event management. Experienced in pre-sales negotiations and legal issues. Use different tools: Turbohiring, Amazinghiring, Lusha, Boo"
54d4decb-32dc-5df9-907e-084a1ca5c1fb,"Security Engineer, Ethical Hacker, Penetration Tester,",Python,backend,11.0,senior_10_plus,intermediate,3.0,javascript;node.js;python,3,,"Exploits, keygens, more than 20 web sites JavaScript, Node.js, Lua, MoonScript CoffeeScript, Perl, Unity, Reverse Engineering, Penetration testing, rapid adaptation to any project, quick analysis of the source code web crawlers, incident response,"
a7d1e9f8-654b-52f1-b049-3096366c2236,QA engineer,QA,devops_cloud,2.5,junior_1_3,fluent,5.0,azure;qa;scrum,3,,"experience working in Scrum experience working in Jira QC Engineer 09/2020 – 08/2022 Lviv, Ukraine Tasks: - Analyzing user stories and requirements - Analyzing test conditions - Test design and test execution - Performing functional, smoke, and regression testing - Reporting bugs and incidents - Provide updates to the task estimates and status of assigned tasks - Updating Metrics in Metric Collection Tool - Setting up metrics in Azure DevOps QA Manual Engineer 03/2020 – 06/2020 Tasks: Lviv, Ukraine -identify the errors -report bugs and errors to development teams -create test cases use bug tra"
4908bf87-a606-5b49-9753-68c76cb363da,Chief Product Officer / Head of Product / VP,Product Manager,design_ux,11.0,senior_10_plus,fluent,5.0,agile;product management;scrum;ui/ux,4,startup,"Created and grew up award-winning (S&P, WEF, Red Herring, etc.) products, reaching over $5 billion in trade offer/value. Turned around product strategy and implementation, using UX/UI/design and data-driven approach applying lean startup principals. Built and let product teams. Senior Product Manager (CPO / Head of Product). Certified Product Mentor. Hands-on generalist and polymath – Helping entrepreneurs, founders and their companies to build products that win! In Europe since 2007. Team Leader with vast Startup Experience since 2012 (including 3x founding). Having commercialized my first 3 "
37756bb4-7722-545d-8af7-0de61b1e73df,Senior Software Engineer,Java,devops_cloud,11.0,senior_10_plus,fluent,5.0,angular;blockchain;data analysis;docker;java;kubernetes;spring,7,blockchain;part_time;remote,"For the last 7 years I have been involved into development of products primarily for telecom domain - MVNO, OTA and IoT platform as a seniour developer or a technical leader. Mainly open-source, Java based technologies and tools used to build solutions in a cloud-native way. All projects, I participated in, adopt best practices of unit, behavior and integration testing that become a part of great development culture. Some of my previous projects: - Solution for network resource management and provisiong in a real-time manner. Clustered solution with requirements of high availablity and resilia"
fa3daef0-3b53-5964-8dda-8f7bf0aff731,Machine Learning Engineer,Data Science,machine_learning,5.0,mid_3_6,fluent,5.0,aws;javascript;machine learning,3,,"- Produced data processing and testing pipeline for financial trading system and optimization of its algorithms. Used statistical approaches to introduce some guarantee for optimization. - Created plant image recognition service for experts in the field. - Developed Client-Server application for large hospitality business in C++/JavaScript. - Worked on improvement of open-source DNS that's used in several countries - Created a smart faceted search solution for company internal sources - Built an ETL pipeline with NER, PoS and Deep Learning - Built a cloud infrastructure for text documents clas"
a019d2a2-c286-5b81-aa85-043481bbb91e,Разработчик PHP,PHP,fullstack,10.0,senior_10_plus,fluent,5.0,mysql;php,2,,"Full stack web developer. Have been working on dozens of project starting from simple company websites, ending up with complex CRM and ERP systems. great at logic and complex system building. On my latest project we're maintaining and supporting network marketing system with over 60.000 user who use website on daily basis. have got great knowledge of on site SEO, MYSQL database administration."
26c38943-c401-55e1-a7f0-a1d8c84cb688,Junior Python Developer,Python,backend,4.0,mid_3_6,intermediate,3.0,java;linux;python;sql,4,,"Graduated Python couces Experience in Oracle database; Optimizing and tuning database performance; Writing procedures, functions and triggers; Writing Shell scripts; Java applications maintance and support; Writing instructions and communication with customer service department - Analysis and solving requests from users - 24/7 monitoring of critical business processes - Workaround solution in case of emergency - Coordination, deployment and support of new projects and services - Interaction with development and testing team, vendors, analysts, marketing department, customer service department "
45bc127a-9c58-5a86-882b-cc90a5675bae,PM / QA Team Lead,QA,mobile,11.0,senior_10_plus,intermediate,3.0,android;ios;qa,3,,"- Strong knowledge of software development life cycle, different testing types, methodologies and processes - I have experience in testing of web based and desktop applications, experience in testing iOS and Android mobile apps - Experience in creating test plans, checklists, test reports - Experience in types of testing: functional, UI, usability, integration, localization, regression, smoke, sanity, cross-browser etc. - I want to find new challenges to me"
84261b20-a86b-5b0c-84c8-b0e027a51d7d,Junior Motion Designer / 2d animator,Design,design_ux,0.5,junior_0_1,intermediate,3.0,figma;ui/ux,2,,"I’ve been working as a UI/UX designer for over 8 years, and I have a good sense of color, aesthetics, composition, and communication skills. I truly believe that my previous experience can help me succeed in a new job. Education: Super Motion | Videosmile 2021 Super AfterEffects 2 | Videosmile 2022 Super Premier Pro 2 | Videosmile 2022 - right now I’m looking for an opportunity to become a Motion Designer in a suitable place where I could grow as a professional. I know Adobe After Effects and Premiere Pro at a basic level. Also right now I’m learning Cinema 4D. I used to work in Figma, but I a"
49722c77-bea6-574d-b9de-cee5303b5457,Digital Project Management/ Marketing/ Product Management,Project Manager,product_project,11.0,senior_10_plus,fluent,5.0,product management;project management;ui/ux,3,,"Experienced Project/Marketing Manager with a focus on e-commerce, and localisation services. Successfully launched new eCommerce solutions for various industries by identifying user needs and implementing solutions to enhance user experience."
4f77ca35-bd50-5aae-a550-8ea47187edb2,Project Manager,Project Manager,qa_testing,2.5,junior_1_3,intermediate,3.0,project management;qa,2,,"My achievements in projects: Overperformance of plans for requests from junior specialists with a high level of knowledge in QA Automation and Data Engineering for GR8 Tech (monitoring student learning at GR8 Tech Academy, working on their motivation); Updating the database of contractors for GR8 Tech Academy, quality assignment of technical tasks, and control of their implementation, which led to cool end results; Structuring of all Academy processes (selection for the Academy, conducting interviews with candidates, systematization of the learning process, etc.); Increasing the client base fo"
4261602a-734a-53b6-80bb-37eb2750118f,Ruby on Rails Developer,Ruby,data_analytics,2.0,junior_1_3,intermediate,3.0,git;javascript;linux;rest;ruby;sql,6,,From scratch I built: 1. Web Store based on SpreeCommerce. 2. Main website for a nonprofit organization. I also worked on various existing projects where I added some improvements and new features based on the desires of the clients. Have experience with Ruby on Rails for 2 years. My skills includes: Javascript (СoffeeScript) / Rspec + Capybara / TDD / creating RESTful JSON APIs / Capistrano deployment / SQL и Relational databases / Design patterns / Bootstrap 3 / Adobe Photoshop / Linux / Git / debugging / Quick learner of new technologies. Interesting projects with opportunity to progress.
31cd970b-3c61-5d76-ad65-e33c9464f6e2,.NET Developer (Middle/Junior),.NET,frontend,3.0,mid_3_6,fluent,5.0,.net;angular;javascript;sql,4,,"Developed a visual builder with a GUI constructor and a ladder logic designer with its parser for building embedded applications for a family of touch-panel devices. Software for a real-time monitoring, controlling and calibrating an ECU through a serial port. C#/.NET, Windows Forms, WPF, LINQ (3 years); Oracle PL/SQL, SSIS (1 year); OOP/OOD, Design Patterns, MVC, MVVM; Basic knowledge of HTML/CSS, JavaScript, JQuery, Angular; Source Control: SVN, Perforce Looking for a position to work with a friendly team on an interesting project as a C# developer, willing to evolve in the web-development d"
8ccea1c4-26ff-5780-9eca-fb2c4b7091ae,Junior UI/UX Designer,Design,design_ux,0.5,junior_0_1,intermediate,3.0,figma;ui/ux,2,,"Three years of commercial experience in branding using Photoshop/SAI, more than six months of commercial experience in website design using Photoshop/Figma. In free time I make video with Adobe Premiere Pro and Abobe After Effects. I would really like to join and develop professionally in a good team. I have little experience, so I'm looking for a job in the position trainee/junior UI/UX designer. Hard skills - Strong Adobe Photoshop and SAI user - Experience with Figma and Adobe Illustrator - Experience with Kanban - Gaining a Bachelor degree in computer science, DSEA (2019-present) - Interme"
3cbd827a-1cb4-5a1c-92ac-ad84f97b4ada,Middle QA Engineer,QA,mobile,2.5,junior_1_3,intermediate,3.0,api;cypress;javascript;qa,4,,"I am a QA Engineer with both manual and test automation skills. I have been working on long-term projects as well as on small assignments. As Manual QA I have experience in writing documentation such as checklists, test scenarios, test cases, and bug reports. I have successfully performed testing like functional and non-functional testing, smoke testing, regression testing, etc. Also, my responsibilities include testing API requests and covering them with test cases. And as Automation QA I am using Hardhat + JavaScript for smart-contracts testing (unit and integration) and Cypress for writing "
63585d46-fa9e-5409-a855-047e7d7fe292,Junior Front-end Developer,JavaScript,frontend,1.0,junior_1_3,fluent,5.0,git;javascript;mysql;node.js;php;react;vue,7,,"Bachelor's degree University of Lodz Computer Science in English I love applying responsive design principles and watching my web pages shrink into mobiles screens and still look amazing. It's oddly satisfying. I think in a way I'm kind of like those web pages; I'm moldable, but I still keep my creativity flare intact. My specialties include quickly learning new skills and programming languages, problem solving, responsive design principles, website optimization, and the Model View View Model (MVVM) and Model View Controller (MVC) methods of organizing code. So far I have JavaScript ES6, HTML5"
70db00f5-51e7-5b6c-8b73-17efb4c0a805,Full Stack Developer / Front End Developer,JavaScript,fullstack,1.0,junior_1_3,intermediate,3.0,angular;git;javascript;node.js;react;react native;typescript;vue,8,,"- higher education in IT - about 500 hours of full-stack development experience - closed 140+ development tasks of varying complexity - strong teamwork skills, honed during my previous employment I have received technical education in the IT field, graduating from SUT with a degree in Computer Systems and Networks, with proficiency in C++ and in-depth knowledge of OSI model and network design. Software Developer with a year of practice in Fullstack. 60+ projects on GitHub and 200+ algorithmic tasks completed. Have experience working with JavaScript TypeScript, React, Node.js, Express, Sequaliz"
48a0d4b2-8d35-5541-8314-09381f456b11,Android Platform Software Developer,Android,backend,4.0,mid_3_6,intermediate,3.0,.net;android;git;java,4,startup,"Nominated to apply for the Google Developer Expert Program Finalist of Google Apps Developer Challenge 2012 Big fun of stackoverflow with more than 7000 reputation Speaker in Google Developers Group Lviv, DevFest Ukraine, IT Arena, Mobile Warszawa etc. Author of technical articles for personal blog / androidweekly.net Author of custom android components (1000+stars on GitHub) - Experience with Android application development using Android SDK - Expert knowledge of Java - Good knowledge of Object Oriented concepts and a strong passion for software development - 4+ years of experience as a devel"
67edc385-c929-5534-b3a6-69a2740d727e,Project Manager,Project Manager,devops_cloud,2.0,junior_1_3,fluent,5.0,agile;product management;project management;scrum;ui/ux,5,,"Was able to launch a project within a company, which used to be perceived as a spaceship. It is the company’s most profitable project currently Project manager with strong leadership, organizational skills, able to manage teams of 8-14 developers, devops’ and designers. - In-depth knowledge of waterfall and agile methodologies - User stories (US) and User Experience enter predation and design experience - Excellent problem solving skills - Strong communications skills Establishment of SCRUM framework in a company: -daily stand ups -Jira sprint flow -Retrospectives -kpis/okrs -team success trac"
97135fab-c6fd-5d1b-ba1f-52a90d243cba,"Compliance manager, verficator (KYC/AML) / Customer Support/ Project manager",Support,product_project,10.0,senior_10_plus,fluent,5.0,blockchain;project management,2,blockchain;leadership,"Learned blockchain sphere, cryptocurrency payments, financial monitoring for anti-fraud and anti-money-laundering purposes. Also, worked for a year in translation agency as project manager. Experienced in customer verification. Compliance Support Manager «TRASTRA» (service that provides crypto debit card issue) 25.03.2021 - 10.09.2021 Responsibilities were on the border of customer support and the compliance: • Manual handling of verifications that were rejected by automated system; • Careful verification of addresses to avoid the problems with card delivery; • Checking the client's ID documen"
280c1f81-ebf3-5c02-a395-339ae8e91652,Data Scientist,Data Science,machine_learning,2.0,junior_1_3,fluent,5.0,api;data analysis;machine learning;numpy;pandas;python;selenium,7,,"• Schlumberger Machine Learning Innovation competition, 2nd runner-up, Apr 2023 • Millenial Energy Challenge – Data Science competition, Champion, Aug 2021 Experience: Machine Learning and Petroleum Engineer Jan 2023 – Present , Risehill Energy Solution, Malaysia: • Managed, cleaned, and examined production data to identify trends and patterns using numpy, pandas • Designed a modern, user-friendly UI for the Production Data Analysis Platform in line with current design principles and business standards using streamlit, plotly • Implemented real-time event identification and buildup automation "
5d6700c0-0770-59a4-b532-25360b65c0fd,Business Analyst,Business Analyst,data_analytics,3.0,mid_3_6,fluent,5.0,azure;gcp,2,,"- Experience in performing business analysis and leading process improvement initiatives; - Elicitation, verification, validation and documentation clients’ needs and requirements, preparing Functional and Non- functional specifications; - Knowledge of different types of non-functional requirements; - Ability to differ from functional getting non-functional requirements; - Identifying and evaluating attributes of quality; - Identifying key technical and business limitations; - Working with non-functional requirements' documentation techniques; - Writing Quality Attribute Scripts; - Prioritizin"
671f8c5c-f64c-5733-88a9-967569f0c0a3,Тестировщик,QA,qa_testing,0.0,junior_0_1,intermediate,3.0,api;javascript;qa,3,,"Completed GoIT courses (javascript basics); Vadim Ksendzov's courses (API testing), learned how to write bug reports, checklists, the basics of html, css, and website design. Completed GoIT courses (javascript basics); Vadim Ksendzov's courses (API testing), learned how to write bug reports, checklists, the basics of html, css, and website design."
e2426c64-7937-59e0-973c-156742e73430,QA Engineer,QA,devops_cloud,6.0,senior_6_10,intermediate,3.0,agile;docker;java;python;qa;scrum;selenium,7,,"• Strong technical background • Strong analytical, debugging, problem-solving and root-cause analysis skills • 6 years of QA experience • Strong analytical, debugging, problem-solving and root-cause analysis skills • Coordinated a team from 4 persons • Good Team player • Experience in Agile software development (Scrum, Kanban) • Good understanding of Web and Client/Server applications architecture • Experience with virtualization: VirtualBox (good) and Docker (basic) • Experience with WebRTC (basic) • Experience with automation: Bash and Batch scripting, Python and Selenium WebDriver, Java and"
66627894-9e8b-5b53-8be4-13fdfa3dfc9e,Front-end developer (Next/React),JavaScript,frontend,3.0,mid_3_6,intermediate,3.0,javascript;react;react native;typescript,4,,"Mobile app for fitness classes (React Native, Typescript, Firebase, Algolia, i18n): The app was already in production with about 1 000 downloads. Worked on extending the existing functionality and supporting the project: - adding features related to managing fitness classes; - writing Firebase Cloud functions for different purposses; - working with Firestore database Service for managing deployment (React, ReduxToolkit, SCSS, MSAL Authentication) Started project from scratch, configured the project and set the initial structutre. The main work that had been done: - implemented authentication v"
9948959b-78a4-5b5b-b118-b6405d1c44ed,Machine Learning Engineer,Data Science,machine_learning,3.0,mid_3_6,fluent,5.0,computer vision;flask;machine learning;numpy;pandas;pytorch;scikit-learn;sql;tensorflow,9,,"Projects Pulmonary fibrosis Description: having unstructured list of patients’ visits info and 3d CT scans of their lungs, the goal was to predict the lungs’ capacity by the certain date and give the probability of the prediction. Tabular data was normalised and concatenated with the flatten output of the scan after putting it into efficientnetB6. The success metric was Laplacian. Stack: efficientnet, EDA, sklearn, numpy, pandas, tensorflow, keras, matplotlib, seaborn, PIL. G2Net signal detection. Description: Waves from 3 different detectors (like LIGO) were given and the task was to identify"
9b2a5a50-c7f1-5e10-a13c-f6d0a3945dcd,Senior Android Developer,Android,mobile,8.0,senior_6_10,intermediate,3.0,android;data analysis,2,,"Highly technical, team-oriented professional with 8+ years of extensive experience in mobile application software development. Demonstrated ability to work through a problem effectively and provide the best solution. • Hands-on experience in building e-commerce apps, analytics apps, custom maps with using beacons, VPN apps. • In-depth knowledge of the mobile app project lifecycle. • Demonstrated ability to apply concepts of objected oriented programming. • Proven competence to teach and mentor after being a Team Lead for two years."
8b73b44a-8597-5ae7-9fac-a2b285f5aae5,Online Project Manager,Project Manager,design_ux,8.0,senior_6_10,intermediate,3.0,figma;project management,2,,"I would like to work together with a group of 7-12 people. Web Project manager with 8+ years of experience managing digital projects. I am excellent in working with others to achieve a certain objective on time and with excellence and building strong relationships with work colleagues. PROFESSIONAL SKILLS Leadership, Communication, Planning, Time management, Risk management, Negotiation SOFTWARE SKILLS TeamGantt, Trello, GanttPoject, JIRA, Hubspot, Omnifocus, Google Drive, Photoshop, Figma RESPONSIBLES General management of web projects. Translate briefs in actionable plans, and executes conte"
d67f3f47-c724-5051-80f0-4b331095a583,Remote Javascript / ReactJS / React Native developer,JavaScript,fullstack,4.0,mid_3_6,intermediate,3.0,api;aws;django;flask;javascript;linux;node.js;postgresql;python;react;react native;rest,12,leadership;remote,"Developed an open-source award-winning mobile application. The app took an NG-Awards 2016 Product HERO in Poland. Have proficiency with a wide stack of technologies. My skillset covers Fullstack Web (front-end using Javascript / ReactJS; backend using Python / Django), Native Mobile (React Native) development. All of these skills were applied in complex commercial projects. 2+ years of experience with purely distributed teams. I know how to work remotely with small to average sized distributed team as my previous positions (last 2.5 years, to be exact) had similar conditions. While working on "
a51b30b9-d140-5dbe-a66e-8d0a847437a5,QA Engineer,QA,qa_testing,0.0,junior_0_1,intermediate,3.0,api;qa,2,,"I recently finished QA manual course at Hillel IT school and I am ready to work I have practice with the Jira bug tracking system, load testing with Jmeter, API testing with Postman. I have knowledge of the kinds and types of testing. Understanding of creating test documentation: test plan, test case, check-list. Knowing of test design techniques: boundary value, equivalent partitioning, pairwise testing I am more interested in gaining experience than salary and becoming useful to the company"
968446c1-f479-5ef8-8710-7286825ce81c,UX Project Manager,Project Manager,backend,5.0,mid_3_6,fluent,5.0,agile;javascript;mysql;php;product management;project management;scrum;ui/ux,8,leadership,"- Building project management processes from scratch - Ensuring the growth of the company's profit in the crisis - Optimization of the product management processes - Opening and/or maintaining 17 e-commerce websites, 20 blogs, several forums, landing-pages, a web proxy-server in Ukraine (leader on the market), Georgia (top 3), Russia (top 6), Chile (top 10), Moldova, Romania and Czech Republic. - Completing 3 offline events - Mentoring teams and team members - 2 years of experience in management of PHP projects using MySQL, JS, jQuery, HTML5, CSS3 and CMS (WordPress, Opencart, Simpla, Webasyst"
8c0321ea-7b42-5b85-a913-0b1e2355470a,Golang Developer,Golang,data_analytics,0.5,junior_0_1,intermediate,3.0,api;docker;git;go;mongodb;postgresql;rest,7,,"My pet projects: - Terminal user interface app for Twitch browsing (currently in developing) - Api for online shopping Learned http, rest api and work with mongoDB - Test project to work with http file transferring and importing/exporting data from postgresql and file csv via api Expanded knowledge about the work of the http protocol and work with file transferring All of them you can check in my github profile Have only experience in developing pet projects, specifically working with relational and non-relational databases (postgresql and mongodb), developing rest api, creating and managing d"
93267c78-f59e-5818-a7e8-9f7f36f03e8e,"Product Manager, Product Marketing Manager",Product Manager,product_project,10.0,senior_10_plus,fluent,5.0,product management;project management,2,leadership,"I always concentrated on the value that my work brings to the product and the company itself. Adjust processes if needed, and have strong troubleshooting skills. • 10+ years of practice as a Product/Project Manager, Product Marketing Professional. • Areas of expertise: customer research, product planning, features prioritization, product marketing strategy, risk management, strong analytical skills. • Successful experience of team management (4-20+ members), in particular cross-functional international and remote teams. Product Manager or Project manager role in an international company with t"
231f25bb-11ba-5c64-8574-ffb1e8d3c00d,Full Stack Web Developer,JavaScript,fullstack,4.0,mid_3_6,intermediate,3.0,angular;api;aws;ci/cd;javascript;mongodb;mysql;node.js;rest;vue,10,,Hardworking and enthusiastic worker with different experience. I strive to see results in any position in which I am. Reliable and dedicated to finding a place that will benefit my skills. I always make every effort to ensure that all estimates are completed on time and with high quality. Was engaged in the development of projects from scratch and support for existing projects. Full Stuck Software developer 02.2018 - 02.2022 (4 years) Information technologies and services in the field of pharmacology and medicine Responisibilites: • Build web applications with Node.js and Angular • Creating re
1342ff4d-4817-5be7-8329-bbfba9740453,"Delivery manager, Program Manager, Head of Product",Project Manager,product_project,9.0,senior_6_10,fluent,5.0,blockchain;project management,2,leadership,"During the Softserve period - I grew a team from 2 to 35 engineers. Eleks - Delivery manager role for new one of the business units. My BU successfully met the challenging KPIs. NewFire - the role of PMO Manager. Set up processes, created initial documentation for the project health. Trained two junior SM how to perform a middle SM role without supervision successfully I have worked on different projects in the Software Development sphere for more than 14 years. As a PMP-certified program manager, I have successfully delivered 20+ projects for customers in Europe and the US in healthcare and f"
3a9523ba-39a9-5953-abd8-79571fb42ad6,Manual QA Engineer,QA,mobile,1.0,junior_1_3,intermediate,3.0,mysql;qa,2,,"Co-Worker 01/2020 to 02/2021 Trainee/Junior QA Engineer I worked and supported several web projects. I learned and worked with several new tools, created bug reports in Jira, wrote test documentation, test plan, test cases, checklists, test scenarios. Freenet LTD (O3) 04/2021 to present Network Quality Control and Monitoring Engineer I worked with databases, MySQL queries, web interfaces, documentation, client-server architecture. I have learned and used OSI models, internet structures (ip, dns, etc.), HTTP+S, basic knowledge of internet certificates. In my position, I have had a lot of experi"
789214b8-49a6-57a2-a3b1-0c719d1c150e,Java Developer,Java,backend,3.0,mid_3_6,fluent,5.0,docker;java;microservices;mongodb;postgresql;spring,6,,"Jan, 2016 - until now NetCracker Technology Corp. (Россия) Russia, www.netcracker.com Java developer Working on a Network Functions Virtualization project. Developing an orchestration system, which integrates with such third-party systems as OpenStack, Contrail and Mistral. Our solution is made up of dozens of microservices. Predominantly, these are Java Spring Boot applications with underlying Postgres/Mongo database. OpenShift is used as a deployment system. Also, we follow TDD, BDD and DevOps practises. Responsibilities: - development E2E features in the Back-End stack of microservices; - m"
c471bfbb-bc74-51ad-b9d7-b1fd4b9c77bb,"Team Lead, Dev Coordinator",Project Manager,data_analytics,10.0,senior_10_plus,fluent,5.0,agile;project management;qa;sql,4,,"strong communication skills organising development process customer support experience project planning resource allocation agile/scum methodology Business analysis 7 years QA experience 4 years team lead experience Jira/ TFS/ EA SQL, Oracle Installshield Test Complete Basic programming skills"
4fa44eab-9ea7-5385-922b-b9ce095628b8,Senior UX designer,Design,design_ux,8.0,senior_6_10,fluent,5.0,agile;figma;scrum;ui/ux,4,,"www.galvik.me Create Personas Creating reliable and realistic representations of your key audience segments for reference. Usability Testing Evaluating a product or service by testing it with representative users. Design Sprints Planning and executing a process for answering critical business questions through design, prototyping, and testing ideas with customers. Prototyping Creating interactive mockups that can have any degree of fidelity. Tools of choice: Framer, Sketch, Invision (tools used before: Justinmind, Axure, UXPin, Adobe XD) Visual Design Designing pixel perfect visually stunning "
35e9a0af-b6a9-5c7c-841b-00edac3f1589,QA Automation Engineer,QA Automation,qa_testing,0.0,junior_0_1,intermediate,3.0,qa;spring,2,,completed SoftServe IT Academy course: QUALITY ASSURANCE AND AUTOMATED TESTING OF MODERN SOFTWARE SYSTEMS certificate Series IX № 7367/2021 Without experience in IT. completed SoftServe IT Academy course: QUALITY ASSURANCE AND AUTOMATED TESTING OF MODERN SOFTWARE SYSTEMS certificate Series IX № 7367/2021 External EPAM University program Test Automation Spring Program 2022
16ff9fc5-73a9-5c63-aa75-369c3b97fe0f,Product Analyst / Product Data Scientist,Data Science,machine_learning,4.0,mid_3_6,fluent,5.0,data analysis;tableau,2,,"Web/App - identify main KPIs and benchmarks to measure efficiency and built strategy, - define which data we need to collect and how, test accuracy of data - work with GTM/GA/Amplitude/Firebase, - implement dashboards on user activity and for calculation efficiency of marketing spends Tableau/DataStudio/Looker, - communicate not only numbers but insights, generate data driven ideas for AB tests - familiar how to work with DB and ETL - built analytics system for startups (size - up to 20 people) from scratch - set up Amplitude tool for product analysis"
8a13fc7d-5df5-52fe-9856-24820fa0f6f3,Junior DevOps Engineer,DevOps,devops_cloud,1.5,junior_1_3,intermediate,3.0,aws;ci/cd;gcp;git;github actions;kubernetes,6,,"Passed Amazon Solution Architect Assosiate exam. Received bachelor's degree in cybersecurity specialty. Setting up infrastructure in AWS and GCP. Development and maintaining of Kubernetes clusters. Configuring CI/CD pipelines with Github Actions and other tools. Working with Nginx. Monitoring: prometheus, grafana, loki, Opsgenie."
df7ff1ef-0970-55a9-bcac-d3fdf2cb02ea,React Native,JavaScript,frontend,2.0,junior_1_3,intermediate,3.0,javascript;mongodb;node.js;react;react native;typescript,6,,For shielding electronic keys and signing documents using NodeJs and Jkurwa I developed such websites as: - Online shops - Site with video courses - Goverment websites. Also developed various types of mobile applications. Example: - Different mobiles online shop - Application for hiring workers I was engaged in the following tasks in the team: - Refactoring and mentoring for junior employees; - Assessment of tasks received by the company - I built site/mobile application architectures for further development - Configuring eslint and path aliases for more comfortable development - Solving probl
bda8ac1a-4d37-5e88-a96c-dbbff5006236,QA Engineer,QA,mobile,0.5,junior_0_1,intermediate,3.0,api;qa;scrum;ui/ux,4,,"1. Joyn.de Position: Software Tester Web/mobile application for watching movies, series, sports matches, and TV Duties: Working in a scrum team, developing test cases for Web-version, reporting bugs into Jira, creating RTM, permission testing 2. “Ukrzaliznytsia” mobile app Position: Beta-tester Mobile app for finding and buying train tickets Duties: UX/UI testing, functional testing, checklist testing, exploratory testing, reporting bugs 3. Conduit Position: Software Tester Website, where I deepened practical skills in product quality research, especially writing bug reports. Duties: Working i"
4bdd2deb-dbce-5fa9-85d9-553bd5c8dcf8,Senior/Lead Java Software Engineer,Java,devops_cloud,9.0,senior_6_10,fluent,5.0,agile;aws;java;microservices,4,,"AWS Certified Developer Associate Oracle Certified Associate, Java SE 8 Requirements gathering and analysis, documentation creation; Application development and support; Technical analysis and initial estimations; Communication and collaboration with the client; Maintaining Agile project processes in the team during development; Leading complex tasks which affect different teams and microservices; Developing architecture design; Creating and demonstrating PoC projects; Improvement of application performance; Code review. I would like to lead a team with possibility to grow to an architect. pro"
4e65fd02-8bba-59ae-84d7-ac36851e3636,Software Developer (Python),Python,backend,5.0,mid_3_6,intermediate,3.0,aws;django;gcp;javascript;linux;project management;python;rest;ui/ux,9,,"Software Developer, startuper, developer communities lead. Also interested in Open Source, networks and open data. Last years I solve different problems mostly using Python/Django and JS. My most significant project is a ecommerce platform which I built last year. 9 years working in IT industry. 5 years in software development. 2 years manage software projects. 50 000+ lines of code last year. 15 projects participated in. Top Skills: Python, Django, Linux administration and development, Backend programming, web UI design and programming. More: software project management, Cloud services (Googl"
ba31d175-e17c-52e2-889c-59992a3a2076,QA Engineer,QA,qa_testing,2.0,junior_1_3,fluent,5.0,api;qa,2,,"I am patient even with the most difficult people; I know when to leave someone alone and to stop bugging them, I can dumb-down complex stuff to make it clear for everyone. I have developed an English course for QA Engineers, I took part in developing an English course for Managers. Designed first Test documents on the Project. First Project was mainly testing fintech web-apps: Performed smoke and regression testing of web applications. Performed API testing a new platform under development. Prepared and maintained test suites. Analyzed test results and worked with developers in bug fixes. Deve"
ba869a5a-b230-5449-896b-79650ceb5085,"Chief (Lead/Senior) Data Scientist, Senior Project Manager, Senior Business Analyst, COO, CSO, CPO, CMO, CDO, CAO, R&D (AI + BI + Any (Not Only IT) Business + PhD)",Data Science,machine_learning,11.0,senior_10_plus,fluent,5.0,agile;computer vision;data analysis;machine learning;nlp;power bi;project management;python;scrum;tableau,10,,"SAP ERP R/3 (SD, MM, PP, FI, CO) + BI (BO) + AI (ML+DL) Implementation. The first book in (SAP + AI) was published in USA only 2 years later after our work (in Sept. 2019 by O'Reilly). It is the most complex project among all possible IT Development Projects in any industry in any country, including any double AI + triple Big Data. Repeatedly managed Data Science Teams Members with PhD. Scientific interests are: management, modern inductive logic, causality, evidence, philosophy of science, control systems, system analysis. Working experience in IT (and not only) more 15 years: C-level: Chief "
17131071-fb9f-594c-bcd6-5c3c66027375,Full Stack Web Developer,Node.js,fullstack,0.0,junior_0_1,intermediate,3.0,android;docker;git;javascript;mongodb;mysql;node.js;vue,8,,"I created some pet projects: - Online Shop. It has main page with all products (products have product price, name), shop cart (add or delete product) and order page. - Form based authentication and User Profile. User can log or sign in profile page (with oportunity to edit user profile data). I learn JavaScript/Node.JS (Express.JS), have experience in Web design (HTML, CSS, FlexGrid). Familiar with Vue.JS, worked with MySQL and MongoDB. Use Git/Githib for version control. Understand Docker principles and how to work with it. Developed a pet project on Android for myself: training schedule. C++"
7c96fd69-b008-5109-9b93-06364779ed41,Business Analyst,Business Analyst,data_analytics,5.0,mid_3_6,fluent,5.0,qa;ui/ux,2,gaming,"Covered the following responsibilities in my projects: Started in IT as QA with: - Planning, Estimating and Prioritising the testing activities - Test Cases Elaboration and Running - Issues Detecting and Tracking Moving forward in the BA environment: - Project from scratch processes set up and control - Solution development in collaboration with design team and PO - Requirements Elicitation and Modeling - Requirements Tracing and Maintaining - Requirements Review and Approval Process Management - Scope management - Backlog management - Risk assessment and management - Day-to-day Developer & QC"
8f4ee6f5-7a76-5d01-a857-fc7b5f7fa59e,UX/UI Designer,Design,design_ux,1.0,junior_1_3,fluent,5.0,figma;ui/ux,2,,"I have a Bachelor degree in Italian/English linguistics. As part of my thesis, I created two visual novels for teaching students of the 8th grade Italian language and studied the effectiveness of its use in learning a foreign language. I've finished Google UX courses and also learned basics of HTML. Additionally, I've finished video editing course and mastered Final Cut Pro. As a product designer in a charity organization, I was part of a multidisciplinary fundraising team. My responsibilities were: - help different groups within the organization develop and test various strategies to raise fu"
6c4dd5c6-c558-55d8-8b8e-81182420e03f,Team Lead / Head of department,JavaScript,frontend,7.0,senior_6_10,intermediate,3.0,angular;git;javascript;node.js,4,,"JavaScript, HTML, CSS/SASS, Angular, Git, NodeJS. Experience as a team leader 4 years Experience as a department head 1 year At the moment I am in charge of the front-end development department, which consists of two teams of 5 developers each. We are engaged in the development of analytical systems for the bank"
1ead2dba-8c5a-508d-93c3-04d72377b12c,Project Manager | Strategy Manager | Business Consultant,Project Manager,product_project,11.0,senior_10_plus,fluent,5.0,data analysis;power bi;project management;sql,4,,Developed and managed a regional branch network for the international outsourcing company - 5 location sites with a total staff of more than 500 high-skilled FTE. • Strategy and planning • Operations and Facility Management • Security and Business Continuity Management / Crisis Management • Preparing market and business profiles for various M&A initiatives (international IT consulting and outsourcing market) • Brand Communication and Corporate Social Responsibility I am a practiced manager with over 20 years of experience in the information technology sector. I believe a strategic approach aug
f0cf1d20-3891-587a-876a-d629e8792774,Senior Ionic / Angular Developer,JavaScript,frontend,7.0,senior_6_10,intermediate,3.0,angular;javascript,2,part_time;remote,"More that 30 applications were done in very different domains, so I have very big experience in various tasks and solutions, and also in dozens of side plugins and libs. Few more detailed things that I worked on: - Automotive domain app that included accounting of truck drivers activity (daily milage tracking with displaying on map, collecting of statistics, driver and supervisor dashboards with realtime data, etc. - Fintech app that contained huge amount of custom styling / calculation / visual modules that were build from scratch or relying on other libs / plugins. - Restaurant app that cont"
a04de632-a046-5cf9-b0ec-a9075d635842,Machine Learning Engineer,Data Science,machine_learning,2.0,junior_1_3,fluent,5.0,computer vision;machine learning;nlp,3,,"Automation of moderation(user info, photo, text). Building and maintaining production-ready ML systems from scratch. Computer Vision, NLP, Tabular data. Antifraud/Antiscam systems. Wide experience in web development. Developed several web applications for data mining, data labeling. Interested in Computer Vision, Generative AI"
a36d84a7-9b43-545d-a802-c00b0246795f,QA Engineer,QA,qa_testing,5.0,mid_3_6,intermediate,3.0,api;product management;qa;scrum,4,,"Have some experience in web testing, e2e automation ( webdriver-jbehave). Api testing, Project and product management. Scrum. Ready to downgrade to manual qa for with regular responsibilities. Non- toxic customer and team is preferable. All other details per request. Appreciate your time."
9c184ee0-7369-5e07-a2a0-aa4227d8cfe2,Junior Project Manager,Project Manager,product_project,0.0,junior_0_1,intermediate,3.0,agile;project management,2,,Recently i finished IT Project Management cources. At the cources i learned: - how work with different types of project - full lifecycle of IT project - main things about Agile and Waterfall methodology - how to differentiate stakehoders and work with them - how it goes source code delivery - how to make scope and estimate it for customer needs - make visual wireframes - why GDPR so important in some IT products - main things about all project documents I started my work career at building company as a marketing manager when i was a student. My main task as a marketing manager was: - makinng a
dd64e1aa-2423-52c6-83a7-3f3c44167996,Graphic Designer,Design,design_ux,2.5,junior_1_3,intermediate,3.0,figma;ui/ux,2,,"Hello! I have over 3 years of experience in Graphic Design and 2D Illustration. Currently, I am practicing and improving my skills in Figma and doing an in-depth study of UI\UX. I received a Bachelor of Arts in Graphic Design and completed UI/UX courses at the Design Kitchen School. I am confident in such programs as Figma, Illustrator, Photoshop, In Design, Procreate. UI/UX & Graphic Designer | Freelance * Creating the landing page, e-commerce project * Wireframing and prototyping * Creating user flow, sitemap * Working on the design of web elements (icons, backgrounds, etc.) * Resize/adaptat"
fb6a5c0e-0ab8-565f-a716-120fcf8db9c3,Junior Front-end Developer/ Junior Full-Stack developer,JavaScript,fullstack,0.0,junior_0_1,intermediate,3.0,agile;api;figma;git;javascript;node.js;react;rest;scrum,9,leadership,"Throughout my academic pursuits, I had the opportunity to collaborate on three distinct team projects, each of which required a specific set of skills and competencies. In the first project, I assumed the role of developer, where I was responsible for the technical aspects of the project, including software development, coding, and debugging. In the second project, I served as the Scrum Master, overseeing the project's agile development methodology, facilitating meetings and ceremonies, and ensuring that the team adhered to established processes and timelines. Finally, in the third project, I "
8dd9806b-65dc-5adc-951b-8be8a75755a4,DevOps engineer,DevOps,devops_cloud,2.0,junior_1_3,intermediate,3.0,aws;ci/cd;docker;gcp;git;jenkins;linux;mysql;python;terraform,10,,"Responsibilities: • automate integration routine; • participate in releases and deployment to various environments; • identify potential problems and risks; • perform integration setups, troubleshooting issues in the process and after the configuration is completed; • analyze defects and/or test results; • deduct the chain of events leading to a failure; • maintain new product functionality; • sustain the process of knowledge sharing with the related teams; • communicate with customers and stakeholders. Knowledge & practical skills: • Linux (Debian, Ubuntu) server administration • Cloud: GCP, "
7aca6230-3751-5f3a-a267-446f2c9a88d1,Node.js developer,Node.js,backend,4.0,mid_3_6,fluent,5.0,aws;docker;javascript;mongodb;node.js;postgresql;redis;typescript,8,,"I have 4+ years of backend expertise in building services for international companies in Germany, Singapore, and USA. Experience working with JavaScript, Typescript, Node.js(Expres.js and Nest.js), Postgresql, MongoDB, Redis, RabbitMQ, AWS, Docker/docker-compose, Unit-testing \ Mocha \ Jest"
230efb1a-e6df-53aa-86b5-bac104629a73,Linux administrator/DevOps,DevOps,mobile,8.0,senior_6_10,intermediate,3.0,java;linux;mysql,3,,"Java Start MTA certified in HTML5 Application Development Fundamentals. - Building, configuring and troubleshooting of servers Dell, HP, SuperMicro, IBM - Configuring routers: CISCO, Allied Telesis, D-LINK - Configuring hypervisors: Xen, Hyper-V, VMware -Installing and configuring: Eprints3, LMS Moodle, Open edX, Irbis, MediaWiki, Joomla, Wordpress - Working with databases: Mysql - Providing backups of all resources - Monitoring tools: Zabbix, Nagios - Linux(Ubuntu, Debian, Mint, CentOS): bash scripting; configuring and support services DHCP and DNS, iptables, Samba, proftpd, proxy(SQUID); web"
d9662ef8-7518-505e-a744-cd7177191fdd,Business/System Analyst,Business Analyst,data_analytics,5.0,mid_3_6,intermediate,3.0,microservices;product management;scrum,3,gaming,"- Successful analytical support of the transition of a huge platform from a monolith to microservices. - I have grown to the position of Product Owner. - Participation in the successful implementation of the SCRUM approach in the company. More than 4 years worked as a system / business analyst. At the beginning of her career, she worked in project development, so she had experience in many different areas. Then she moved into product development. In my last job, I was responsible for the following tasks: • Analytical support of the full cycle of IT projects implementation, from the application"
ce156e41-756a-5e39-8a4b-fa5a96a10892,Manual QA Engineer,QA,machine_learning,5.0,mid_3_6,fluent,5.0,agile;figma;qa;selenium,4,,"I have been able to complete some really massive projects in recent months. The first project, which took place between March 2021 and December 2022, was the implementation of the Salesforce Customer Relationship Management (CRM) solution for Standard Bank. The implementation focused on the implementation of a set of capabilities, including financial service cloud, marketing cloud, Einstein AI, and others, to aid in effectively capturing and tracking client interactions, learning more about customer needs and behaviors, boosting employee productivity, and delivering continuous innovation. The "
ebb17cfd-4382-5639-8a19-6b7d6a713043,Junior C# Developer,.NET,fullstack,0.0,junior_0_1,intermediate,3.0,.net;git;go,3,,"Since my first year at university, I've been rocking front-end skills and practicing. At the same time at university I was getting acquainted with C languages. In my second year I was selected for a full-stack Golang dev internship in a company. Was supposed to last half a year with further employment, but because of my leaving Kharkov I wasn't able to finish it. Now I continue to study my area. Unfinished course at Nix Solution company due to war in Full stack Golang developer. We were writing a food delivery site. You can see the development of the project in my Git."
d366ed2f-839f-51bd-b4f3-a33dca36a4f9,Project Manager,Project Manager,product_project,3.0,mid_3_6,fluent,5.0,product management;project management;scrum,3,,"Coordinating multiple cross-functional teams Weekly reporting to external stakeholders Following SDLC to deliver products Applied scrum processes to business analysis process to make it measurable Introduced a solution for PMO to report general meetings properly Took part in the creation of educational materials for customers (doctors) Coordinating MSProject enrollment in PMO It is important to see a ""huge"" number next to ""years of experience"". However, no one asks what kind of experience it was. I have plenty of multi-dimensional experience: I've been working as a software engineer for 4 year"
89349e8b-40ad-5a15-ad06-f7c55ca7297a,Project/Product Manager,Project Manager,design_ux,3.0,mid_3_6,intermediate,3.0,agile;git;javascript;mysql;product management;project management;qa;scrum;ui/ux,9,leadership,"For the last 3 years, I have been working as a Project Manager at outsource and product software companies. I have significant experience in managing various projects with all levels of responsibilities. And it is a right time for me to accept the next big challenge in my career. My skills: Agile methodologies: Scrum, Kanban; Waterfall; IT project lifecycle; Jira / Trello; UI/UX fundamentals; HTML/CSS/JS fundamentals. Team motivation; technical requirements development; project planning; customer reporting; people management; conflict management. As a project manager, I had a wide range of tas"
2dc77dfd-61dd-5f43-84ea-659ac6eeefac,Head of Product Development,Product Manager,devops_cloud,11.0,senior_10_plus,fluent,5.0,agile;product management;project management;scrum,4,,"- Launched dozens of cloud services. Many of them earned millions of revenue and engaged thousands of users - My achievements include B2B processes transformation for new digital economy and services, the growth of new business and successful Go-To-Market strategies development - Earned significant values (new revenue, discounts, significant advantages) for a company by leading hundreds of complex negotiations with partners and clients - Three times was recognized by the CEO due to successfully launched complex projects and big wins for a company [ Product Management] - Experience in managing "
8dd15b9e-ea4b-594b-aa2b-68d3997ec513,Business Analyst,Data Analyst,data_analytics,1.0,junior_1_3,fluent,5.0,data analysis;power bi;sql;tableau,4,,"•Communicated with internal stakeholders to gather requirements and needed information for analytics projects; •Analyzed KPI and the performance of employees for different types of motivational programs, and then consulted the recipients regarding the results if needed; •Written technical tasks for data analytics dashboards and reports for Power BI, describing both business and visualization requirements, and led those projects to the finishing point. •Created and kept up-to-date reports and presentations for the higher management. •Had experience analyzing bank data with SQL. •Created dashboa"
6cd1cb6c-1c58-50f8-b76d-e23e31346ae5,Middle Java developer,Java,backend,2.5,junior_1_3,intermediate,3.0,java;mysql;rest;spring,4,,"I've started as Junior Java developer and have achieved Middle Java Developer position for 2.5 years in Stibo Systems. Java SE (Java 8), Maven, OSGI, Gradle, GWT, JAX-WS, JAX-RS, RESTful, SOAP, Oracle, MySQL, Spring/Hibernate (theoretical)."
69e3e6dc-dd39-59af-babb-e79c15c92b7f,Junior Front-end Developer,JavaScript,frontend,1.5,junior_1_3,intermediate,3.0,git;java;javascript;react,4,,1) Application for managing cold-mailing and LinkedIn lead generetion Role: Front End Developer(React) Responsibilities: - Developing project according to customer specifications using React. - Collaborating with customer and developers to create better functionality. Tools and technologies: • React • Java Script • React Router • Redux • SCSS • GIT • Formik • yup • react-token-auth • axios • react-datepicker 2) A web application solution that helps to calculate the development cost of the Web or mobile application. Role: Front End Developer(React) Responsibilities: - Developing a new features 
f8044c41-f550-5676-b16b-6af3eb31b6cb,Lead Software Engineer in Test / Test Automation Architect,QA Automation,qa_testing,11.0,senior_10_plus,fluent,5.0,api;aws;ci/cd;docker;java;javascript;jenkins;python;qa;ruby,10,leadership,"- Successfully played a role of Technical Lead for the Test Automation solutions in the team of 50 QA Automation Engineers working on the same code base; - Introduced CI/CD Quality Gates both for Automation and Developers code; - Replaced the inefficient commercial automation tool with scalable multi-module Test Automation Frameworks on Java, JS and Ruby, integrating end-to-end testing into CI/CD, which reduced hours of manual testing work every week, increased products quality and saved money on the automation toolset. - Created an open-source tool for tests synchronization between code and d"
ca9de443-74d9-55b7-a71a-8feaf34b355e,Middle / Senior QA Engineer,QA,mobile,4.0,mid_3_6,intermediate,3.0,android;ios;qa,3,,"I self-studied QA. I have experience in QA ~4 years. I have experience as a single tester on a project, and in a group of more than 35 people. I test web applications (f.e. web-site a large network of Ukrainian cinema) / mobile applications (Android / iOS) (f.e. messenger) / desktop application and chat-bots (f.e. for gas station). Also I test devices controlling through desktop/mobile applications. I write test- documentations (check-lists, test-cases, matrix of coverage of documentation by test-cases etc)., instructions for application, use-cases. On the current project, I write guides for u"
154ed157-0061-5f12-87b7-c70fc80e847a,iOS Developer,iOS,mobile,3.0,mid_3_6,intermediate,3.0,ci/cd;graphql;ios;swift,4,,"1. White-label E-banking applications for Ukrainian and foreign banks. (Swift 5, MVP Architecture, Clean Swift Architecture, Networking (Alamofire), UIKit, Foundation, Autolayout, 3D Secure, KeychainAccess, Multithreading, Google maps and geolocation) 2. Homework helper application for studying (MVP, Networking (Alamofire), In-app purchases, OneSignal, Apphud, Appodeal, GoogleMobileAds, YandexMobileMetrica.) 3. Positive thinking application with pictures for good mood (Networking (GraphQL), RxSwift+MVVM, Social Services (Facebook SDK, Google, CI/CD)"
76f041bd-9a8a-58cf-b69b-d80b0ea02f3b,Project Manager,Project Manager,product_project,1.0,junior_1_3,intermediate,3.0,project management;scrum,2,,"- Integrated Scrum methodologies; - Set up business processes in a new project; - Rallied the team and implemented: teambuilding, english speaking club, educational calls; Project Manager - May 2022 until now United Thinkers (Payment Technology Company) - Setting tasks for the team and monitoring their implementation; - Conducting daily status meetings (planning, demo, retro); - Administrating task tracker; - Preparation of regular reports based on the results of the sprint; Head of Projects Department - January 2022 по February 2022 г. LLC ""WorkLife"" (Employment agency) - Formed a business pl"
8910a530-42e9-562e-92db-4db6e21c33b0,Javascript Developer,JavaScript,fullstack,11.0,senior_10_plus,intermediate,3.0,javascript;mysql;node.js;react,4,remote,Having more than 10 years of experience of software devolpment I can participate in projects as backend development as well as frontend developer. My current stack on backend is: Node + Express + MySQL or PostgeSQL. Also I have a certain experience of working with Apollo.js. On the frontend I mostly work with React + Redux + Bootstrap. But I'm always open for new technologies. At the moment I work as a freelance developer on Upwork platform. Would like to participate interesting projects as a fullstack remote developer
b283c305-7f30-5a22-b5e1-15b65a18129e,"IT Consultant, BCM, PM, Head of DevOps, Scrum master",Project Manager,devops_cloud,11.0,senior_10_plus,fluent,5.0,agile;linux;project management;scrum,4,,"Strong portfolio of successfully completed projects. Project recovery. DR and BC planing and management. Sterling B2B integrator support, troubleshooting, message management. Administrating and supporting IBM Websphere MQ on Windows/Linux/AIX/OS400. Administrating and supporting iCore Integration Suite, iCore Process Server. Working with complex B2B integrations, deployments, installations, etc. Setting up new environment for big international corporations (Volvo, Alfa-Laval, ESAB, Mercedes) Disaster Recovery and Business Continuity. Software development and Project management. Agile and Scrum"
4f9ab61e-927d-5975-819c-bcea5899c795,Junior Front-end Developer,JavaScript,frontend,0.0,junior_0_1,intermediate,3.0,javascript;react,2,,"FoodSta [HTML, SASS, JS, Parcel] One-page website for the ordering food. Role: Frontend Dev. Implement a markup and styles for header and footer Event Boster [HTML, SASS, JS, Handlebars, Parcel] Ticket ordering service for events. Role: Frontend Dev. Implement a pagination logic, pagination styles and switching pages WebStudio [HTML, CSS] One-page website with adaptive layout . Role: Frontend dev Wallet [HTML, CSS, JS, React, ReduxToolkit, Webpack] Site enables the user to save information about costs and incomes. Role: Frontend Dev. creating a register page, login page and logout implementati"
b4d56fb2-9b81-505d-a9e8-cdd30da4ea9f,Data Scientist,Data Science,machine_learning,1.0,junior_1_3,fluent,5.0,machine learning;numpy;pandas;python;pytorch;sql;tableau,7,,"I have experience in working with real data and projects. ML, statistical, and visualization knowledge in SPSS Modeler, deep knowledge and coding skills in Python, R, Oracle SQL, and Tableau. Basic Deep Learning knowledge and knowledge of several libraries such as Numpy, Pandas, Matplotlib, Seaborn, Pytorch and etc. Completing Hyperparameter Tuning on ML models for predictive analysis. I also have knowledge and skills in Time Series Analysis."
80572cd8-ad35-5c51-8954-2c1e3fe0d40b,Senior QA Engineer,QA,qa_testing,5.0,mid_3_6,intermediate,3.0,java;jenkins;qa;rest;selenium;sql,6,,"Прошел DataArt QA School Автоматизировал проект с нуля и перевел на Jenkins для автоматического запуска тестов 5 years of manual testing experience 1+ years of automated testing experience Skills working with automation tools (Selenium WebDriver + Java) Create/update test documentation (test cases, checklists, create test suites, bug reporters); - Functional, smoke, black-box testing, exploratory testing, UI, cross-browser, regression testing, etc.; - Review and estimation of new features implementation; Knowledge of test types and methods of organizing them during the testing of different typ"
bfb95c16-c385-5bae-b0b2-eb7b235aa77c,UX/UI Designer,Design,design_ux,3.0,mid_3_6,intermediate,3.0,figma;ui/ux,2,,"Senior UX/UI Design from 19.2019 till now ( 9 months +) — Higher education in the field of web design, product design or related fields with the skills of introducing own developments, bringing them to implementation — Fluency in Adobe Photoshop and Adobe After Effects — Thinking over the site interface (navigation, structure) — Drawing interface elements (Figma) — Combinations of 2D and 3D in Website and Application Designs + smooth animation — Teamwork — Prototyping in Figma — Development of unique visual solutions and ideas for interfaces — Knowledge of modern design trends and following th"
23e47d3b-6ae0-574d-be13-4326eefdfe9b,Junior Python Developer,Python,backend,0.5,junior_0_1,intermediate,3.0,django;python,2,,"Python for beginners by BEEGEEK. Python for advanced by BEEGEEK. Books: 1. Aditya Bhargava ""Grokking algorithms"", 2. Dan Bader ""Python tricks"". 3. William S. Vincent ""Django trilogy"" 6 months on Startup project: search and booking pharmaceutical products."
ed1a0ce3-afb1-557a-92c3-7eb4f68a3c8f,Junior Data Engineer,Python,data_analytics,0.0,junior_0_1,intermediate,3.0,postgresql;python;sql,3,gaming,"Unfortunately, I haven't got any achievements yet, but I want to correct this. I have been working with arduino in tinkercad.com with my university's mentor. He gave me tasks like a 'Simulation of a dice', which I did in tinkercad. I created schemas of microcontrollers and wrote codes for tasks. During the Python course, I was doing various tasks. I have telegram-bot with rating system and the parser, which gathers informations of advertisements, such as name, date, views, district etc, and adds it to data base (PostgreSQL). I really would like to work in Game Development in the future. Howeve"
6dc85a22-4624-5788-9800-26cb0a639265,Quality Assurance Engineer,QA,qa_testing,2.5,junior_1_3,intermediate,3.0,api;blockchain;graphql;qa;rest;sql,6,,"QA Engineer was initially absent on the project. The entire testing process was designed by me, in accordance with software QA methodologies and processes. That including the creation and updating of technical documentation, test planning, test case development, test execution, defect tracking and test reporting, etc. Implemented a full-fledged STLC phase, which has become a permanent and mandatory of the SDLC process. As a result, the importance of conducting QA testing as part of the SDLC was proven. Job experience: 1. Projects: DAO ecosystem, p2e game Role: QA Engineer Projects description:"
5136cd7c-75a4-56d4-82fc-e45e5b8b5078,Java Developer,Java,backend,2.5,junior_1_3,intermediate,3.0,java;spring,2,,"Java Certificate SoftServe ITAcademy English Certificate SoftServe ITAcademy I'm looking for Java Developer vacancy. My goal right now is to acquire new knowledge and practical experience in the implementation of the project. Have experience with database maintenance, site administration, Spring Framework. . Constantly willing to learn new things and stay ahead of the competition."
233e241f-365d-59a5-8955-232f9221ff8d,"Data Analyst, Data Science",Data Analyst,machine_learning,0.0,junior_0_1,intermediate,3.0,machine learning;qa,2,,"I'm a student at Lviv Polytechnic National University, Institute of Computer Science and Information Technologies. I have experience with my educational projects such as website development, dataset analysis and ML model building. Also, I take part in ELEKS QA Summer Camp 2021."
4ac706e3-17b6-5bd0-a904-d6913490c615,"Project Manager, Product Manager, Product Owner, Delivery Manager",Product Manager,product_project,6.0,senior_6_10,fluent,5.0,agile;ci/cd;data analysis;product management;project management,5,,"- Developed concept, created and launched a corporate news portal (to replace an uninteresting newsletter once a month). A pool of active users reached 64% of the employees in the first month after launch. - As a team, launched a total of about 250+ landing pages for customers, the average conversion at 3.4% - The conversion rate on the main corporate site grew from 0.64% to 3.42% after the redesign. - Over the period of 6 months changed approach to releases that increased delivery speed significantly - 6+ years experience with web projects (landing pages, websites (incl. post-launch support),"
de9f6617-c5e1-548f-9d0f-ca8985f27c43,Software Engineer,JavaScript,frontend,5.0,mid_3_6,fluent,5.0,aws;git;go;graphql;javascript;linux;node.js;react;react native,9,,"I guess my biggest achievement so far is that I have never stopped learning and improving as a professional. At least 1% improvement every day is my moto. Various projects as a software engineer from designing till deployment. Main stack: • 2+ years React Native • 3+ years React, GraphQL(Apollo), react-redux, redux-saga, i18n, rxjs, jest, babel, webpack. • 3+ years Node.js, express • 1 year AWS services: dynamoDB, lambda, ec2 and few more • Experienced with git, linux • 2+ years Golang(also with GraphQL) I am searching for a well established product company with challenging tech stack."
3044c29e-8495-50fb-a917-736efd7ae236,SRE/DevOps Team Lead,DevOps,devops_cloud,11.0,senior_10_plus,fluent,5.0,aws;ci/cd;git;jenkins;linux;python;ruby;terraform,8,leadership,"My current role is DevOps Team Lead. About 50% of my time I work as a Manager/Team Lead and 50% of my time I work as a Senior DevOps Engineer. My automation tool of choice is Chef, 4+ years of experience, Also I have several years of experience with SaltStack and Terraform. I can write code on ruby/python/bash and I have 14+ years of linux system administration experience. Outside chef scope my Ruby programming experience is mostly cli tools/scripts that communicate with services APIs to glue infrastructure together. Linux, Chef, Ruby, SaltStack, Python, Terraform, DevOps, AWS, Git, Jenkins I "
89a22de4-8de5-509d-96d9-34f0514064b9,Business Analyst,Business Analyst,data_analytics,5.0,mid_3_6,fluent,5.0,azure;data analysis;power bi;product management;project management;python,6,,"Technical Skills Microsoft Office 365: Office Applications: Word, Excel, Power Point, One Note Emailing : Outlook Task & Project Management: Azure Boards, Jira Cloud, WIKI, Visio Enterprise and Team Collaboration: Microsoft Teams, SharePoint Online Business Application Platform: Power Apps, Forms Analytics: Power BI dashboards Google Workspace: Gmail, Google Drive, Google Meet, Google sheets Google Ads, Google Analytics Certificate SAFe for practioner 2021 Programming: The essentials of Python Business Analysis Techniques: SWOT Analysis Model Analysis, Mind Mapping System Analysis Open DevOps "
8d2f86c8-d090-5ea9-9051-1a7199b523a9,UX/UI Designer,Design,design_ux,2.5,junior_1_3,fluent,5.0,agile;ui/ux,2,,"I single-handedly designed a train ticket booking app currently in proposition to the Nigerian government. Built an extensive design system for cross-functionality, aiding identity preservation and also reducing total time spent on design by 40% Communicated user research outcomes and requirements with stakeholders using wireframes and prototypes helping to develop a minimum viable product for brand awareness and user testing. Conducted A/B testing between minimalistic and colourful prototypes to understudy users interaction and behaviour with both. Collaborated in an agile environment using J"
8bc5a8ee-fbea-51db-aab9-d7fdc869317b,Full Stack PHP Developer,PHP,fullstack,5.0,mid_3_6,intermediate,3.0,api;aws;data analysis;elasticsearch;go;laravel;microservices;php;qa;vue,10,,"I have been working in the current company for more than two years as a Full Stack PHP developer in a team that develops and maintains one of the largest European online stores. The project is developed using microservice architecture and Laravel as the main framework. Vue for building web user interfaces. On this project I worked on: - development of two microservices (analytics, dropshipping) from scratch, which were successfully released live (total 16 microservices) - optimization and increase in the speed of data exchange between microservices - development of API for third-party services"
03460c78-f06d-5442-bf46-6ccb82e1416a,Mobile Developer,Flutter,mobile,9.0,senior_6_10,fluent,5.0,flutter;rest,2,,"I developed and launched a mobile application using Flutter and Dart that received a 4.8-star rating on both the App Store and Google Play Store. The app allowed users to easily order and pay for meals from local restaurants, and it saw a 300% increase in monthly revenue within the first three months of launch. As a Flutter developer, I have worked on several projects where I was responsible for designing, developing, and implementing mobile applications using the Flutter framework. In my previous role, I worked on a project for a client in the healthcare industry where I developed a mobile ap"
f1339dbf-344e-5f2e-8124-9cf425ef2088,IT Recruiter,Recruiter,product_project,3.0,mid_3_6,intermediate,3.0,.net;angular;data analysis;java;node.js;qa;react;vue,8,,"Responsibilities: - Maintaining the full recruiting cycle - Active sourcing of candidates using a variety of channels (LI, DOU, Djinni, UpWork, Boolean search, X-ray search, internal and external recommendations) - Develop recruiting strategies to identify qualified candidates and build network. - Define requirements, expectations for potential candidates - Conduct HR interviews - Сoordination and organization technical and customer interviews preparation - Work with projects, delivery managers all over Ukraine, Poland, and with Bulgary - Mentoring new team members - Maintaining candidate data"
e4d9001b-cd4b-5e98-9030-0453873eaedb,DevOps engineer,DevOps,devops_cloud,0.0,junior_0_1,intermediate,3.0,aws;git;terraform,3,,I successfully completed the following courses and received the following certificates: ERC Microsoft Cloud Partner Incubator Cisco Certified Network Associate (CCNA) Routing and Switching Computer Systems and Networks Engineer with over 5-year expertise. I actively and thoroughly study the DevOps methodology and want to become a DevOps engineer. I have been working on not trivial projects and as the result have got good experience in implementation cloud technologies and communication with English speaking partners. I'm seeking for new opportunities to grow up my skills and have a new experie
96db37b9-43ac-577f-9974-61aa7a759b5e,Data Scientist,Data Science,machine_learning,2.0,junior_1_3,intermediate,3.0,agile;data analysis;machine learning;nlp;numpy;pandas;python;qa;scikit-learn;sql,10,remote,"Winner in the competition Best in Profession 2018 Data Scientist in IT department of biggest bank of Russia (from June 2018 to the present) R&D department Dialogue System Project: Construction of neural network algorithms for voice processing (speech-to-text) (using Tacotron, Waveglow) Intents extraction (user needs) and their classification (order a taxi, way to home, cooking) from the text Developing algorithms for NER (Named Entity Recognition: dates, addresses) using rule-based approach (Yarge parser) and NLP methods Classification of Wake words (determine what skill in the voice assistant"
97202910-3b46-559d-9a7f-6d93ece47e2f,Junior C# Developer,.NET,backend,0.5,junior_0_1,fluent,5.0,.net;c++;mysql;php;sql,5,,"Set of accounting applications (ledger, warehouse, accounts, cash, staff, etc) I study C# (forms, SQL, OOP) and HTML/CSS. I assume that my level of C# allows me to start real work at once. Some time ago I had had a good experience in Delphi/IntrBase, C++Builder, some experience in PHP/MySQL."
1a54e0d4-c62f-53e1-9df5-374a3c4f4d1a,Head of Customer Support,Support,data_analytics,9.0,senior_6_10,fluent,5.0,data analysis;qa;sql;tableau,4,,"- Conducted an audit of the operational processes for the biggest delivery company in Saudi Arabia, using SQL and Tableau for visualization of results - Based on outcomes of the audit, optimized the productivity of the Customer Support department of 200+ people. - Built a new structure for knowledge sharing inside the company and implemented intelligence-swarming process. - Wrote automatization process using the chatbot, which decreased the Customer Contact Rate by 40% - Introduced a new CRM structure with Customer Support queue and enhanced Data Analysis capabilities, which allowed making Sta"
d6182a18-a575-5fca-8288-e4bedda52b6e,Front-end developer,JavaScript,frontend,0.5,junior_0_1,intermediate,3.0,git;javascript;react,3,,"Hello! I have experience in website development. I'm using HTML, CSS, SASS, Bootstrap, GULP. Recently completed a course ""WEB-developer"". I learned more technologies such as Webpack, Git and realized my mistakes when writing code. I also completed one more course ""JS+React"". I have practice in a project with React now. I want to develop my skills, learn new technologies and work in a team. I worked as a freelancer, now I want to find a job in a good company."
c69bb319-d105-5664-b91f-99eaca347eac,Junior Project Manager,Project Manager,qa_testing,0.5,junior_0_1,intermediate,3.0,agile;project management;qa;scrum,4,leadership,"Successful experience in budgeting, planning, project control and team management (in the construction industry) Greetings, I am a junior IT project manager with a previous experience of about 6-7 years in a project role in the field of construction (both team management and team leaders). Graduated from IT project management courses at Go IT, additionally completed a scrum and agile course on the Skillsetter platform. I am currently in Dexola_IT_camp (role PM), studying manual testing (to expand my knowledge as a PM) and also working on improving my English. • Documents prepared during the im"
cf5ac452-74f3-58c7-af43-721cb8db11f8,Manual QA Engineer,QA,mobile,5.0,mid_3_6,intermediate,3.0,agile;android;api;git;ios;mongodb;qa;scrum;sql,9,,"Active participation in work-flow improvements. Dozens of people from different departments used to ask me about business logic of the product. Skills and knowledge: 5+ years’ experience as a manual QA engineer - Experience in web testing (ad-hoc and formal) including mobile version; - Experience in mobile application testing (Android/IOS platform); - Experience in API-testing; - Experience in working with bug/task tracking systems; - Experience in creating and maintaining testing documentation – test cases, checklists, bug reports etc; - Experience in working with data bases (SQL, Mongo); - A"
dd1db566-021e-5441-8c1e-5919ebbb7932,Sofware developer,.NET,fullstack,10.0,senior_10_plus,intermediate,3.0,.net;angular;api;aws;azure;git;javascript;node.js;selenium,9,,"- take a part in requirement gathering and estimation. - facilitate team communications. - writing specifications, code reviews, unit and function testing. - ensure that all software releases are completed by the deadline current delivery. Web&solution from scratch fullstack dev - .NET 2 up to 4.5, Entity Framework 4.5-6, ASP.NET MVC Web API, oData, WCF, Design Patterns, Dependency Injection, Microsoft Patterns & Best Practice. MSSQL, Azure Amazon clouds aws. front-end: - JavaScript, HTML5 & CSS3, cross-browser coding, bootstrap, SinglePage App MVC&MVVM : * Knockout, * AngularJs: Angular Mater"
b3b4708e-87cb-53d2-8220-3ca9f94927be,UI UX Designer,Design,design_ux,4.0,mid_3_6,fluent,5.0,data analysis;ui/ux,2,,"• Establishing an optimized design process that improved project speed and quality. • Creating a powerful analytical system, enabling marketers to work x3.1 times faster. • Redesigning the Product Admin System, reducing documentation and accelerating workflows for multiple departments. Hello! As an experienced UI/UX Designer with 4 years of professional experience and a background in Computer Engineering, I bring a unique set of skills and expertise to the table. Here's what I offer: • UX Research: I conduct in-depth user research through interviews, surveys, and testing to understand user nee"
109ea56e-b331-5276-b3c6-e2c37c09d50d,Webflow Designer and Developer,Design,design_ux,4.0,mid_3_6,fluent,5.0,figma;javascript;ui/ux,3,,1. UI/UX Designer (Level 2 Seller) -Fiverr Ltd. July 2018 - Till Date 2. Website Design and UI/UX (Top Rated Badge) Upwork. Apr. 2020 - Till Date 3.Web Designer and Funnel Expert Andrew Lord Mar. 2020 – Jan. 2022 Designed full websites on Wix and Kajabi - Strategically established unique site delivery that continues to grow in traffic and revenue. - Maintained company website and photographed products used on site. - Created and monitored cost and schedule systems to ensure successful and on-time project deployment. - Built series of landing pages on Kajabi and Wix. - Worked directly with clie
7e069445-b1ed-5141-a9e9-025246b7ce52,DevOps engineer,DevOps,devops_cloud,4.0,mid_3_6,fluent,5.0,aws;docker;kubernetes;linux;python,5,,"CKA,CKAD, AWS SAA , AWS DVA I am a Site Reliability Engineer with over 3 years of experience in the industry. I specialize in ensuring the reliability, performance, and availability of critical systems and infrastructure. Devops Engineer with 3+ experience in Infrastructure, Automation and Software Development. Proficient in a variety of tools and technologies, including Python, AWS, Docker, Kubernetes, Linux, and Ansible. I’m committed to improving reliability, performance, and scalability through the implementation of best practices and innovative solutions."
05dee38c-baff-5075-bfc5-1cbc4484b8aa,"WPF Developer,C#",.NET,backend,1.0,junior_1_3,intermediate,3.0,.net;git;sql,3,,"C# Developer with 1 year of uncommercial expirience.I have expirience working with WPF using MVVM pattern,i have expirience working with Entitiy Framework,i know SQL,i know also C and C++ basics,I have expirience working with Git,i could understand HTML and CSS,i have expirience working with Unit testing frameworks(NUnit and MS Test)."
07e533af-a3cd-5edf-b821-530ad2c94181,QA Engineer,QA,qa_testing,1.0,junior_1_3,intermediate,3.0,computer vision;cypress;javascript;qa;ui/ux,5,,"- Graduated from the QA Engineer course - Have a technical education in the energy sector - Experience in building and maintaining computers, computer systems, and structured cabling systems (SCS) - learning JavaScript and Cypress QA Engineer with almost 1 year of experience in software quality assurance. After graduating from the QA Engineer course, I am working as a QA Engineer intern in a US product company. Current project role: Manual Test Engineer - Functional & Non-functional testing - Cross-browser & cross-platform testing web applications - Testing cross-platform and native mobile app"
5e4fe402-dc55-5135-affb-8a2988188084,Data Analyst & Data Scientist,Data Science,machine_learning,2.5,junior_1_3,fluent,5.0,data analysis;machine learning;power bi;python;sql;tableau,6,,"I have been working in the field for the past 2 years. I have gained valuable experience working as a Data Scientist at QSS Analytics for 2 years and Softengi for 4 months. My experience has given me a deep understanding of data extraction, feature engineering, and data visualization techniques. I am well-versed in various technologies such as Python, R, SQL, Tableau, and PowerBI. I have a strong understanding of machine learning techniques and have experience in implementing them to solve business problems. I am confident that my skills and experience make me a strong candidate for the role a"
dfcd08eb-a6f2-5e49-9776-6289e48a2dfd,Project Manager / Delivery Manager,Project Manager,product_project,8.0,senior_6_10,fluent,5.0,agile;product management;project management;scrum,4,leadership,"On my career path I've had successful hands-on experience in all project activities starting with pre-sale and ending with product delivery and support for B2B and B2G, negotiating with C-level stakeholders and decision makers. Project Manager/Delivery manager with 8+ years of experience. Background in product management and business development. Located in the EU. - Worked at ourcource 800+ people and product 150+ people companies - Successfully led 50+ projects through full SLDC - Managed teams of 5-120 people working by Agile and non-Agile methodologies - PMI Agile Certified Practitioner (A"
706f2edd-fe24-527a-8eac-da7aef7354af,Frontend Developer,JavaScript,frontend,4.0,mid_3_6,intermediate,3.0,javascript;ui/ux,2,remote,"I am a front-end developer with experience in utilizing a component-based approach in layout design, which enables efficient addition of new content and reusability of code. My toolset includes Gulp for assembly, HTML5, SCSS, AMP, JS, Bootstrap (when necessary), and various JS libraries. I strive to maintain clean, understandable, and valid code that adheres to cross-browser compatibility standards. I follow the BEM methodology to ensure consistency and scalability across projects. Additionally, I have experience in Shopify development, including proficiency in Shopify Liquid, APIs, and app de"
0324ce19-c391-5044-801c-bad6d8237574,Full Stack Web Developer,JavaScript,fullstack,0.0,junior_0_1,intermediate,3.0,javascript;mongodb;postgresql;react;typescript,5,,"I possess strong communication skills and genuinely enjoy connecting with and getting to know people of all ages. I engage in conversations with enthusiasm, fostering positive and meaningful interactions. I enjoy bringing people together and facilitating a sense of unity and cooperation. I consistently lend a helping hand to others and take pleasure in providing assistance. I genuinely care about the well-being of those around me and strive to make a positive difference in their lives. I actively participate in charitable initiatives and have been a volunteer donor on multiple occasions. I tak"
1c05e850-2806-5fa7-8735-31c629d0147d,Flutter developer,Flutter,mobile,5.0,mid_3_6,intermediate,3.0,flutter;javascript;typescript;ui/ux;vue,5,,"Flutter developer - Mobile development (Education tech) Be a key part of delivering projects on Flutter, advising on and implementing best practices. Discuss and input on technical approach for upcoming work with the team. Actively participating in development meetings. Liaising with the technical lead to identify and work through problems. Following company and project standards and processes, contributing to documentation by creating and updating as necessary. Keeping up to date with Flutter and mobile technology, contributing ideas on technologies we should look at and how we can improve ou"
db9ea755-61d7-5bc2-9efd-aa722a1a8487,Junior QA,QA,data_analytics,0.5,junior_0_1,intermediate,3.0,qa;scrum;sql,3,,"MATRIX42 Ukraine. junior tester . Have a good knowledge about different testing techniques. Understanding of relational databases and extracting data using SQL. Strong understanding fundamentals of testing. Have experience of using Coded UI for test automation. Good skills using C++ in mathematical computation. Communicating, negotiating, problem solving. Complete scrum for team training course. Have good logical thinking, quick learner Experience in using: Microsoft Test Manager for bug tracking, writing test cases. Team Foundation Server for work in scrum team: WEB and using Visual Studio 20"
0305db55-9f69-57a1-a2c8-534c14ee6636,Android Developer,Android,mobile,5.0,mid_3_6,fluent,5.0,android;git;java;jenkins;kotlin;mysql;rest;selenium,8,,"Programming Languages Java, Kotlin Technologies Android, HTTP, REST, Appium, Rest-Assured, jUnit, Selenium, Jenkins, sikuliX, Ansible Android SDK Activities, Broadcasts, Services, Responsive design, Constraint Layout, Architecture Components, Notifications, etc. Android libraries Support library, Retrofit, RxJava, Crashlytics, Dagger 2, Databinding, Crashlytics, LeakCanary, Glide, android-job, etc. Development Tools Intelij Idea, Android Studio, Eclipse, Jira, Confluence, Android SDK, Redmine CI Bitrise Version Control Git (sourceTree client), SVN. Bitbucket and GitHub services Dependency Mana"
32b975dc-8ed7-5979-91cc-ac4aa3a1d6b5,Software Engineer,JavaScript,frontend,9.0,senior_6_10,fluent,5.0,android;angular;ios;javascript;react;react native,6,,"Senior Software Development Engineer with over 9 years of development experience. Strong skills in front-end, proficiency in development high performance software using React, React Native, JavaScript, Angular, and Ionic. Solid experience with web, mobile (iOS & Android) and desktop applications developing web shops, animals care organizing systems, news portals, news collectors from RSS feeds and social media platforms, HR management systems. Accomplished and fluent communicator with strong investigation, problem-solving and decision-making skills, combined with a pragmatic approach. Good int"
a7a531bf-255f-5c1b-adaa-fa479f105822,Middle Java developer,Java,backend,1.0,junior_1_3,intermediate,3.0,agile;aws;docker;git;java;jenkins;microservices;mongodb;mysql;postgresql;redis;rest;scrum;spring;sql,15,,"Education: I received a bachelor's degree with honors from KPI, majoring in Computer Science in 2023. I plan to continue obtaining a master's degree. Experience: In 2021, I took a summer course for Java developers from EPAM. I successfully completed it. In December, I started working on my first project. A year later, the project was completed and the team was disbanded. Since then, I haven't had any product development experience, but I hasn't given up writing code. After 9 months of work, I successfully passed an interview for a mid-level developer. About project: The main idea of the projec"
65442a0e-3536-5531-80ec-0c84ee998ab0,IT Administrator,Support,devops_cloud,3.0,mid_3_6,fluent,5.0,aws;javascript,2,remote,"Polish language. ITILv4 CompTIA A+ CSAT's top performer. Lean Nexthink L2 I have 3 years of experience as IT Service Desk Administrator in Wipro. Resolution via call/email/chat/tickets. Active Directory Administration. Remote desktop support. Troubleshoot technical issues with business apps, iphone, ipad, laptop, etc. Cisco, VPN, OKTA, Salesforce, SAP, LogMein , AWS, Citrix, etc. HTML5,CSS3,Bootstrap,JS, etc. Fair compensation. Remote 100%."
0d412f22-60a1-51ac-9549-c42e6a19eaca,Ruby on Rails Developer,Ruby,data_analytics,3.0,mid_3_6,fluent,5.0,docker;git;jenkins;react;ruby;sql,6,,"Cerner Project Description: Enhance Cerner products to comply with the 21st Century Care Act. Responsibilities - Developed new features - Fixed bugs - Updated Documentation - Prepared tasks for estimation - Reviewed pull requests - Worked on unit and integration tests (Gherkin) Database: SQL Tools: Postman, RubyMine, DBeaver, Jenkins, Docker, GitHub Technologies: Ruby, Ruby on Rails, Gherkin, RSpec, Bash, SQL, Git EPAM Project Description: Rewrite the EPAM opportunities portal to meet modern code standards and create meaningful documentation Responsibilities: Create reusable functional react c"
74e6ee54-722f-5c47-9156-91a0b585fba5,Machine Learning Engineer,Data Science,machine_learning,3.0,mid_3_6,fluent,5.0,computer vision;machine learning,2,,R&D Machine Learning Engineer with over 3 years of experience and strong academic background. • Implemented and evaluated machine learning algorithms for land cover classification using satellite data. • Built tools to automate data acquisition and preprocessing tasks. • Performed evaluation of prototype models. • Completed data cleaning and data validation. Have experience in computer vision. Solved image classification and segmentation problems.
df0d55f2-a020-57c9-a9ad-ec0a8ca52aa8,Sr Project Manager/Lead Project Manager/Product Owner (Ecommerce incl),Project Manager,product_project,11.0,senior_10_plus,fluent,5.0,agile;product management;project management,3,,• 100+ projects delivered • Enterprise projects management • 10 years of IT and Ecomm experience • Strong strategy facilitator • Managed 70+ reports • Client references available upon request • Multiple successful Discovery sessions & BAs completed • Ecommerce Strategic Content Writer/Contributor AREAS OF EXPERTISE • Business Analysis • Project Discovery and Kickoff • Risks Assessment • Managing PMO • Agile project management • Project phases planning • Project timelines planning • Resources management • Account management • Products Demo • Sales presentations • Complete maintenance of the pro
cbb8dc3b-bd2d-5e25-bb92-7b2f69d0f4ab,UI/UX Designer,Design,design_ux,1.0,junior_1_3,fluent,5.0,figma;ui/ux,2,,"Web & graphic designer — 4Limes Digital Agency | 05.2021-03.2022 Development of UX/UI for websites and interfaces of various complexity (landing page, one-pager, corporate site) Creating UI kits, wireframing Using components, atomic design, adaptive design, animating interfaces in Figma Smart Animate Designing animated and static banners for Google Ads and Facebook Ads campaigns Creating visual content for a corporate Instagram profile: posts, highlights, stories Creating brand identity: logo, brandbook, print production Design of billboards, signs for exhibition stands"
11a611f9-9566-5cb3-aa63-b14deb2b9fe6,Junior QA Engineer,QA,qa_testing,0.5,junior_0_1,intermediate,3.0,api;qa;scrum,3,,I have found many inaccuracies and defect in the project documentation and received praise from the PO for such a great effort. SoftServe Project: Green City (commerce application) QA engineer Responsibilities: Requirement analysis and clarification Writing test cases and checklists for web application Working with API testing (Postman) Log defects and track to closure Working with bug tracking system Jira Participating in SCRUM meetings
64040f5f-98c6-5468-8dec-e92d4e93a405,Full Stack Developer,JavaScript,fullstack,2.0,junior_1_3,intermediate,3.0,angular;figma;git;javascript;mysql;node.js;php;react;typescript;vue,10,,"Worked simultaneously on three projects - each project has been successfully completed and is still operational. Thanks to this, the company has retained two developers for other tasks. 3nd of Olympiad in electrical engineering 2019 1nd of Volleyball Tournament named after Varnavskoho 2019, 2020, 2021 and 2022 +250 Algorithmic Tasks solved during the last 4 months Wrote an article ‘Topic Reduction of power plant emissions’ in March 2020 As a fullstack developer, I have two years of experience with: - HTML, CSS, BEM, SCSS, JS - TS, React.js - NodeJS, PHP, MySQL, Postman - Figma, Framer - Git, J"
7241e2fc-e7ac-538a-b782-4840d3afad05,QA Engineer,QA,data_analytics,2.0,junior_1_3,intermediate,3.0,agile;git;jenkins;qa;scrum;sql,6,,"Analysis, review and approving business and technical requirements Test analysis Test design: creating test suites, test cases, check-lists Provide estimations for all activities Searching and preparing test data Creating mock services Wsdl verification Bug tracking ang bug reporting Integration testing Regression testing Manual functional testing Log files analyzing to define type of bug Creating daily job reports Software and skills: SQL basic skills JIRA SOAP UI PL/SQL DEVELOPER MS Office SVN, Git Jenkins, TeamCity HTML, CSS Eclipse, Netbeans Agile methodologies, Scrum Intermediate level of"
0dc79e3c-b8f4-5e30-bb2d-ef8ba540ded4,Project Manager,Project Manager,product_project,7.0,senior_6_10,intermediate,3.0,javascript;project management;python,3,research,Successful recent research projects: - Ukraine standards of care for cardio treatment in patients with venous thromboembolism - National Monitoring of The State Energy Program - The public political and social awareness research - Internally displaced persons and host communities study - Study of the population's knowledge about the work of the National Police and the relation to its activities - Health and medical services in Ukraine situation study - Ukraine standards of care for GP-s treatment in patients with type 2 diabetes - Psychological condition characteristics of the civilians who ha
cc958620-7881-5332-9b14-898d903df7a4,Junior QA Engineer,QA,qa_testing,0.5,junior_0_1,intermediate,3.0,agile;qa,2,,"Acquired skills: Умею гуглить! Knowledge of testing theory; SDLC understanding; Agile basic knowledge. Testing of large ERP-system (Pitcher impact, Pitcher web-admin) Responsibilities: - Execution of test cases while regression testing - Re-testing - GUI testing - Exploratory testing - Bug reporting - Bug fixes verification I'm looking for a job, where I'll become a good specialist. Desired position: Trainee/Junior Test Engineer"
c73b72aa-80de-5a05-90db-ba65287adf7d,"Embedded С Developer, Linux, Engineer",C++,design_ux,2.0,junior_1_3,intermediate,3.0,c++;linux,2,,"* Full hardware solution developer - code, schematics, tracing and all needed to help prototype come to real life. * Experience in finding Chinese IC's for highly specific project's needs and getting samples. * Managing to get needed components in optimal price/time ratio. C (plain), Assembler, AVR, STM32, CPLD, Linux, CAD, Altium, Eagle, Schematics, Tracing, Prototype, Yocto, i.MX6 * Experience in designing complex ARM-based solution (Freescale i.MX6) with CPLD and peripheral uC's * Knowledge of all typical wired data transceiveing protocols like SPI, I2C, RS-232, Software-defined parallel pr"
3879d061-bb83-5939-b307-24b89f84d0e7,iOS Developer,iOS,backend,0.5,junior_0_1,fluent,5.0,api;git;ios;rest;sql;swift,6,,"Two start-up projects (iOS applications) in the development process. Include working with REST API, working with media and geolocation on iOS devices. Worked for 5 months on commercial ERP system (C#, MS SQL) Swift, Objective-C, REST API, JSON, Design patterns, CoreData CoreLocation. Have some experience with Amazon S3(creating buckets, downloading and uploading files). Experience in working with Git services. Understanding of multithreading in iOS and Automatic Reference Counting work principles Flexible hours, professional growth, challenging tasks,"
b81a0de2-2e8f-5795-80d3-81949928e06a,Manual QA engineer,QA,mobile,0.0,junior_0_1,intermediate,3.0,qa;sql,2,,"I have finished on-line course ""Software testing basics""; Skills: Knowledge of QA theory; Understanding of software development lifecycle, testing lifecycle, bug lifecycle; Experience in using bug tracking system ""Mantis""; Experience in using test management system ""Testlink""; Ability to write test cases, check lists, bug reports; Ability to do mobile testing, cross-browser testing; Familiar with HTML, CSS, SQL Improvement of technical skills, professional growth, friendly colleagues, adequate management. I haven't got a commercial experience, but I am ready to work for free (for some time) to"
2962be01-bf54-573b-b5de-88bf10717d3a,Lead / Senior Data Scientist,Data Science,machine_learning,4.0,mid_3_6,fluent,5.0,api;aws;azure;ci/cd;gcp;kubernetes;linux;machine learning;nlp,9,,"Data Science: * research: advanced applied mathematics and statistics, hypothesis evaluation, digital signal processing, time series analysis, operations research, system analysis. * modelling: classical ML (supervised and unsupervised), dimensionality reduction, optimisation, linear, non-linear and stochastic programming, control and decision systems engineering. * other: deep learning, text mining, NLP, numerical analysis, data visualisation. Data architecture: big data and data science pre-sales and consulting, ML solution and pipelines design, API and DWH / data lake, data marts design (in"
c31b142a-aa4f-5b4c-9b97-3ebe598d4f69,Full Stack Web Developer/ Software Engineer,JavaScript,fullstack,3.0,mid_3_6,fluent,5.0,agile;javascript;machine learning;mongodb;node.js;react,6,,"I have mannered to learn 5+ technologies to mastery and built meaningful projects using them I have over 3 years of experience working on web applications based on React, Node, Express, MongoDB and all the vanilla technologies for frontend. The web apps are mainly e-commerce, websites, end-to-end machine learning systems. I also have a solid experience in AI and Machine learning as well as Game Development in C++ and SFML. I have built a quit number of projects on a freelance level and working for companies. Throughout my carrier, I have worked with great engineers and that have helped me to b"
36016397-c8f9-5bf2-bbc1-d319ef35185a,Software Engineer,Golang,devops_cloud,5.0,mid_3_6,intermediate,3.0,ci/cd;docker;gcp;git;go;jenkins;kubernetes;linux;redis,9,,"Experience: 1. Software developer. - Golang, GCP(pubsub), gRPC, Prometheus, , Redis, etcd, kubernetes & docker (basic). 2.C++. Software developer: - Linux. Automotive. - feature implementation, bug fixing, creating unit tests - C++ - OOP, STL. - CI/CD - Jenkins, Travis. - Git, Jira, Confluence."
bd2ace5c-2715-5bdf-a9d4-9a36e4dc7384,Front-end developer (Vue.js) | WordPress developer,JavaScript,frontend,2.0,junior_1_3,intermediate,3.0,javascript;react;vue,3,,"A highly motivated developer, interested in all things related to Frontend development. I have over 3 years of experience in the IT industry focusing on front-end development (development of user interfaces, components, web apps, etc) by using JS or related frameworks. More than 1.5 years of experience with Vue.js. Also, I finished Computer Science (college, bachelor, master) and worked in a hosting company for 1 year. Have strong experience with Vue.js and less React. Well-organized and capable of adapting to working as a part of the new development team. Currently available for full-time wor"
256f6e75-d599-526d-a9f4-376375077837,FullStack Developer,JavaScript,fullstack,1.0,junior_1_3,intermediate,3.0,javascript;node.js;react,3,,"Landing, development application: Led the successful landing and development application of a complex project utilizing the React, Node.js, and Redux stack. Ensured seamless integration of these technologies to deliver a robust and user-friendly application. Thorough Code Review: Conducted meticulous code reviews to ensure adherence to best practices, maintain code quality, and identify areas for optimization. Provided constructive feedback to the development team, resulting in improved codebase and enhanced overall performance."
ad6812fe-75f1-57e7-a0f4-8aabaf178a70,Junior Project Manager,Project Manager,product_project,1.0,junior_1_3,fluent,5.0,agile;figma;project management,3,leadership,"As a project manager: • Applied people management practices, such as coaching and mentoring, conflict management, team motivation, and team building to efficiently manage 2 teams consisting of 15 people • Organized and maintained the project management processes at all its stages from estimation to delivery by predicting future risks, navigating the internal CRM system, utilizing the Airtable platform and Trello to evenly allocate a workload • Conducted weekly meetings and retrospective sessions with the use of Agile practices and Adizes methodology that helped to increase teams' effectiveness"
55d17e00-2ba3-5fb9-812b-ebf6827bf27d,Front-End Developer,JavaScript,frontend,1.0,junior_1_3,intermediate,3.0,api;git;javascript;react;scrum;ui/ux,6,,"Hard Skills: HTML, CSS, JavaScript React Responsive Design Layout and layout (Sass, Bootstrap) Testing and Debugging Performance Optimization API Interoperability Git and Version Control Systems Soft Skills: Communication and team collaboration. Analytical thinking. Adaptability and time management. Creativity and attention to detail. Self-learning and adaptation to change. React developer. Scrum Launch | June 2022 - present. Web application user interface development and support. Creating and optimizing web pages using HTML, CSS, JavaScript and React. Integration with backend developers to ex"
52e95ff4-6cb2-52df-a30f-d63e1a84caf2,Senior QA Engineer,QA,devops_cloud,11.0,senior_10_plus,fluent,5.0,api;qa;ruby,3,remote,"Recently I was performing accessibility testing for a partner website of Microsoft. This was so far very fun and still a complicated task in my career. Highly experienced (10+ years) manual QA engineer with a unique talent for not only breaking systems but improving them and identifying flaws. Successfully launched numerous start-up projects into production which continue to operate effectively worldwide. Possess exceptional communication skills, is a quick learner, is a team player, and can work with minimal supervision. Continuously seeks to improve existing skills and acquire new knowledge "
0ca1fa6b-5b59-53c2-9cb6-6467a6f7f24d,Junior QA Engineer,QA,mobile,0.5,junior_0_1,fluent,5.0,android;ios;qa,3,,"I’m a hardworking and honest person and I always do my best. Practic classes at LOGOS IT Academy (dec-mar 2020) Basic knowledge in Software Testing (SDLC, STLC) Working in the project ""Calculator"" Testing project ""Schooll portal"" Testing the mobile application and log bug reports Writing and analyzing requirements Writing User Stories Working with test design techniques Mobile Testing: Android/IOS Writing Test cases and Bug reports I'm a highly motivated person and interested in developing my IT skills. An Interesting project and professional team."
cc78574f-2a88-56d5-b637-435e1d44f896,Data Scientist,Data Science,machine_learning,0.5,junior_0_1,intermediate,3.0,numpy;pandas;python;scikit-learn;sql,5,,"My path to IT started in the 10th grade. Where I studied Pascal. The result of my efforts was a prize at the Olympics. I was most pleased with the moment when I understood how to solve a difficult problem, so I constantly tried to take on more difficult problems. Later at university I studied HTML and CSS. But due to circumstances, I was forced to leave the university and take a break from IT. Since the beginning of the war, I have had time to return to IT, which has given me so much pleasure. I decided to go into data science. In less than 3 months I mastered Statistics, Linear Algebra, SQL P"
a3a3dd64-556c-54c1-93a4-c6d458e7e9c2,QA Engineer,QA Automation,qa_testing,0.0,junior_0_1,intermediate,3.0,java;qa,2,,"I have successfully completed the Quality Assurance course (QA Manual + QA Automation) in DAN.IT education and developed two projects: ""Create a Java Console Application for Flight Booking"" and ""Write an automation framework, implement autotests in it"". Site Shares Project | QA Trainee | 03/2023 - Present I am taking part as a QA in the project to develop a platform for online stores in Telegram DAN.IT education | Student | 05/2023 - 05/2023 Write an automation framework, implement autotests in it DAN.IT education | Student | 01/2023 - 01/2023 Create a Java Console Application for Flight Booki"
30357ca7-4390-58cc-937e-e5b3c651d9ed,Test Automation Engineer (Java),QA Automation,data_analytics,4.0,mid_3_6,fluent,5.0,api;aws;ci/cd;docker;gcp;git;java;jenkins;kubernetes;linux;qa;rest;selenium;sql,14,,"5 years in QA, 4 of which as test automation engineer: - Proficient in developing various types of automated tests (API, integration, UI); - Have experience maintaining remote test execution infrastructure (Jenkins pipelines, Docker images); - Competent in investigating issues and managing bugs through their complete lifecycle; - Worked in multinational English-speaking teams. Technical Skills: Coding languages: Java, Bash scripting Testing tools: REST assured, Postman, Selenium/Selenide, Allure DBMS: SQL VCS: Git CI/CD: Jenkins Build tools: Gradle, Maven Containerization: Docker, Kubernetes O"
9d5f591e-ab46-53aa-b2a3-9b737e8188f3,Graphic Designer,Design,design_ux,5.0,mid_3_6,intermediate,3.0,javascript;ui/ux,2,,"· Proficient in Adobe Creative Suite, including Photoshop, Illustrator, InDesign and Acrobat. · Experience with web design and development using HTML, CSS, JavaScript and WordPress. · Familiarity with print design and production processes. · Experience with branding and identity design. · Strong understanding of color theory and typography principles. · Experience with user interface (UI) and user experience (UX) design. · Familiarity with digital asset management and file organization. · Experience with creating and editing vector graphics."
c8271c3d-cb31-5e16-a998-358ffe3dc8a7,Golang Developer,Golang,backend,3.0,mid_3_6,intermediate,3.0,go;kubernetes;node.js,3,,I'm working on the cloud solution which bases on k8s. The service will be able to reduce costs of the cloud. Companies can involve their own free capacity in the workload. I'm developing a virtual node for k8s and a service which will be able to run the workload on local stations.
