id,position,primary_keyword,role_family,experience_years,experience_bucket,english_level,english_score,skills,skill_count,interest_tags,cv_excerpt
0d138415-50d2-5450-bf3f-1f04d20799c4,"Art director, Web UI designer, Branding designer, Graphic designer, Illustrator",Design,design_ux,11.0,senior_10_plus,intermediate,3.0,figma;ui/ux,2,remote,"More than 300 successful projects done for 10+ years of work for clients in Ukraine, Europe, USA and Asia, as a freelancer or as a team member as well. Among clients: Samsung, Total, British Council, FAW, Xpower, Anagog, Yogo, Sigurd Vedal, Turkish Airlines, Macallan, AIG Lincoln, Ukrainian Greek Catholic Church, IDS Borjomi, National Technical University of Ukraine, Nanan, Aika, Gorenje, Ralot, 1C Bitrix, Vogster Entertainment, Vitesse, Yuterra etc. 10+ years of remote full-time, part-time, freelance and office work in Art-Direction and Web UI/UX (+responsive), Product and App Design, Brandin"
3add7b7e-304c-5d82-9b17-a7715813d363,Front-end engineer,JavaScript,frontend,5.0,mid_3_6,intermediate,3.0,javascript;react;react native;vue,4,,"I am a Front End Engineer. I am currently employed as Front End Engineer. The most experience I have with Vue JS, Vuex. A little less with React, Redux, React Native. I am also gaining experience with Stencil JS and Ionic. English level - Intermediate. I have Experience working with teams from different countries. Constantly trying to improve my technology skills. Also working on improving my English level on Cambly service with foreign tutors. I look forward to discussing my qualifications in more detail. I am looking for an opportunity to channel my skills into working with some of the most "
7062abfe-f109-548a-a12e-438bf0a38d14,Project Manager,Project Manager,product_project,3.0,mid_3_6,fluent,5.0,agile;project management;scrum,3,,"Professional and ambitious IT Project Manager with successful background in international business and project execution. Possess excellent organizational, communication and negotiation skills and the ability to develop and maintain mutually beneficial internal and external relationships. More than 9 years of management experience. IT PM Responsibilities: - Project assessment, planning and roadmap creation; - Development, release and further support of IT projects based Magento 1, 2 versions, Phalcon Framework, Zend; - Team work management, control and evaluation of the effective team performa"
4abe22f0-a3ec-564b-93e2-a33813ebdd7a,Oracle DBA,SQL,data_analytics,3.0,mid_3_6,fluent,5.0,linux;sql,2,,"Linux, SQL, Unix shell (BASH), BAT, Oracle RDBMS 10.2/11.2, VirtualBox, TCP/IP, Windows, MS Office My future working place is has to be related to Oracle products and services with the Oracle RDBS in the center. I have never ever worked as a developer but i'd like to gain experience in that field. So i'd willingly consider all job proposals matching my desire to stay with Oracle and move forward."
d4cbd86d-3ac2-5024-b0ba-ca9eb8f0b229,DevOps,DevOps,devops_cloud,1.0,junior_1_3,intermediate,3.0,aws;docker;jenkins;python;terraform,5,,"Cyber security vCISO intern Work with Cloud , python , bash , MDMs, compliances, Networks, Pentest tools. Education project on Epam It was my own custom python project (Andromeda - Service for information security ) Technology(tools) on the project: Jenkins, Terraform, AWS, Docker Compose, LAMP stack, Python jango. On my crypto team I was responsible for all stages of IT development. the infrastructure was create by terraform on AWS, python scripts configured instances and deploy services"
91610a9c-9c9f-5f3b-95ea-67c80a65196b,Разработчик C++,C++,machine_learning,1.5,junior_1_3,intermediate,3.0,git;java;linux;machine learning;python;sql,6,,"C++, Qt, STL, SQL, Python, Java, OOP, Design Patterns, concurrency, distributed computing, Algorithms & Data structures, good math background, machine learning fundamentals, cryptography fundamentals, SVN/Git, Linux"
b98a4ecf-dc8d-50a7-9b48-073968e6a49c,QA Engineer,QA,qa_testing,0.5,junior_0_1,fluent,5.0,api;python;qa;scrum,4,,"QA Engineer, Prestashop test project, December 2023 - February 2023 Project Description: Internet store Conducting Manual Testing of Web Applications (Functional, Usability, Localization, Cross-browser); Creating testing documentation (Checklists, Test Cases, Bug Reports); Creating API tests using Postman, Python(requests, pytest) Participating in Team Meetings (Scrum team) Tools: TestRail, Postman, Python, Requests, Pytest QA Engineer, Training project, February 2023- April 2023 Project Description: Medical center Manual Testing of Web Applications; Writing appropriate test documentation (Тes"
c2d02cab-a32f-54fd-8f0a-4daf81d200d4,IT recruiter,Recruiter,fullstack,10.0,senior_10_plus,intermediate,3.0,.net;android;angular;ios;java;javascript;node.js;php;product management;qa;ui/ux,11,leadership,"I have experience leading junior IT Recruiter. I'm able to find a candidate in a very short term. Closed vacancies: - Solution Architect -System/Business Analyst -Project/Product Manager - Team Lead - Developer (Front, Back, FullStack/JS, Java, C# etc) - QA Engineer -UI/UX Designer -other Organizing of full cycle recruiting process - Recruiting IT specialists - Software developers (Javascript (Angular JS, Node JS), ASP.Net, C#, .Net, PHP, IOS, Android.), Quality Assurance specialists UI/UX designers etc. Daily communication with potential candidates, selection of candidates for further intervi"
d9443d7e-d854-55cd-8cf9-b47a3b6be8d5,UI/UX Designer,Design,mobile,2.5,junior_1_3,fluent,5.0,android;ios;ui/ux,3,leadership;research,"Creation of multiple products from scratch, one of them is currently working. Product added good value to the portfolio of company's existing products. Conducted lecture for the design team inside the company: Difference between Android & iOS guidelines, implementation of material design in iOS environment. Currently creating a process for the new design team to continue product development. Allocation of obligations, creation of regular meetings and methodologies for design review process. Development of the design system and creation of guidelines for its usage Experience of working with exi"
0383da23-a018-548d-91c1-ce542b45c0c7,Senior .Net Developer,.NET,backend,5.0,mid_3_6,intermediate,3.0,.net;microservices,2,,"Self-directed, detail-oriented, and professional C# programmer with more than 5 years of commercial experience in designing, developing, analyzing, and implementing client-server, web, applications using C# language. Has experience in Microservices Architecture, DDD"
35a5f606-4876-5e74-9f65-d4027b842bda,QA engineer,QA,qa_testing,2.0,junior_1_3,intermediate,3.0,ios;qa,2,,"1. Engaged in all testing phases of systems development life cycle (SDLC), creating test cases and planning project goals. 2. Creation acceptance tests for the application development process. 3. Manual testing of new features, regression testing of all implemented features. 4. Quality assurance of project goals and aims. 5. Cross-platform testing of a product. 6. Reporting bug issues. 7. Performing UI testing of different products. 8. Engaged in different types of data-based analysis. 9. Performing technical writing activities. 10. Applying test design techniques (Equivalence Partitioning, Bo"
6ed94aaf-d0f4-5c50-bf62-af3006ae903a,Java Software Engineer,Java,frontend,1.5,junior_1_3,intermediate,3.0,git;java;postgresql;react,4,,"I worked on several projects such as CRM and online shopping. On CRM system, i was responsible for creating CRUD and writing native Query for PostgreSQL. For this, i used JDBC, GIT, Maven on backend side. On online shopping, i worked on connect backend and frontend sides and integrate datas from postgres to frontend. I used HTML, React-redux and Queries on database side."
8a676663-678c-5250-bf71-b9be0ac00031,Manual QA Engineer,QA,mobile,2.0,junior_1_3,intermediate,3.0,android;api;qa,3,,"Participated in the project for the development of a VR attraction in the shopping center ""Nikolsky"" in Kharkov with the successful completion of the project for the opening of the shopping center. I worked in a company that develops lasertag hardware and software. I tested both the hardware part of the product and mobile application for setting up game scenarios. I also tested the mobile application of personal player statistics and tested the VR Lasertag project, which is a full-fledged simulator of playing laser tag in virtual reality with various PVP and PVE modes. Also, I have experience "
10319d23-5e5a-571e-84e1-158457d2f20e,Data Scientist,Data Science,machine_learning,4.0,mid_3_6,fluent,5.0,api;computer vision;machine learning;nlp;project management,5,,"ML/AI Engineer, 07/2020 to Current Softesis I had the opportunity to work extensively on AI tools for test automation, honing my skills in this specialized area. I developed and implemented production-level ML, NLP, and Computer Vision products, contributing to the advancement of automated testing processes. This involved leveraging cutting-edge technologies and algorithms to achieve efficient and accurate results. One of the key aspects of my work involved data extraction, cleaning, analysis, and presentation of large datasets. I utilized my expertise in data mining techniques to uncover valu"
e5693019-3fc6-5cb3-9f13-7c16e68da19c,Junior Project Manager,Project Manager,product_project,0.0,junior_0_1,fluent,5.0,product management;project management,2,,"Coursera specialization courses: - Introduction to Project Management Principles and Practices Specialization, University of California, Irvine (2020) -Software Product Management Specialization, University of Alberta AgileEngine/ Transvoyant, Data Quality Analyst (Kyiv) (May 2018 - Present) - Reporting on data accuracy and quality, both internal and external customers - Mentoring junior team members - Using Jira and Confluence for documentation and creation/tracking of tickets - Primary data validation of new customers' data, using databases for data quality analysis - Communicating updates a"
f2025a33-0c16-5f88-8acd-7c0b03645879,Java/C++ Backend Software Engineer,Java,backend,3.0,mid_3_6,fluent,5.0,java;jenkins;python;scrum,4,,"At Nokia I received an award for boosting employee morale and productivity. There many smaller accomplishments, see work experience. Nokia. Developed and refactored C++ applications for the integration testing system. Developed features (Python) enabling semi-automatic bug report handling for the product owners of the department. As a process facilitator (Scrum master), built a team and work-process for a new project (including work-process events like daily sync-ups, planning and retro sessions). For this I received an award. Facilitated meetings chairing and risk monitoring. JetBrains Resear"
c5fe1103-5420-5085-a2a2-0357e6ff58c1,junior Full Stack Web Developer,Ruby,fullstack,0.0,junior_0_1,intermediate,3.0,javascript;react;ruby,3,,Self-study Ruby on Rails with a mentor // 12.2020 - 08.2021 Courses beetroot academy: - Front-End // 09.2019 - 02.2020 - Advanced JavaScript (React/Redux React) // 02.2020 - 04.2020 I am looking for a vacancy with the possibility of combining with the main job at the initial stage
bb9161d3-5b5b-501b-8072-f1655c792570,Senior Software Engineer,Java,devops_cloud,11.0,senior_10_plus,fluent,5.0,aws;elasticsearch;java;python;spring,5,,"Designing and early level development for a custom python-like programming language for customer-defined operations for ""unsafe"" environment. Template cookie cutter for company ""simple"" AWS-driven ETL processes Creating and refactoring spark-based real-time mechanism for price computation, real-time high-load metric processing tool, aws dynamic EMR cluster management tool with auto scaling, elasticsearch real-time system plugin. I am a software engineer with ~10 year experience in enterprise with deep knowledge in object-oriented programming, JVM languages (+Spring), Python, high-load data pro"
06f30731-246e-5bd3-bb83-d0dfa1cb4f2b,QA Engineer,QA,data_analytics,2.5,junior_1_3,intermediate,3.0,agile;api;figma;python;qa;selenium;sql,7,,"Courses (training center ""QALight""): - Software testing (50 hours); - Practical SQL (32 hours); - Unix courses + Networking (30 hours); - Performance testing (6 hours); - Web Servers and Web Services Course (6 hours). Self-education: - HTML/CSS (Sololearn); - Test automation with Selenium and Python (stepik.org, in progress). After completing the preparatory courses (QALight), I worked as a manual QA engineer in two product companies: - ""Madgicx"" (Dec. 2021 - Oct. 2022) - online advertising company - ""BillLine"" (Jan. 2021 - Sep. 2021) - payment service provider Gained experience: - software de"
d55f43ef-409c-5bae-abec-8bbf5c92f90d,Product Designer,Design,design_ux,11.0,senior_10_plus,fluent,5.0,data analysis;ui/ux,2,,"More than 20 successful huge projects developed, plenty of them were fin.tech. One has risen $15M from Adressen & Horowitz 6 years ago, another did a $5M pre-seed round last autumn. Created several huge projects from scratch. Building teams and processes inside marketing and product teams. 2014 Young Lions semi finalist Innovative designer with 10+ years of experience is looking for product company to solve complex problems. Able to deeply understand business' and stakeholders' needs and constraints they operate under to deliver solutions that will be consistent with those needs. Work through "
c49e88a9-37dc-517d-9741-68877ba2be53,Scrum Master,Scrum Master,product_project,6.0,senior_6_10,fluent,5.0,figma;microservices;product management;project management;scrum,5,,"I heavily contributed to building from scratch a new Value Stream in the company I worked for (NDA). After two years of hard work, our products became well-recognised by the top companies on the market and demand for them grew exponentially. Engineers that never worked with each other, became very strong, mature, effective and self-organized teams that turned ideas into tangible outcomes quickly and with high quality. Certifications Professional Scrum Master™ I (PSM I) (April 2022) Professional Scrum Master™ II (PSM II) (August 2022) Recent project example: Banking Platform. A SaaS platform fo"
ef30012f-d22a-51e5-a24d-bb208f28c178,Project Manager,Project Manager,qa_testing,7.0,senior_6_10,fluent,5.0,project management;qa,2,,"Management of various projects (American, Asian, European clients - Global 500 ranking companies); business correspondence; conference calls; online meetings, webinars; linguistic team coordination; tasks evaluation, scheduling, assignment, registration, documenting, tracking; results assessment, correction processes; QA; testing - Adobe Acrobat, Illustrator, InDesign (software builds, emulation packages, screenshots); bug logging/fixing. Over 6 years of experience as a Project Manager (Translation & localization company, Kharkov, 2008-Present) Key Skills • Project management • Business corres"
9f483db5-12d7-5464-be33-e31d9ea6c57d,Backend Developer,PHP,backend,7.0,senior_6_10,intermediate,3.0,git;java;javascript;linux;mysql;node.js;php;rest;spring,9,,"Reduced server response time to 30ms, optimized and reduced db size in half. Working and developing RESTful services for last several years PHP, Symfony2 | Javascript, jQuery, KnockoutJS, QUnit, Jasmine | NodeJS, GruntJS, Express, Async | Java, Spring, Smartfox2, MyBatis, ActiveMQ, Protobuf, HBase| Gearman, ActiveMQ | MySQL, master-master replication | Git, Subversion | Linux, CentOS, RHEL best if project is related with offline business or hardware"
8e5535bb-8a6a-51b9-b304-a0831aeecb17,DevOps,DevOps,devops_cloud,9.0,senior_6_10,intermediate,3.0,aws;azure,2,,"• Wide experience in design and installation of local area networks and wireless networks, configuring different client and operator level equipment (Ubiquiti, MikroTik, D-Link, TP-Link, Cisco); • Experience in building corporate networks on Mikrotik equipment, D-Link L2 / L3, Ubiquiti, TPLink; • Providing external / internal security and NAT rules and restrictions with Firewall; Excellent guided in network protocols VLan, OSPF, VPN (PPPoE, PPtP), EOIP; Professional knowledge in operating Microsoft Windows / Mikrotik RouterOS systems; Experience in setting server roles: DHCP, DNS, VPN, RDP; • "
e85a9a56-5436-54c4-92de-575a348d0cd0,Content manager/Project Manager,Other,design_ux,9.0,senior_6_10,fluent,5.0,project management;ui/ux,2,leadership,"Nowadays, everything that surrounds us is moving to the Internet. Everything that you see on the webpage is my specialization. For seven years of experience as a content manager, I see the minor mistakes in the text, gaps in the size of the pictures, UI/UX issues, and bugs in the code. I worked with a team of managers and designers who, under my leadership, worked with the content to develop confident projects. Content Manager SEOBROTHERS 08/2020 - 01/2022, Full-cycle SEO and content marketing agency Achievements/Tasks Working with content Adding, editing content on the site Working in a team "
a97ac400-2055-5d89-a8aa-8684f345eb9b,Middle Data Analyst,Data Analyst,machine_learning,11.0,senior_10_plus,intermediate,3.0,machine learning;nlp;python;sql,4,,"With a career spanning 10 years in the data sector, I have worked for numerous companies within Azerbaijan. I bring to the table my advanced skills in Excel, SQL, and Python. In one of my notable roles at an insurance company, I developed a strong ability to create detailed reports using Excel and SQL. This experience gave me the opportunity to use data effectively and improve company performance. Additionally, lately I was involved in the ""Mirza"" NLP research project where my responsibilities included collection, cleaning, and preprocessing of textual data for the Machine Learning models, mai"
d1eaa6ba-cbe5-5a6e-b8be-0b48a43fdb2c,Front-End Developer,JavaScript,frontend,2.0,junior_1_3,fluent,5.0,javascript;qa;react,3,,"I worked as a FE dev for two companies, one of them was e-commerce Finnish project (www.bauhaus.fi, www.bauhaus.ee), another one a Ukrainian company delivering crypto-currency solutions (CPAY, CoinpriceList,YomiFinance). I've mainly used React/Next.js and its infrastructure, actively collaborated with designers, BE engineers, SEO-specialists, QA. Currently working as a part-time FE for Calaton Systems. Looking for a new full-time role to become a better version of myself speaking professionally ))"
60fea5ca-4979-5166-bb3c-63c387a0b378,Business Analyst,Business Analyst,data_analytics,2.0,junior_1_3,intermediate,3.0,api;rest;sql,3,,Designed the requirements specification for the third-party API integration to reduce the cost of orders. Initiated and drove the development of the automatic role- and workload-based task assignments for the insurance department. Launched a trigger-based message sending service with complex business conditions. Supported the development of a chat-bot implementation for client assistance. Coordinated changes in the web interface ERP-system module for the service process automation. Transformed the reports used to evaluate employee performance to get the necessary metrics more clearly. Business
1fa679fd-e557-577b-9c23-e71468cafba1,Full Stack Developer,PHP,fullstack,7.0,senior_6_10,intermediate,3.0,angular;java;javascript;laravel;mongodb;mysql;node.js;php;react;scrum;spring;sql,12,,"Full stack software developer with more than 7 years of experience in web technologies, micro services, front end and database management applied to the banking sector, e-learning, document management and business. SKILLS Web design: HTML5, CSS3, Bootstrap, Wordpress & Joomla. Software development: PHP( Laravel, Lumen, Codeigniter, Slim) Javascript (Angular, Jquery, Ajax, AngularJS, ReactJs) NodeJs (Sails Js, Express Js) C# (Entity Framework) Java (Spring, Hibernate) Database: Mysql, SQL Server, Oracle, Mongodb. Methodologies: Scrum LANGUAGES English: Good knowledge German: Good knowledge Span"
5aa1cede-5a4b-59d1-9212-fdf89b17bbff,Flutter Developer,Flutter,mobile,2.0,junior_1_3,intermediate,3.0,api;flutter;rest,3,,"MY IT-SKILLS: - Strong knowledge of Dart language, - Strong knowledge of Flutter - Knowledge of data structures, - Knowledge of asynchronous principles, - Knowledge of Stream API, - Knowledge of SOLID, design patterns, - Knowledge of Clean architecture principles. - Experience Firebase, REST and WebSocket clients, SQLite, noSQL (Hive), states management (BLoC and Provider). - Good knowledge of Flutter SDK, deep understanding of Widgets Trees, custom animations. - Intermediate English level"
5342417e-c6e3-54d6-9129-16e6638210c7,Senior Python Engineer,Python,devops_cloud,11.0,senior_10_plus,fluent,5.0,microservices;project management;python,3,,"15 years in IT on different positions (test engineer, test team lead, project manager, Software Development Engineer in test) 8 years using Python Interested in big data and cloud technologies, microservices Not interested in just testing"
c80506b5-fb7b-5d11-97ba-6541578292b0,Junior QA Engineer,QA,mobile,0.5,junior_0_1,intermediate,3.0,api;qa,2,,"I got experience on BitTech (Betamedia) project. Duration: December 2020 - present BitTech, long-term partner from Israeli hi-tech domain, designs and delivers multi-technology software systems for financial services industry as advanced and innovative B2B Forex solutions. My responsibilities were Functional testing, Web, mobile and CRM testing, regression and sanity testing, writing TC, requirements analysis, API testing, Localized testing, Performance testing, monitor reported issues, and verify when they are resolved. I used tools, such as Tools, IDE: CRM, Postman, JMeter, Jira, Confluence,"
779a1d4d-9243-5cbf-8ceb-dd14e24b2028,Product Manager Project Manager,Product Manager,product_project,11.0,senior_10_plus,fluent,5.0,product management;project management;scrum,3,,"3+ years of management experience; 10+ years IT industry experience; 3 successful projects for top companies; Management several teams of 4-7 engineers; Experience in communication with foreign customers and teams (Germany, Korea, India) Self-starter Product/Project manager with more than 10 years in IT. For that period I gained experience in development, project management, Digital Marketing. I'm seeking for a job in challenging work environment where I can utilize my gained expertise and skills efficiently. Coordinating project: Risk management, maintaine process, team forming. Tools: JIRA, "
ed474391-09ee-576d-ba22-1268be6c6dba,UI/UX Designer,Design,design_ux,6.0,senior_6_10,intermediate,3.0,blockchain;figma;ui/ux,3,,"I have experience in conducting competitor analysis. Brainstorming for new features ideas, based on competitor research, with designers in the team. Conducting user testing to find out usability of current functionality. Creating a design system, adding new elements, and adjusting the current. Collaborating with designers to find ways of design system’s improve. Domains where I have gained experience: HealthCare, Transportation/Logistic, Education, Construction, Blockchain, eCommerce As a designer, I want to grow in the direction of UX, cause I love to recognize user's true emotions while they"
3248ada6-8b83-5af9-b2d5-0505b26ad0db,Junior QA Engineer,QA,data_analytics,0.0,junior_0_1,intermediate,3.0,api;postgresql;qa;rest;sql,5,,"2 working MuleSoft projects: - actual prices for spare parts; - IP info bot. System Integration Internship in SoftServe. Tasks: - creating MuleSoft projects; - REST API; - creating and performing MUnit tests; - working with My SQL Server and PostgreSQL; - working with Postman, Advanced REST Client by MuleSoft, Swagger."
2cef3dac-5804-5003-a36c-e8ec64dacdb4,Software Product Manager,Product Manager,machine_learning,5.0,mid_3_6,fluent,5.0,machine learning;product management,2,,"- Greatly improved efficiency of sales process by introducing new product for machine learning technologies and HMI concepts visualization. - Increased DAU rate by over 90%. - Managed product development and pre-sale activities within German & North American business units. - Introduced a good standard benchmark on execution and delivery quality on a company level. Product Owner Maxitech // 02/2020 - 12/2020, Achievements/Tasks: - Remarkably improved release management standards and efficiency of achieving the sprint goals. - Introduced product road mapping techniques on a company level. - Lea"
576771cd-94f6-5a12-81b8-798165216c0f,"Full Stack Developer, Oracle PL/SQL",Python,fullstack,8.0,senior_6_10,intermediate,3.0,angular;api;aws;azure;django;flask;javascript;mongodb;node.js;postgresql;python;react;react native;rest;sql;typescript,16,,"My preferences in technologies for the future project: Front end: React.js./ React Native or Angular10+ Back End: Python / Node JS, Databases: Oracle / MSSQL / DynamoDB / MongoDB My work preferences and strengths : 1) I have deep knowledge of Oracle Database and PL/SQL programming. 2) I have deep knowledge of JavaScript. 3) I have deep knowledge of Python. 4) I have deep knowledge of React.js/React Native and Angular 2+ 5) I enjoy making high-quality UI with ReactJS or Angular2+ 6) I like working with cloud technologies such as Amazon or Azure. 7) I like developing REST API Web applications on"
c6563b4e-ed82-5ec2-83f3-769935cf511b,React Developer,JavaScript,frontend,0.5,junior_0_1,intermediate,3.0,git;javascript;react,3,,"Developed several web applications (for myself). One of them is a pizza ordering site, as well as a sneaker site, a movie site, and a Marvel comics site (you can view all of this on my github). He also developed an online store with hiking equipment. I have actively worked on several pet projects, which have allowed me to refine my skills in Front-end development. Additionally, I have had the opportunity to work on the Front-end part of client websites on a freelance basis, gaining valuable experience in dealing with real clients and project requirements."
bbc04570-5e0c-594b-a285-8b522cf0179d,Trainee/Junior Java developer,Java,backend,0.0,junior_0_1,intermediate,3.0,git;java;mysql;postgresql;spring,5,,"In programming courses, they performed various tasks on various topics. All examples of problem solving are available at github.com With great interest I solve problems on codewars.com. Currently reached level 6kyu Java programming course. Knowledge and understanding of OOP and SOLID principles. Experience with Github. Basic knowledge of working with MySQL and PostgreSQL databases, including using JDBC and JPA technology. Basic knowledge and some experience with Maven, Spring and Spring Boot. I want to become a highly qualified Java programmer, develop my skills and knowledge in programming."
cd1715bb-1f95-5cf9-867b-c6535cddb64c,"E-learning manager (English language), language trainer, translator (gambling, betting)",Other,qa_testing,11.0,senior_10_plus,fluent,5.0,qa;scrum,2,,"I am committed English trainer with big educational experience (10 + years in various IT companies). I have conducted corporate English classes, Business English classes, TOEFL preparation to the Developers, QA specialists, Scrum masters, Top managers. I have translated documents, sites and promo materials for various departments(marketing, product, HR, legal). I have been a language team lead(HR department branch) for the last 5 years, managed teachers of English and everything language-related(translation and interpretation wise). Worked both offline and online using Google classroom, Google"
e63f13b0-56ff-5b7e-a44f-4e9591b2f1e0,Senior/Lead Software Engineer,Java,devops_cloud,7.0,senior_6_10,fluent,5.0,gcp;java,2,,"I've given a few public talks, including a speech at a DDD-related conference in Amsterdam in 2020. I have vast experience with Domain-Driven design, software modelling, and architecture in general. My main big project was a Java DDD framework. Within the scope of that project, my team and I implemented several cloud-based products. My role was integrating with several 3d-party systems, including Google Cloud Platform and Apache Kafka and overseeing project infrastructure with tools such as Protobuf, Gradle and several CI solutions. My responsibilities also included conducting code reviews for"
1a9487a6-3f91-59ce-8245-87e68890a3e8,Junior PHP Developer(Codeigniter),PHP,backend,0.5,junior_0_1,fluent,5.0,git;javascript;mysql;php;sql,5,,"To be a good developer n be helpful for Company where i m working Knowledge-PHP, OOP, MVC, HTML, SQL, MySQl, WordPress, JavaScript, JQuery, CSS, ,Ajax. Framework-Codeigniter, Bootstrap. Version Controle System Git, i have great wish to work with good team."
760399be-0a50-5af2-999a-c74e10e6e7a4,Senior iOS Developer,iOS,mobile,5.0,mid_3_6,intermediate,3.0,api;git;ios;rest;swift,5,,"I'm a software engineer with over 5 years of experience in the software industry. I have worked with customers from the Netherlands, the USA, Germany, and others. I've participated in developing web applications in the international teams. Swift, Xcode, Git, REST API, CocoaPods, Autolayout, MVC, Multithreading, SOLID, JSON, Objective-C, CoreData, MVVM, Firebase, Jira, Alamofire, Design Patterns, Push Notifications, SwiftLint, Realm"
78942893-349a-5b1b-b3ae-b4c497386775,Product manager,Product Manager,product_project,3.0,mid_3_6,fluent,5.0,agile;product management,2,leadership,"1) Could help 100+ leukemia diseased kids via Cancel Cancer University project. Got first place as project of the year for it. 2) Could get high renewal rate during my presence at PASHA Insurance. I was fully responsible for all decisions & strategy organization for it. 3) Doubled my partner's sales at Azercell since July 2021. Completed my annual KPI's in October. 4) Got 2000+ users register for my business project: blazegaming, with small SM budget (~2000$). 5) Could get Digerati monthly Product Line from 1 product/month up to 20+ products/months in couple months. 6) re-organized Product Por"
98eaa22a-e3b0-5bdf-8740-9e110c73a308,Head of Product,Product Manager,machine_learning,7.0,senior_6_10,fluent,5.0,machine learning;product management;python;sql,4,,"Knowledge of financial modeling/valuation and common programming tools (MS Excel, R, Python, Bloomberg; pro knowledge of SQL, VBA, C++). Relevant coursework: Corporate Finance, Investment Analysis, Asset Pricing, Derivatives, Fixed Income, Advanced Macroeconomics, Advanced Econometrics (incl. Time Series and Financial Econometrics), Theory of Probability and Statistics, Stochastic Calculus, Big Data & Machine Learning in Python, Numerical Methods for Finance Using R. GPA: 7.11 / 10. 7+ years experience in finance and investment product management and global capital markets."
5345277a-3402-5fa3-8e76-08fb08f3cb68,UX/UI Designer,Design,design_ux,0.5,junior_0_1,intermediate,3.0,figma;ui/ux,2,,"I am a result-oriented UI/UX designer and i have 8 month experience. I am dedicated to delivering top-notch designs that meet both user and business needs. I have a keen eye for detail and a strong ability to communicate effectively with stakeholders, making me a valuable asset to any design team. I am passionate about UX/UI design and i would like to fully dedicate myself to this field. I am excited to continue growing my career in the field of UI/UX design and can't wait to contribute my skills to a team and make a meaningful impact. HARD SKILLS: User interface User experience Interaction de"
f2e31d3f-a431-525e-a6a4-aada5373b6dc,Junior c++ Developer,C++,data_analytics,0.0,junior_0_1,intermediate,3.0,api;linux;python,3,gaming;remote,"Have the pet project of the game engine for Vulkan API learning. The current realized features are the rendering of a game world of multiple objects with different meshes and textures, which can be created, deleted or transformed dynamically using a python script. Key skills: C, C++ (with 11/14/17 standards features, STL), Python, Qt, Linux Currently learning Vulkan API. Have experience with Assembler (MASM, TASM), JNI, SQLite, Boost library, networking development (boost::asio), WinAPI, cross-platform development (Win/MSVC, Linux/Qt Creator), Unix (POSIX) development, writing software rasteri"
394ab308-64a6-513b-8dc4-6cf6c8cb9182,SalesForce Admin/Consultant,Salesforce,qa_testing,1.0,junior_1_3,fluent,5.0,android;api;ci/cd;docker;git;ios;java;jenkins;linux;python;qa;rest;selenium;sql,14,,"Improved Salesforce configuration. Implemented Quality Assurance process from the scratch. Also I succeeded to improve Customer Success Management in the Company on a higher level. Later on I was delegated a responsibility of a Customer I helped to my Company to hire 3 new team mates that are very successful now. Good experience in communication with the clients from different countries and regions. Hi there, I'm Salesforce admin with 1 year of experience and 6+ years of IT experience as QA engineer. I also have passed SalesForce Associate exam and preparing for SalesForce Admin certification."
5960ea10-cdb8-5d1c-9d13-863b9aaa3ba3,Frontend/Fullstack developer,JavaScript,fullstack,0.5,junior_0_1,intermediate,3.0,api;javascript;php;react;react native,5,,"I'm had create bash/php scripts, such as parsers, scripts for billing, L2/L3 hardware management scripts and other usefull stuff, for local ISP. Scripts has been integrated with couterparty API(payment systems, bank, etc). Also I had created official site of that ISP and media-catalog too as a part of team. Currently the websites and ISP is shutdown for well-known saddly reason. Have expirience with vanilla JS and React. I had worked a little with React Native in my pet projects. Outstaff developer at local ISP. Freelance. I am expecting for an interesting tasks which take me opportunity for m"
3338fbd7-20d9-5d97-840f-936d909046e0,Frontend Developer,JavaScript,frontend,0.0,junior_0_1,intermediate,3.0,figma;javascript,2,,"I have no commercial experience, but you can take a look at my pet projects: - Travel company : this is my first pet project, it was created on the basis of a layout from Figma, I used BEM technology for a high-quality site structure, as well as CSS pseudo-classes and pseudo-elements"
0c062883-e286-5be8-a699-a01962178273,QA Lead,QA,qa_testing,2.0,junior_1_3,intermediate,3.0,agile;git;qa;scrum;sql,5,,"Highly motivated person. Knowledge of industry QA methodologies and the Software Development Life Cycle (SDLC) Have a capability to work in stressful environment. Aspire to master the skills of software testing. Theoretical knowledge in QA/QC: — SDLC, models and methodologies of SDLC (Waterfall, V-model, Scrum/Agile); — bug`s life cycle; — roles and activities in project team; — test case design and maintenance; — testing techniques: equivalence partitioning, boundary values, positive/negative tests, errors guessing, — testing types (functional, non – functional, security, localization, compat"
40919599-8a7b-5503-a38e-747f74a6ae49,Project Manager,Project Manager,product_project,7.0,senior_6_10,intermediate,3.0,project management;scrum,2,,"Management of two different teams, solving of all difficult questions Project manager (apr.2015 - present) - Opened two different offices from scratch (found the buildings, hired employees, organised all processes). - Experience in dealing with two teams - 9 and 9 people. - Daily management and control of all aspects. - Working with documentation. - Working with customers and deadlines. - Solving of conflict situations. Project manager (jun. 2014 - apr. 2015) - Experience in maintaining project documentation: from the start of the project to its finish - Working with team deadlines - Experienc"
f2a6efc3-81a1-5280-8e48-c18e01a89d0d,Junior Front-end Developer (React),JavaScript,frontend,1.5,junior_1_3,intermediate,3.0,.net;javascript;react,3,startup,"Brought the front-end part of the startup written on a non-profile stack (.Net) to sale on the market Worked on creating a platform for collecting statistics from TikTok (DataTikTok).Technical stack: .Net, JS, Bootstrap5. Was the only front-end developer in the team. Also worked as a freelancer at the same time, creating landing pages for gambling companies. Technical stack: React or HTML/CSS/JS All the time I was on my own and there was no one to take experience and best practices of development, code architecture, etc. from. Therefore, I want to become a part of the team and rather develop i"
e270dbbc-ec73-5315-ad81-ad58ae897560,Software Architect / Technical Lead,Lead,machine_learning,11.0,senior_10_plus,fluent,5.0,api;machine learning,2,,"Software engineer with more than 10 years of extensive experience working in various roles, including: developer, team lead, competency manager, solution architect. Solid professional background in various technical areas such as: - System architecture design, documentation and analysis - Distributed systems supporting data and traffic load at scale - 3rd party and partner system integrations - Data architecture and automation, warehousing and analytical solutions - Content recommendation systems - ML operations and infrastructure - Support and tech leadership at pre-sales and discovery phases"
95ff400a-a38c-5c7e-869f-7ee8711ed9df,C++ Developer,C++,devops_cloud,4.0,mid_3_6,intermediate,3.0,.net;api;ci/cd;docker;git;jenkins;postgresql,7,,"April 2018 - May 2019, «Aerovortex» (Part time) Description: The company is engaged in the development of aircraft simulators. Responsibility: Development of the visual part of the software for calculating the dynamics of the movement of aircraft. Communication with Fortran mathematical library for building 2D graphs using qwt, building vector fields and air flow visualization tool using OpenGl. Bug fixing. Technologies: C++, Qt Framework, OpenGl August 2019 - July 2020, «Digital cloud technology». Description: The company develops software for the Microsoft Store. Responsibility: Development "
4b65017c-65d2-5afb-a709-95a3c95242d1,Junior Java Developer,Java,backend,1.0,junior_1_3,intermediate,3.0,java;spring,2,,"Java Developer in ""SoftServe"" company (since 12/2022 - Present) Java Courses in ""GeeksForLess"" company (4 months) Udemy course ""Spring for Beginers"" (40 hours). Requirements analysis and clarification; Development Backend (Java) Estimation tasks; Code development and bug fixing; Unit testing (JUnit). 6-10 team members Creating pet-project"
547077a3-3697-5235-89c5-9dd308cdbf7a,UI/UX Designer,Design,design_ux,11.0,senior_10_plus,intermediate,3.0,figma;project management;ui/ux,3,,"Certificates: Google UX Design Google Project Management Google Digital marketing and e-commerce I started my design career in e-commerce. This one gave me an exceptional experience at the start of my career. Then for a long time I worked independently on very different and creative freelance projects. After a few years, I realized that nothing is impossible for me. For a while I worked on product design with great guys. During this time, I realized the benefits of working in a large team. With them, we did a lot of cool things and achieved great goals that. I try to make every my work full of"
42e8e874-e7d8-50d9-a5e0-3b6095e1f507,"Full-Stack Developer, Front-end Developer",JavaScript,fullstack,7.0,senior_6_10,fluent,5.0,angular;aws;javascript;microservices;node.js;react;rest;ui/ux,8,,"- The most amazing tool I've developed is an ERP system that makes shipping processes easier, providing rich tools and widgets for everyone involved. - I've conducted close to 200 technical interviews. - Successfully migrated a legacy software system to a new platform, reducing maintenance costs by 40% and improving system reliability. - Mentored and trained junior developers, improving team productivity and skill development. - Conducted code reviews and implemented coding standards, resulting in improved code quality, reduced technical debt, and improved maintainability of software systems. "
5bf53026-b5dc-5e6e-a2b7-90377fff9ecb,SAP BW\HANA Analytics,Data Engineer,data_analytics,11.0,senior_10_plus,fluent,5.0,.net;data analysis;node.js;sql;tableau,5,,"Looking for job in Kyiv More than 11 years of SAP implementations experience varying from stand-alone SAP BI implementations to development of highly customized BI/DWH-applications for companies from different industries (coal mining, utilities, pharma, insurance, automotive) and clients from different countries (Ukraine, US, Germany, Norway). Candidate is skilled in SAP HANA & BW/4HANA, as well as in SAP BPC, legacy SAP BW. Candidate also has experience of implementation of SAP HANA Native applications in hybrid IT landscapes and team leadership with global view and focus on teamwork & motiva"
1e2f3b47-7b28-5a0e-9526-b72436a78590,QA Automation Engineer,QA Automation,mobile,6.0,senior_6_10,intermediate,3.0,agile;api;git;java;javascript;jenkins;playwright;qa;scrum;selenium,10,,"Have 6+ years of experience in Web, Desktop, API, and Mobile testing. Have hands-on experience with QA methodologies, testing techniques, and approaches. Possess practical knowledge and experience of Agile/Scrum processes. My expertise includes automated and manual testing, test planning, test case design, test execution, and defect management. I have a proven track record of ensuring high-quality software products are delivered on time and within budget. The hard-working and motivated individual with lots of initiative and enthusiasm in delivering high-quality software. Detail and result orie"
7061c1d5-0673-53e1-a32f-9acb5e23b41a,Junior Front-end Developer / Full Stack (Node.JS),JavaScript,fullstack,1.0,junior_1_3,intermediate,3.0,angular;api;git;graphql;javascript;mongodb;mysql;node.js;react;react native;rest;scrum;typescript,13,,Non-coding position in previous company: 13 years` experience of communication - IT support - with people Worldwide. Training the local and global teams for many global IT projects Only positive feedbacks from users/management especially about teaching/coaching aspects. Built trusted relationships between business and IT team Full stack developer life: 6 month full time coding - i think it`s a great my achievement! 3 finished team projects (1 week for each of it): 1 project - HTML + CSS 2 project - HTML+CSS + JS 3 project - HTML+CSS+JS+REACT+REDUX 4 project - HTML+CSS+JS+REACT+REDUX+NODEJS+Mon
938aa8fc-8a45-5a7a-90a6-a8cbfaeb8019,2D / Lead Artist/ Art Director/ UI Artist,Design,design_ux,11.0,senior_10_plus,intermediate,3.0,figma;ui/ux,2,,"My name is Inna. I am originally from Ukraine and live in Hamburg, Germany. I have 12 years of experience in game development, UX/UI and 2D Art . I have strong drawing and painting skills, extensive experience in UX/UI development, drawing of characters and environmental designs. I'm highly motivated, adaptable and always open to learning new techniques and software. Passionate about making any kind of art and always trying to push myself to a new level. I worked on different types of games: casual, hidden object, strategy, online casino, puzzles, match-three, for mobile and PC. SUMMARY: - Cre"
22308711-1619-5847-b039-b13b3a2b7eaf,Manual QA Engineer,QA,qa_testing,2.5,junior_1_3,intermediate,3.0,agile;qa,2,,"Conducted manual testing of new features in a web application, identifying and documenting over 500 defects during the tenure. Developed and maintained test cases and test scripts, ensuring their relevance and alignment with changes in functionality. Performed regression testing at every stage of development, preventing the release of numerous critical defects. Actively participated in meetings discussing requirements and specifications, providing feedback on potential user-oriented issues. Collaborated with developers and project managers to clarify feature details and release timelines, faci"
742f7b8d-2497-50ef-835b-671f25ab9b4e,Junior Project manager / Junior Product manager,Product Manager,product_project,0.0,junior_0_1,intermediate,3.0,computer vision;product management;project management,3,,"Greetings, dear reader! I have more than 7+years experience as a Purchasing Manager in numismatic company. My diverse experience in negotiation and trading helps me make the right decisions quickly. And also to find the best goods at the best prices. In addition, my experience in personnel management helps me to properly allocate time, prioritize tasks and manage resources. During my work, I created logistics between different countries, I also trained and managed new employees and helped develop an internal procurement tracking system. All these tasks helped me find solutions quickly to compl"
f1f7e887-caa3-52a0-9e3b-49c690ea00a9,junior java developer,Java,backend,0.0,junior_0_1,fluent,5.0,android;angular;api;ci/cd;computer vision;flutter;git;java;linux;machine learning;mysql;php;postgresql;python;react;rest;spring;sql,18,,"-experience in participation in real (non-commercial) projects -work with OOP for 3 years (2 years of Java) -have pet-projects done using various popular technology stacks -upper-Intermediate English and German (certified by Cambridge University and TestDaf Institut) -6 publications and 4 scientific papers which have won at Ukrainian and Polish conferences -experience in participation in real (non-commercial) projects -work with OOP for 3 years (2 years of Java) -have pet-projects done using various popular technology stacks (More in CV) - OOP/OOD, Alghoritms and DS - Java SE 8+ - Android deve"
09128e7c-f5c4-58e6-8275-e3b36d8b4bb4,Senior DevOps Engineer,DevOps,devops_cloud,6.0,senior_6_10,fluent,5.0,.net;aws;azure;ci/cd;git;github actions;java;jenkins;kubernetes;linux;microservices;php;python;terraform,14,,Build DevOps practices from scratch. Split monolithic application to micro services. Infrastructure migration in large scale and high load system. I am a DevOps with more than 6 years of experience in DevOps practices. I have high-level skills in automation. Have good knowledge in: - AWS - Terraform - Kubernetes - Istio - Ansible - ArgoCD - Helm - Kustimize - Bash - Python - Jenkins - GitHub Actions - Groovy - Git - Linux - Windows - Azure - Azure DevOps - VSphere - Packer Excellent team player. Familiar with cloud concepts microservices architecture and CI/CD. Result oriented and well perform
e210673e-707f-5f77-9a5b-2384d9a1c07e,Manual QA Engineer,QA,data_analytics,3.0,mid_3_6,intermediate,3.0,api;qa;scrum;sql,4,,"QA Engineer with over 2 years of experience of testing. Have written and executed test cases and performed re-testing/regression/alpha testing. Created and maintained test plan, checklist, and other types of test documentation. Have work experience in Scrum/Kanban processes. Using Jira, TestRail, Trello also tools Postman, DBeaver. Working with test documentation in Confluence. Have basic knowledge HTML, SQL, API."
5edd45c9-4da9-589f-970d-136abb414f11,Junior Python Developer,Python,frontend,0.0,junior_0_1,intermediate,3.0,django;javascript;mysql;node.js;python,5,,"The web app to keep a diary of glucose blood level for people with diabetes. Technology Stack: Node.js, JavaScript, MySQL, HTML, CSS I have experience in developing non-commercial projects in both backend and frontend. I developed web application backend part on Node.js including working with databases (MySQL) and also designed frontend with HTML, CSS, JS. For now I would like to learn more about Python and Django in particular and get more practical experience in this area."
235e034c-5a41-5067-b77f-c163ffa0429a,Manual QA Engineer,QA,mobile,0.0,junior_0_1,intermediate,3.0,qa;selenium,2,,"I am graduating from the Kyiv OK-IT School course ""Profession tester"". During my studies, I've been performing site testing (black box systems), mobile applications (in the BlueStacks emulator), and writing documentation such as test cases (TestRail, Excel), checklists, and bug reports (in Jira and Trello). Also, I've been testing open APIs (in Fiddler and Postman). I have knowledge and experience using variables in simple autotests (in Postman). I've got basic skills for creating simple self-tests in Selenium IDE. I hope to develop skills in automation testing."
5ad8402b-5445-56c3-ac3f-4e1aee3ce489,Senior Data Scientist / ML Engineer,Data Science,machine_learning,7.0,senior_6_10,fluent,5.0,blockchain;data analysis;docker;flask;machine learning;postgresql;python;pytorch;spring;sql,10,remote;startup,"1. Kaggle Competitions Expert level. 2. A bunch of finished MOOC DS courses: - Ng's Deep Learning - J.H.University Data Science Specialisation - ODS open ML course - CS-231n (Convolutional networks) - HSE & Yandex ML basics - Yandex's SHAD (Data Analysis School) courses 3. As I've said, I lecture at university (ML math basics course). In addition to deep intrusion into ML algorithms' basis, I try to help fresh students to get a bit more about their real future opportunities in industry, from the side of active specialist. 1. (currently) 6 months in Microsoft, Bing Core team, full-time remote. "
47412c50-3715-5c57-b348-3b04013a86af,"Manual QA, QA Lead",QA,mobile,3.0,mid_3_6,fluent,5.0,android;api;ios;laravel;php;project management;qa,7,,"Project Manager / Business Analyst, Handlarfinans September 2019 - Present Handlarfinans is a product financial tech company with many API integrations with banks, government registries and institutions, ERP systems. I participated in developing web modules for clients and system administrators, as well as mobile applications for iOS and Android. Main responsibilities: - Identification of business requirements - Search for new technologies that meet business needs - Creation of software requirements specifications for developers and testers - Responsible for the timely delivery of new features"
470d74e5-9aa4-5f24-bb4a-c5f8d0bb0504,"UX/UI Designer, Wed Designer",Design,design_ux,1.0,junior_1_3,intermediate,3.0,figma;ui/ux,2,startup,"Accomplishments: - I created a style, promo materials, posters, and covers for the main screen of 3 business conferences (a total number of 1.5 thousand people) - Ads design for a wellness startup, that helped them enter the Polish market - I cooperate with the largest business media in my country Hi! I'm Nadya and I have 1.5 years of experience in UX/UI and Web Design working for a startup and one business media. For example, I made social media materials (Banner, Cover, Post, & Ads) design, YouTube thumbnails, digital materials for events, etc. Also, I made 5 landing pages and 2 online store"
c3ad1504-3307-5307-8d7f-67b6b4b0281b,Java Developer,Java,backend,1.0,junior_1_3,intermediate,3.0,git;java;spring,3,,"In my previous job. I established myself as a reliable and responsible employee, which led to my promotion to a mid-level position in a relatively short period of time. Also, I successfully utilized new tools for project development and took part in their implementation within my team, which significantly reduced the time required to complete tasks. Hey! I am a qualified engineer with a master's degree in engineering and have a background: - Java Core, Java 8. - Object-Oriented Programming (OOP). - SOLID principles. - Software Design Patterns. My technology stack includes: - Working with JDBC,"
fb1e7ad9-bdcf-5aa6-a60a-ea92bd1ce4e4,Junior JavaScript developer,JavaScript,frontend,0.5,junior_0_1,intermediate,3.0,aws;django;git;go;javascript;linux;mongodb;mysql;node.js;postgresql;python;react,12,,"- Qualium Systems :: JavaScript Developer :: 01/2018 – 05/2018 JavaScript, React, Redux, Node.js, Express, MongoDB, PostgreSQL, AWS JavaScript (ES5, ES6) React, Redux Node.js, Express GoLang Python, Django MongoDB, PostgreSQL, MySQL HTML, CSS Linux, AWS, Git Interesting projects, good oportunities for professional growth."
0127f285-94c0-5efb-b4df-95de456a5a2f,Big Data/Machine Learning/Algorithm engineer,Data Science,machine_learning,11.0,senior_10_plus,fluent,5.0,aws;azure;elasticsearch;flask;java;linux;machine learning;nlp;numpy;pandas;python;redis,12,remote,"* Data platform for large financial company * Small TF-IDF based search engine, vector space model to represent texts, TF-IDF as relevance measure, cosine similarity to find significant words per text/author and to locate texts similar to a given one * Content-based recommendation engine (TF-IDF, cosine similarity). PredictionIO, Spark, Java * Distributed RSS indexer (Java, beanstalkd) * Search engine for people's profiles in social networks - Elasticsearch, Java, Amazon SQS, Azure, HBase * Facebook app allowing to index FB friend profiles in Elasticsearch and search them, Scala * Heuristic al"
9e72aae6-b328-5dc4-98fd-208cb5a911d3,Product manager,Product Manager,product_project,8.0,senior_6_10,fluent,5.0,blockchain;product management,2,gaming,1. Increased referral program effectiveness by 3 times (projected annual impact - 156k users against 50k). 2. Launched localized product in 5 European countries. 3. Futuristic car prototype software for CES. 4. Increased subscription upgrades by 3% with a relatively small user admin feature (1 week of development by 1 dev). 5. Designed an upsell flow that generates 80% annual subscriptions out of all generated subscriptions for specific feature. 6. Development of solutions that reduced time spent on routine operations (Admin tool: 3 solutions in total decreased time by 20% for each employee; T
3b536827-3d7a-5ff7-ae17-62b9dc97aca5,DevOps Trainee,DevOps,devops_cloud,0.0,junior_0_1,fluent,5.0,aws;docker;kubernetes,3,,"Currently doing DevOps courses, learning Docker, Kubernetes, AWS. November 2016 - November 2017 I Customer Support Specialist November 2017-January 2018 | Customer Support Lead February 2018 - January 2019 I English Teacher SHANGHAI/CHINA May 2019 - August 2019 - System Administrator/Technical Support KYIV/UKRAINE November 2019 - July 2020 I Cabin Crew DOHA/QATAR October 2020 - Present I Senior Customer Support KYIV/UKRAINE I'm interested in development in DevOps. The position where I can get more experience/skills and use my current knowledge."
81172377-a476-5c29-b962-9c7f6abe3601,Oracle Database Engineer,SQL,data_analytics,9.0,senior_6_10,intermediate,3.0,linux;sql,2,,"Support banks, insurance company, payment systems. Crossplatform migrate Oracle Database Migrate single instance to cluster Work with database 80+ Tb Oracle Database 10g, 11g, 12c, 19c Oracle RAC, Oracle Dataguard, Experienced troubleshooter Professional Google user Experienced Technical Support L2, L3 Experienced user of Windows, Linux, AIX, etc. Interesting and difficult tasks, professional growth, friendly team, strong teamwork."
2c744927-ce2b-5c42-9f5c-42abf4cab95b,QA engineer,QA,qa_testing,8.0,senior_6_10,intermediate,3.0,product management;qa;rest;scrum,4,remote,"Experience Name of Employer : ""Cisco Systems"" Dates of Employment : from 10.2021 – to until today Job Title : QA Engineer & Scrum Master Responsibilities and Key Accomplishments: - Regression testing - Communicating with customers (product owner, product manager, UI-UX Designer) Setting tasks for the team - Writing and executing test-cases - Prepare Regression and smoke test-cases scopes - Setting up and maintaining in Jira - Setting the processes in the team - Requirements analysis Name of Employer : ""EPAM Systems"" Dates of Employment : from 04.2020 – 10.2021 Job Title : QA Team Lead - Leadin"
af219ade-2519-51e9-8843-ae844190e7e5,PHP Developer,PHP,fullstack,5.0,mid_3_6,intermediate,3.0,javascript;mongodb;mysql;php;vue,5,,"Education: Bachelor's Degree Kiev National Polytechnic Institute named Sikorsky, Faculty of Informatics and Computing Techniques, specialty ""Computer Engineering"". Experience: 1. Web developer in the studio Woxed (March 2017 - February 2018). Responsibilities: - development and support of sites. (PHP,JavaScript,JQuery,Ajax,Html,Css,Bootstrap); - installation and configuration CMS(WordPress); 2. Full-stack developer (PHP Yii2, JS AngularJS) in the UCG holding (February 2018 — October 2019). Responsibilities: development on the framework Yii2. (PHP, Yii2, Javascript, AngularJs, MySql, MongoDB) 3"
cbf21c0b-0712-5a55-9982-3ab9963cfa09,iOS Developer,iOS,frontend,1.5,junior_1_3,intermediate,3.0,git;ios,2,,"I have worked with various applications on UIKit, all of these applications are network applications. The main development pattern was MVVM, ReactiveSwift or Combine was used for data binding. For data storage, I used CoreData or KeychainSwift, I also have experience with GRDB, I conducted a comparative experiment between CoreData and GRDB. For the network i usually used Alamofire, for loading, processing, caching and displaying images used Nuke. For comfortable use of git I use ""Sourcetree"", for the network ""Proxyman"", sometimes I use ""Core Data Lab"", which makes it easier to work with large "
21a67b4c-4f65-52c0-8873-f4b07caab78d,Project Manager I Delivery Manager,Project Manager,product_project,5.0,mid_3_6,fluent,5.0,blockchain;project management,2,,"ICP-APM® certified manager with a proven track record in the IT industry. With over 5 years of experience in client-service roles and Project Management, I am dedicated to serving teams, guiding clients, and ensuring that customers achieve their desired outcomes and value. Domains experienced with Fintech, Blockchain, Wealth management, eCommerce, Real-estate, Travel tech, healthcare, Retail etc. Experience working in International Companies and with remote teams. Recent responsibilities: - Building and maintaining strong relationships with key stakeholders anticipating customer needs, and pro"
af59892f-e7dd-5679-be1e-f48b665a83a0,QA Engineer,QA,data_analytics,3.0,mid_3_6,intermediate,3.0,mysql;qa;sql,3,,"Manual testing, functional/non-functional testing, testing of web applications. Work with testing documentation (test cases; test suites; check – lists; bug reports, etc.). Test design. Creating checklists, test suites, and test cases using different test design techniques Experience in sprint planning and estimation (Testing strategies). Work with bug trackers. Work with MSSQL and MySQL servers (can make simple SQL queries). Strong knowledge of client server architecture."
12bf9b94-a222-5be8-b87a-7eb53a08933f,iOS Developer,iOS,mobile,2.0,junior_1_3,intermediate,3.0,ios;scrum;swift,3,,"Summary: - About 2-years of experience in the development, design, implementation and maintenance of mobile applications using Swift. - 7-years experience in managing cross-functional teams. - Confident knowledge in popular frameworks: UIKit, CoreData, CloudKit, UserNotification, Foundation, Realm, Firebase, SwiftUI, Combine and other. - More than 15 successfully implemented projects. - Strong knowledge in Human Interface Guideline, Material Design. - Confident knowledge in Scrum, Waterfall, RUP, Kanban methodology."
af24c099-9cb1-5230-9ba2-32218d0acb02,Tech \ Non-Tech Recruiter \ HR,HR,backend,5.0,mid_3_6,fluent,5.0,flutter;php,2,,"I am an English and German-speaking recruiter \ HR with over 5 years of experience, who loves helping people find the right job :) I started working as In-house Recruiter and HR in a German company where I worked for 11 years. For the last 2 years I’ve been working as a freelance recruiter with different clients, mainly in IT industry with such vacancies as PHP Developers, Flutter Developers, PMs, BI analysts, IT Sales \ Customer Support Managers, Content Writers, SEO, SMM, etc. I prefer working as a freelance recruiter but I can also consider a part-time or full-time remote job. I can definit"
83589d53-69b6-533a-b537-4d8fd40d660d,QA engineer,QA,qa_testing,1.5,junior_1_3,intermediate,3.0,qa;scrum,2,,"I created a regression set from zero for two projects. Another interesting case - learning a lot of law documentation for work in medicine area. June 2019 - February 2020 - Web project in the EPAM company. Main responsibilities: deploying environments, onboarding newcomers, test plan creation, regression and smoke suits creation and execution, bug reporting and re-testing, story testing, test cases creation and execution, creation test result report, participation in the SCRUM meetings, clarifying requirements with PO and BA. February 2020 - current time - Desctop technical project related to "
713ef046-b790-5987-bcab-fdf9bde97554,DevOps engineer,DevOps,devops_cloud,2.0,junior_1_3,fluent,5.0,aws;ci/cd;docker;elasticsearch;jenkins;microservices;mongodb;redis;terraform,9,,"•Installed and configured OS on 34 laptops in 1 day •Redid cable connections in server room, tidied up the cable system, and everything works perfectly •The only one who had many business trips to other cities •Deployed an antivirus product for company of 100 employees and configured it for stable work •Participated in a launch team of a new IT school •Optimized server performance and expenses •Taught new employees about all the infrastructure. •Performed many flawless Go-Live processes with the customers. •Helping in cost-saving processes. •Hands-on experience in AWS provisioning and good kno"
304bf4fc-6c5c-5f2e-be8b-dcd0df64887a,Project Manager,Project Manager,design_ux,2.0,junior_1_3,fluent,5.0,figma;project management;ui/ux,3,,"I have finished next courses: - IT Project Management by Projector (3 month) - UX/UI Design by DAN IT (6 month) - Data visualization by Prometheus (1 month) I'm an IT PM with 2 years of experience. Also I have 1 year of experience as a Technical writer and over 7 years as a copywriter/journalist. I have worked with Jira, Confluence, Figma and different CMS (WP, October, UMCMS). My last work main responsibilities were: - Requirements gathering and defining the project scope - Work planning for a week/month - Decomposition and prioritization of tasks - Monitoring and control of current tasks - P"
9a739623-c293-5917-9f8c-e1b3f15e9027,Computer Vision/Deep learning Engineer,Data Science,machine_learning,4.0,mid_3_6,fluent,5.0,computer vision;data analysis;docker;numpy;pandas;python;pytorch;scikit-learn;selenium;tensorflow,10,,"May 2022/Aug. 2022 Company: Pic-time Description: Deep learning engineer Responsibilities: Developing and maintaining neural network based computer vision system for face detection and unsupervised human re-identification Technologies: Python, Pytorch, Docker Jul. 2020/Aug. 2021 Company: Lynx Description: Game Developer/Mathematician Responsibilities: Developing game engine based on APL-like language Q. Game engine was simulating ecosystem as dynamical system based on Lotka–Volterra equations Technologies: Python, Numpy, Unity, Q-lang Jul. 2019/Dec. 2019 Company: Samsung Description: Computer "
1a9277b6-a4aa-5876-8be1-b7bb2dfd7e31,Middle Front-end Developer,JavaScript,fullstack,3.0,mid_3_6,intermediate,3.0,javascript;mysql;node.js;react;typescript,5,,"I am a very passionate web developer with over 2 years of experience with React JS and a few months of working with Node JS on commercial projects. As for my hard skills, I have perfectly mastered React.js, JavaScript, TypeScript, Redux and React Hooks, Redux-Saga, and I always improve these skills. Also, I am already quite well versed in Node.js, Express.js, MySQL and apply this knowledge in practice In the near future I want to improve the Back-End and continue to develop as a Full-Stack Developer. As for my soft skills, I have worked for over 3 years as a Business Analyst. Good technical kn"
d9516049-653c-5e9f-9f18-69e652ea02d3,iOS Developer / Team Lead,iOS,backend,5.0,mid_3_6,fluent,5.0,ios;javascript,2,,Want to forget about all problems with software development on your project? Get in touch with me. - Expertise in SDLC - Huge experience in managing/mentoring big (10+ people) iOS team - Everything about iOS development (Objective-C main) - OS X development - Backend development (Javascript) - Excellent communication & problem solving skills - Experience working with Enterprise customer
f04bc6ec-383c-597a-a360-f599c4269155,C++ Developer,C++,machine_learning,1.0,junior_1_3,fluent,5.0,computer vision;machine learning;mongodb;numpy;pandas;ui/ux,6,,"1. Machine Learning Engineer | Neurotrack.tech | 8 months I had been working as Machine Learning and Computer Vision engineer. I'd developed and partially implemented a face recognition and age estimation algorithm, which will later be used to improve user experience of the ""Neuroshop"" product. 2. Data Science Intern | Artellance | 5 months Used the numpy and pandas libraries, preprocessed large amounts of data. Worked in a team with Data Analyst and Business Analyst to optimize the company's existing probabilistic algorithms. Adapted Face Detection algorithms to work with large MongoDB databa"
381a8fb9-da9b-581b-95c5-197c1f8029b6,Content writer,Technical Writing,data_analytics,3.0,mid_3_6,fluent,5.0,blockchain;qa;sql,3,,"I'm always interested in growing and learning new opportunities. I have over 3 years of experience in the position of content writer. I've provided different texts in English and Spanish on various niches like gambling, entertainment, fintech, blockchain, dating, business, academic studies, тощо. Also, I recently passed the course in QA, so I know better in detail about the product dev lifecycle. I'm a strongly committed person. Tech skills: HTML, CSS, VSCode, Jira, Asana, Trello, SEO, SQL, etc."
3696071f-862d-564d-9f94-c418f1f57837,Project Manager,Lead Generation,design_ux,0.0,junior_0_1,fluent,5.0,figma;project management,2,leadership,"Advanced knowledge of Adobe Illustrator and Figma, Good level of Photoshop and Cinema4D. I have tried some different jobs, such as: Personal assistant-translator Responsibilities: Consecutive interpretation during business meetings, Documentation translation, Assisting in personal matters to Top Management of the company, Performed general office duties and administrative tasks, Managing weekly office supply for 100 people. Achievements: Decreased office supply expenses by up to 25% through optimizing suppliers, Successfully eased inner stuff communication at 2 academic levels through leading "
1b749e97-aa4d-55e4-9768-c6c269087c89,Front-end developer,JavaScript,frontend,3.0,mid_3_6,fluent,5.0,angular;javascript;qa;react;react native,5,,"I am a Web-Developer with almost 3 years of professional experience, mainly focused on the Front End side, and have some knowledge about Back End as well. Throughout these years, I worked on several projects which are both local and global. My first company was Conjoin Solutions LLC (2020-2022). It was an outsourcing company I was Front End Developer and mainly worked with Angular/RxJS. One of my projects was from PNC Bank (USA) which is an app that serves bank users with insurance. I handled many parts of the app including complex business-related reactive forms and general business logic. We"
54837e67-3760-5c0f-be88-38ec0bf6a3d2,Ruby on Rails Developer,Ruby,fullstack,8.0,senior_6_10,fluent,5.0,angular;aws;javascript;postgresql;ruby,5,leadership,"Full-stack developer. Great experience in Rails, Ruby, Postgres, Heroku, AWS, High-load services. Profiling, optimizing rails apps with high-load. Great experience with js frameworks: mostly with Angular.js, d3.js. List of huge apps that I'm working on (or was working): http://www.gocloudlogistics.com/ (full-stack developer) http://home.a2-access.com/ (full-stack developer) https://www.canopyfa.com/ (dev lead, full-stack developer). + other small web-apps. Regular speaker on local dev conferences. Experience in developing production-ready ruby/rails applications. Experience in supporting rails"
41123501-22da-5cbb-a9eb-754ad0c1f5de,UI/UX designer,Design,mobile,4.0,mid_3_6,intermediate,3.0,figma;ui/ux,2,,"My projects received awards from: CSS Design Awards, CSS Winner, CSS Nectar, Muzli Design Inspiration 2nd place at IT Challenges (Krakow, Poland). Category: UI/UX Designer, Middle/Senior. I am creative UI/UX designer with 4+ years of practical experience in Web & Mobile design. Worked on enterprise projects, web and mobile apps, landing pages and corporate websites. Have strong knowledge of Sketch, Figma, Adobe Photoshop, Adobe Illustrator, Principle, Invision, Zeplin, Abstract, Marvel and have experience in Adobe InDesign and After Effects. Also have basic knowledge of HTML & CSS. Research, r"
a94201bf-10f4-51ad-92b7-0b5749bc791a,Product Manager / KAM / BDM,Sales,product_project,7.0,senior_6_10,fluent,5.0,data analysis;machine learning;product management;project management;qa;scrum;ui/ux,7,,"If briefly, after a short period of time I have always became one of the most productive employees in the department. My achievements: 1). 4 high margin contracts for 6 month (cold sales in EU and US), total revenue 80 000 EUR- best results of BDM at the company. 2). Business Analysis of company ""X"" and specific project offer after which the company prolonged a contract with us and bought additional product. 3). The highest margin sale ever - 91% 4). Set a record of AHT at Qatar Airways. 5). Promotion to the Partnership Development Department from a Call Center. 6). MBA graduation. 7). Captain"
582a8783-6b63-53cf-95f6-171c771535aa,DevOps engineer,DevOps,devops_cloud,5.0,mid_3_6,intermediate,3.0,aws;ci/cd;docker;gcp;git;jenkins;linux;terraform,8,,"Experience July 2016 -present Position: System administrator Responsibilities: Opening new offices (Dnipro, Kiev, Kharkov) Mounting of the server hardware Network troubleshooting Preparation of workplaces, installation of video surveillance, Wi-Fi and sound systems Deploying and configuring Ubiquiti UniFi Monitoring of the network, communication channels, and network equipment Day-and-night office and employees technical support Installation and configuration of peripheral and related equipment Process optimization (creating Windows images, creating recovery image) Research and implementation "
0b7a4676-7dbc-583c-bb97-6ce044d83934,Delivery Manager | Scrum Master,Project Manager,qa_testing,6.0,senior_6_10,fluent,5.0,agile;blockchain;project management;qa;scrum,5,,"Focused on planning, directing and maintaining continuous operations in various departments. I am experienced in running multiple projects and keeping efficient development following quality standards by applying a creative and analytical approach to operations for continuous process improvement. I'm skilled at identifying or anticipating problems and providing solutions, excelling through mentoring, training and empowering the team to excel in performance. Project Manager & QA Software Development Company - Oversaw an extensive portfolio of projects to support teams, report progress and influ"
583ee381-c494-5cb4-94d2-b9294b042123,Senior Delivery Manager (any scale),Project Manager,product_project,11.0,senior_10_plus,fluent,5.0,product management;project management,2,,"PROFILE • 7+ years of delivery management • 4+ years of program/portfolio/account management • 2+ years of product management, digital transformation SKILLS • Delivery management of any type and scale • Business development, growth management • Process management, organizational transformation, digital transformation • Technical practices setup and development • Human resources management, operational management"
88895504-27c7-5af4-beb4-82e8c05d7fed,Senior Front-End developer,JavaScript,frontend,7.0,senior_6_10,intermediate,3.0,angular;java;javascript;react,4,leadership,"over six years in enterprise development. Designed and developed UI\UX for healthcare, wealth management, investment banking. Worked as lead UI dev with command max 4 people. JavaScript, angular, react, HTML, ExtJS, Java EE Профессиональный рост."
2fad21b4-cc7f-5c62-b31a-d6098630194c,Junior DevOps Engineer,DevOps,devops_cloud,2.0,junior_1_3,intermediate,3.0,aws;ci/cd;docker;jenkins;kubernetes;terraform,6,,"DevOps larva which is morphing out of a system administrator :) Overall IT experience — 9 years. Experience as a system administrator — 5 years. DevOps experience: 4 months. Initial DevOps experience: Clouds: AWS IaC: Terraform (VPC, SG, IAM, EC2, ASG, ALB + modules) SCM: Ansible (dynamic inventory) Containers: Docker (compose) CI/CD: Jenkins (groovy) Have no Kubernetes experience yet. VoIP"
568fff9c-6847-51fa-b625-961c263e72ca,Data Analyst,Data Analyst,machine_learning,3.0,mid_3_6,fluent,5.0,data analysis;power bi;python;sql,4,,"- Oracle SQL for Data Analytics , ""QSS Analytics"" - Advanced Microsoft Excel , ""365 Data Science"" - Analyzing and Visualizing data with Power BI, ""365 Data Science"" - Data Scientist with Python , ""DataCamp"" - Intensive Data Science, "" Data Science Academy"" Currently, i 'm working in AVT Logistics as Senior Data analyst. During work period, i use numerative softwares such as Excel, Microsoft BI, SAP,Oracle SQL and Pyhton. My job responsibilities: -Reviews and analyzes transportation costs, parts procurement and delivery processes, inventory issues such as back orders, and other fulfillment metr"
9fc1487b-25f4-5931-99e9-fc548ef99c40,Junior UI/UX Designer,Design,mobile,0.5,junior_0_1,intermediate,3.0,figma;ui/ux,2,research,"During the UX/UI design course, I completed 3 projects, 2 of which I worked on independently. The process involved extensive research, competitor analysis, creating personas and user flows, reviewing numerous references, developing wireframes, UI kits, UI design, animation, and prototyping. I also adapted the designs for tablet and mobile devices and made numerous revisions to achieve outstanding results. Additionally, I created promotional cards, dashboards, tables, and parallax animations. Over a short period of time, I have completed three projects, both independently and as part of a team."
1cc35c03-0c1d-50a6-80d3-6346fabb7677,Senior Software Engineer,PHP,backend,0.0,junior_0_1,fluent,5.0,android;angular;django;java;javascript;laravel;mongodb;mysql;php;python;ruby;sql,12,,"I have 10+ years of experience in web development, mobile development application. I have done many works with PHP and Java for web application especially with different MVC framework like CakePHP, Grails, Laravel, Ruby on Rails, CodeIgniter, Zend, Symfony, Yii and different CMS like concrete5, moodle, modX. I am highly experienced in any MVC Framework even with different programming languages. I am also internationally certified on Java. I have done android game application and android home widget application in Java. I have experience with many programming language like Python especially Pyl"
c19b3751-cf65-5bd5-baa8-fc88137acecf,Junior UX/UI Designer,Design,design_ux,0.0,junior_0_1,intermediate,3.0,figma;ui/ux,2,,"2021 - 2023 Print Designer at TATYSHO UA Designing prints for mugs and clothing, design of social networks, communicating with customers, processing orders 2022 - Landing page (training project) Landing page project for a culinary master class: - UX team workshops (brainstorming) - Created LO-FI and HI-FI wireframes, prototype, UI kit, mood board, visual design 2022 - E-commerce (training project) E - commerce project for an online cosmetics store: - Briefing client, defining the target audience - Competitor and heuristic analysis - Creating Sitemap and Userflow - User testing - Creation of wi"
a683bb71-4b7e-5489-be29-5b4ff50487c6,Junior QA Engineer,QA,data_analytics,0.5,junior_0_1,intermediate,3.0,agile;data analysis;linux;qa;scrum,5,,"Manual QA tester with good knowledge of testing theory, methods and techniques and 2 month of practical experience in manual testing. Estimate the required testing time. Previous background is hands-on experience with Big Data and Data Analytics. - Knowledge of: software development life cycle, testing life cycle, bug life cycle - Knowledge of: testing principles, types of testing, black box test design techniques - Creation: test plan, checklist (smoke checklist), sanity test, test case, bug report, test report - Execution: test cases, smoke checklist, sanity test - Bug tracking: JIRA - Datab"
1226f57a-c089-5670-836c-668938704c00,Senior Software Engineer,JavaScript,fullstack,10.0,senior_10_plus,fluent,5.0,agile;angular;aws;graphql;javascript;node.js;react;typescript,8,,"As a senior software engineer, I have 8+ years of software development experience in various industires including investment, CRM(customer relationship management), eCommerce, and healthcare. Worked as a frontend engineeer/full stack engineer in various agile teams, following modern principles of software development industry, I could learn wide range of skills. In recent years, I was focusing on JavaScript technologies like React, Angular, Node.js, TypeScript, ChakraUI, GraphQL, and AWS. Keenly interested in functional programming nowadays, I'm looking forward to building a robust application"
e5716d06-3daf-5324-97b1-ee2557324c06,QA Engineer,QA,qa_testing,0.5,junior_0_1,intermediate,3.0,api;qa,2,,"Functional, Regression, Compatibility, Configuration, Localization, and GUI testing Creation of test documentation (test plans, test suites, test keys, checklists) Analyze requirements and specifications Execute tests Defect/Bug Tracking Understand client-server architecture HTTP / HTTPS / API Working with CRM systems I am seeking a job as a QA manual engineer to start my career in software testing. I am ready to learn and develop in this field, and I am confident that my skills and knowledge will be valuable to your company. Highly motivated and willing to learn new technologies. Organized wi"
44944dce-9bd9-5723-b45b-c8df733c5284,"Machine learning engineer, Computer Vision Engineer",Data Science,machine_learning,4.0,mid_3_6,fluent,5.0,computer vision;machine learning;nlp,3,,"I have great experience building consumer-focused, practical AIs. My journey in ML started with Natural Language Processing where I invested many hours. After that, I became fascinated by computer vision and deep learning and I am still growing by constant research and building personal projects. I am confident that my knowledge and experience will be an asset to your organization. Aside from personal projects such as classifiers, spam detectors, and others that helped me enhance my knowledge, my responsibilities in the professional industry have included the development of an e-commerce chatb"
f3fadbf4-ee9c-52c7-99c2-0718b15c4308,React Developer,JavaScript,frontend,2.0,junior_1_3,intermediate,3.0,javascript;react;typescript,3,,"Hi there! As a front-end developer with two years of hands-on experience in building single-page applications (SPAs) using React (JS/TS), Redux, HTML, and SCSS, as well as developing 2D browser games using the Phaser.js library, I am constantly seeking to expand my skill set and embrace new technologies. In my free time, I engage in problemsolving activities on platforms like Codewars and actively work on improving my English proficiency. I am currently looking for project work or a full-time position in a creative company where I can tackle challenging tasks alongside a collaborative team. I "
a595291c-37a8-5c67-af74-048dc3194153,Junior Full-Stack developer,JavaScript,fullstack,1.5,junior_1_3,intermediate,3.0,android;api;ios;javascript;node.js;react;react native;rest,8,,"Soft Skills: Great experience in production processes organizing. Experience in personnel management with 5-80 people Achievements: - Launched production lines for Cable products, Blister pack, Metal molds, Computer cases - Reduced staff and production time by optimizing production cycles - Introduced new product items to the market - Increased sales of HDMI cable and patch-cords by 50% I have completed team and individual projects with using JS, React, React Native, Node.js. 1. SoYummy [ Node.js, React, Redux, JS, HTML, CSS ] A recipe site with the ability to sell ingredients and create own r"
e32c2d98-3dae-525a-be31-376692f5fcd0,QA Automation Engineer,QA Automation,mobile,3.0,mid_3_6,fluent,5.0,jenkins;qa,2,,"My main accomplishments lately have been learning new technology on my own and exploring and enlarging my knowledge in software testing. I can test but mobile applications, web applications and can perform both manual and automation tests, carrying out all the essential test required. Supported the creation of innovative technology solutions. Developed high-end website solutions to a diversified client base using a variety of frameworks and technologies. Identifying automation scenarios from the set testcases/user stories identified in the cycle. Developing web automation testcases for the ide"
2f30dd9c-450a-587d-8a3c-55d6faa2083f,QA Engineer,QA,data_analytics,0.5,junior_0_1,intermediate,3.0,agile;qa;scrum;sql,4,,"Finished IT Education Academy QA Basic course with the best result in the group. EXECUTIVE SKILLS - basic knowledge of testing theory and software development life cycle (SDLC) - development and analysis requirements analysis - design QA documents: checklists, test cases, test reports - experience with bug tracking system Jira (created and tracked bug reports) - basic skills of SQL, HTML, CSS - black-box method using - knowledge of Agile method - Scrum December 2021 – February 2022 QA manager in HRForecast QA projects: LudiCloud and SmartLibrary (web applications for keeping a record of users,"
0a04b276-79b4-5f07-b6d6-b530d1c535b8,Vice President of Engineering,Lead,devops_cloud,11.0,senior_10_plus,fluent,5.0,aws;product management,2,,"- I led an organization of 150 people, including the teams in California, Ireland, Poland, and India - Delivered Cloud Web Platform, which achieved 2k. daily customer deployments and 170 billion Transaction Volume. - Switched 70 customers from on-premise to the SaaS delivery using AWS Cloud, delivering 99.99% availability I am a highly motivated, accountable, and hard-working engineering leader with over thirteen years of industry experience. I have a proven track record of leading large organizations and delivering quality software on time, within budget, and to specification. I worked for 7."
186b668c-af9c-5ee8-b954-d3f82aea363d,"CPO, product manager, product owner, business development, investment adviser",Product Manager,product_project,10.0,senior_10_plus,fluent,5.0,blockchain;product management,2,blockchain,"Products developed: number of messengers, algorithmic/robot trading (forex, stock, commodities, cryptocurrency), blockchain consensus & monetisation, cybersecurity online trading platform, crypto/ fiat gateways, online banking & e-payments, e-commerce, international telemedicine/ drugstores, etc. Chief Product Officer / Business Developer / Investment Advisor IT product management in fintech, e-commerce, crypto (gateways, exchanges), algorithmic trading // Cybersecurity, blockchain, IoT, communication & messengers // Online Telemedicine Business Development & Investment Advisory with 15+ years"
1d7fffe6-374b-525b-87e4-25797ad74d7a,UI/UX Designer,Design,design_ux,6.0,senior_6_10,intermediate,3.0,figma;ui/ux,2,,"Hi there! I've been making digital products for businesses and people. I have 6 years of work experience, experience in teaching (Web Design, Photoshop) and mentoring (I had 2 assistant designers). I work on the Human Resource Information Systems and eCommerce (for Shopify and etc.). Worked with projects: healthcare, agriculture, news portals, landing pages and more difference. — Proficiency with tools such as Figma, Photoshop, Illustrator, After Effects, Cinema 4D, Spline, Tilda, learning Webflow. — Understanding of HTML and CSS. — Expertise in visual design theories (typography, color theory"
04db6a91-d47a-5fe5-bc25-f1d95aa3127d,Trainee/Junior C/C++ developer,C++,backend,0.5,junior_0_1,intermediate,3.0,docker;linux;php,3,,"Additionally to C/C++ I got basic understanding of such technologies: shell scripting, system programming (Unix), virtualization (VirtualBox), Linux (Debian), OpenCL, SDL, HTML, CSS, PHP, web-server (MAMP), docker. Acquired skills: working in terminal, rigor programming, teamwork. C and C++ experience in educational projects. My main goal was to learn to use C (and then C++) programming language for solving different tasks. Looking for first real-world experience and further growth in Your company."
3c5ff46a-2c49-58e6-96ba-2b49852eb3e9,QA Automation Engineer,QA Automation,qa_testing,3.0,mid_3_6,fluent,5.0,api;ci/cd;java;javascript;python;qa;selenium,7,,"- Was responsible for developing Test Automation Framework which was used to successfully automate over 2500 test cases. Software Test Automation Engineer in Java with 3 years of experience performing quality assurance and ensuring high customer’s satisfaction rate: - Skilled in Java, API testing (RestAssured, Postman), UI testing (Selenium, Selenide), test design and test maintenance, CI/CD tools. - Worked as a solo test automation engineer on the project, was responsible for handling all automation tasks and defining automation approaches. - Worked in small local teams (≈10 team members) and"
0fb9f652-b775-5622-a359-631b3db48317,Front-end Developer / Full-stack Developer,JavaScript,fullstack,1.0,junior_1_3,intermediate,3.0,api;flutter;javascript;node.js;react;rest;typescript;vue,8,,"I am an experienced web developer with over 2 years of experience in frontend development and 1 year of commercial experience. I possess a solid understanding of HTML5, CSS3, SCSS (SASS), BEM, JavaScript, TypeScript, React, Redux, DevExtreme, Material UI, also well familiar with Vue.js, Node.js, Express, REST API, and OOP. I am eager to contribute my skills and continue to grow as a front-end developer in a dynamic and innovative team. In my recent project: Mainly worked with React, React-redux, DevExtreme, SCSS, JavaScript and TypeScript, but also had a little experience with Dart/Flutter. I "
8ed4e28f-8d5e-5a25-91ba-53ddf06e6746,QA Automation Engineer,QA Automation,mobile,3.0,mid_3_6,intermediate,3.0,agile;api;aws;java;qa;scrum;sql,7,remote,"Introduced automation of test process on a current project from scratch - Automated tests development using Java, TestNG, JUnit, Appium, Cucumber, RestAssured, Selenide, Allure - Writing test cases and checklists; - Test documentation creation and maintenance; - Created a project for automated testing of mobile applications using - Automated tests creation and maintenance; - Deploy and execute automated tests - AWS Device Farm experience - API Testing - SQL I expect to get a good friendly team and interesting project, tasks.Will be nice to have right scrum/agile processes in the company. Impro"
79f1b7fd-6ea8-5bb9-a85e-df9dd9fad52f,Project Manager,Project Manager,machine_learning,9.0,senior_6_10,fluent,5.0,agile;machine learning;project management,3,leadership,"- Successfully Managed E-Commerce Revamp: Led a cross-functional team in the optimization of an e-commerce platform by integrating AI-driven product recommendations and personalized user experiences. The project resulted in a remarkable 30% increase in conversion rates and a 20% reduction in bounce rates, significantly enhancing the platform's performance and user engagement. - Implemented Cutting-Edge Fraud Detection: Spearheaded the development and deployment of a machine learning-based fraud detection system for a leading financial institution. The solution effectively reduced fraud inciden"
bd502a0c-63ad-51d5-99bc-8abe1a254a51,UX/UI Designer,Design,design_ux,1.0,junior_1_3,fluent,5.0,figma;ui/ux,2,,"I have developed my own approach to the design process based on the work of the professionals I am inspired by. From scratch I created applications, websites, dashboards, E-Commerce and Saas projects, worked with real customers and in close cooperation with the developer. I learned how to interact with clients, explain my decisions, collect the necessary information and synthesize it. Learned the importance of documenting all processes performed. I can easily articulate why my design is like this, and no other, if something is not clear to the client, I will listen carefully and easily accept "
9176ff8b-bb65-5a88-a964-c39e3c2d3c3b,Junior QA Engineer,QA,qa_testing,0.5,junior_0_1,intermediate,3.0,javascript;qa,2,,"MasterDynamix,Kyiv 07.2022 - 09.2022 Cross-platform and cross-browser testing. Creation of test documentation. UI testing and verifying a bug report. Developed small projects on JavaScript."
0f547cc0-7fcf-5044-97c2-0e904605120f,Python/Django Developer,Python,backend,4.0,mid_3_6,fluent,5.0,aws;django;microservices;node.js;python;typescript,6,,"Currently, I'm working as a Backend Software Engineer at Dendi—a healthcare solutions company that offers Laboratory Information Management System (LIMS) as a service. I maintain and build new features for our Django backend, architect and orchestrate microservices that work along with the primary monolith, and integrate AWS components into our workflow to ensure smooth operation. I'm comfortable working with Python, TypeScript, NodeJS, AWS, and love working with the open-source community. No location-based compensation package, please. I expect all the engineers of a particular rank to be pai"
79c922f4-509a-5b08-a526-e1f023eb522c,Business analyst/System analyst/Product Owner,Business Analyst,data_analytics,4.0,mid_3_6,fluent,5.0,agile;product management;scrum;ui/ux,4,,"- Implementing ECM system in one of the TOP Ukrainian banks - Taking part in implementation of ERP system in one of the TOP Ukrainian banks - Multiple projects in CRM systems development and business processes automation 4+ years experience in business analysis including: - Expertise in gathering, analyzing, and specifying requirements - Experience in business, systems, and engineering process modeling - Good understanding of Agile/Scrum/Waterfall frameworks - Experience in backlog management - Assistance to tech writers - Experience in prototyping, UI/UX design."
85a5822c-5986-5be1-8ba7-a0f6476e7155,DevOps engineer,DevOps,devops_cloud,10.0,senior_10_plus,intermediate,3.0,aws;ci/cd;docker;gcp;git;go;jenkins;kubernetes;linux;mysql;sql;terraform,12,,"Implement automation for creating Kubernetes or Openshift cluster from scratch, deploy environment, run autotests, get result into Jenkins and destroy cluster. Implement CI/CD for more than 500 microsevices Implement monitoring and alerting system Configured the HA Cluster Containerisation: Docker, Kubernets, Openshift Cloud: AWS, GCP Automation tool: Ansible IaC: Terraform Scripting: Bash, Golang CI/CD: Jenkins Code Quality: Sonarqube Storage: SAN ZFS Storage, NAS Web Server: Apache, Nginx, Apache Tomcat, LTM F5, IIS OS: Solaris ,Linux(Centos,Red Hat, Gentoo,Ubuntu) Virtualisation : ProxMox, "
9b10f7a0-5a0d-5118-ad48-a9b202684709,IT-System Implementation Specialist,Business Analyst,frontend,1.5,junior_1_3,fluent,5.0,qa;ui/ux,2,,"I am a highly motivated IT professional with expertise in system implementation, technical documentation, and front-end development. Collaborating with cross-functional teams, I ensure seamless integration and functionality of IT systems. My strong analytical skills and ability to gather business requirements enable me to propose effective solutions and deliver projects on time. Collaborate with cross-functional teams to implement IT systems and solutions, ensuring seamless integration and functionality. Develop technical documentation, including system requirements, specifications, and user m"
4ca95ab4-2ed1-59c3-b6f8-4bde1d03cec5,Junior Project Manager,Project Manager,product_project,0.5,junior_0_1,fluent,5.0,agile;project management,2,,"I graduated from the IT PM courses with honors. I managed to coordinate the big translation project for a 10 specialists team and receive just minor corrections after delivery. 4+ years in Project Management Recently obtained the red certificate as IT Project Manager Experienced in managing teams of 7-10 people per project Experienced in budget and salary planning Customers business communication (Germany, Great Britain, Latvia, Czech Republic, South Korea, India) Background in short/long-term projects estimation Work using Agile methodologies Experienced in preparing different kinds of docume"
d19e3b33-ea7b-5ca0-bfb9-c8063805607e,Flutter Developer,Flutter,backend,3.0,mid_3_6,fluent,5.0,agile;api;ci/cd;flutter;git;github actions;javascript;kotlin;machine learning;mongodb;python;rest;swift;ui/ux,14,startup,"3 apps on the playstore Handova app: Available on Playstore Reserved4you: 10+ downloads on playstore, Recipe World: 100+ downloads on Playstore. Runner app: 1000+ downloads on playstore Applied to YCombinator Startup Accelerator and got to the interview stage with 100 users on the Kobe app Technologies used Flutter, Dart, MongoDb, Firebase, Machine Learning, Google Maps API, UI/UX Design, REST APIs, DDD, TDD, Swift, Kotlin, Agile Methodology, CI/CD, SQLite, JavaScript, Git, Python, C++, C#, Upwork - Mobile Developer (Freelance) Built the Handova app for a client, available on playstore and app"
c23f0dd4-fe9e-5fd6-b556-a2f051dab6db,Technical director,Unity,design_ux,11.0,senior_10_plus,fluent,5.0,.net;api;git;javascript;linux;nlp;php;project management;python;sql,10,leadership,"Team leader / tech leader / principal / tech director since 2005 for 10 companies in 32 projects. See my 3 free C++ and Assembly training courses on the ""AlexanderSemenko"" youtube channel with over 140 high quality videos Alexander Semenko, CTO/Team Leader/Architect/Senior developer of C++ projects for Windows/Linux/Mac Kyiv, Ukraine; age: 47 Expert of game development teams creation. I'm Authorized Unreal Engine Instructor. Looking for techdir / teamlead position for a team of 20+ members creating games with Unreal Engine 4/5. See my free (almost 200 videos) of Unreal Engine, C++ and Assembly"
cdb30df7-e507-5f13-aba6-618b8eebeb15,Senior iOS Developer,iOS,mobile,11.0,senior_10_plus,fluent,5.0,ios;swift,2,,"In my 12 years of professional experience, I have been deeply involved in the ever-evolving world of mobile development. Specifically, I have dedicated these years to mastering iOS development, ensuring that I stay up-to-date with its tools, methodologies, and best practices. My journey began with Objective-C, a language in which I have accumulated a full 12 years of hands-on experience. Simultaneously, as the mobile development world saw the introduction and rising prominence of Swift, I embraced this language wholeheartedly, amassing 7 years of expertise in Swift development. Throughout my c"
9d1406d6-28b4-58a4-8bd8-a5e68cfb42ae,"Program Manager, Senior Delivery / Project / Service Manager",Project Manager,product_project,11.0,senior_10_plus,fluent,5.0,product management;project management;qa;scrum,4,,"Awards received: • Annual appraisal as a Rock Star in Delivery and Engineering Management at Grid Dynamics for 2018 • Finalist in the contest ""Best CIO 2008"" in Ukraine Being a certified Service Manager, I’m an engineering professional with Big Data and highly loaded solutions. I have been working in IT for 20+ years. I'm involved in Engineering Management for 10+ years in total. Many of the teams I have developed within the last 4 years are still working for several Fortune 500 companies. I have enjoyed many positions and gained broad experience throughout my career in different areas of Soft"
5688cf34-68f0-5ded-828d-e7577022a23c,C++ Programmer,C++,machine_learning,3.0,mid_3_6,fluent,5.0,computer vision;git;linux;machine learning,4,,"3 years of C++ experience in game dev. Great experience in GPGPU (CUDA). Good understanding of Graphics programming and GPU architecture. Wrote a scientific work on memory-oriented optimization techniques in General Purpose GPU programming using CUDA. C++ developer experienced with Graphics Programming, GPU/GPGPU development (CUDA, OpenGL). Writing shaders, PBR lighting models, various rendering techniques. Great understanding of OOP, Design Patterns, Data Structures. Great understanding of Maths, Linear Algebra. Experience with ML/DL models, Computer Vision. C++ development experience under W"
876d1514-cf6e-5f87-991d-a9fddf33832f,Business analyst,Business Analyst,data_analytics,4.0,mid_3_6,intermediate,3.0,agile;javascript;ruby;scrum;sql,5,,"Three completed CRM projects For last two years on Business analyst position, I proved myself as a responsible and high-quality specialist. Three completed projects with high efficiency rate and several new projects in progress can prove my proficiency. I highly qualified in: • Collecting, Analyzing and Formalizing project requirements • Business process modeling • Project Planning, Coordinating and Controlling • Test case modeling and Test execution (functional, regression and acceptance testing) • Bug tracking • Reporting • Junior stuff training I familiar with: • JavaScript, Ruby, HTML, CSS"
f25650ce-6bf7-52d4-8e5b-a85665ab0694,QA engineer,QA,qa_testing,5.0,mid_3_6,fluent,5.0,android;ios;project management;qa;scrum;sql,6,leadership,"My achievements? I am glad I could play my role on projects I participated in on quite high level. I am glad I was able to show all my enthusiasm, perseverance, determination, passion to what I was doing on project and did not disappoint my management. I am glad to had a chance to challenge myself working as tester, analyst and project manager assistant at the same time and did my work as good as i could. However surely could do better. Taking into consideration experience at last outsource company I worked for, there were the following projects I participated in: Project 1. Parental Control m"
34896da1-dd56-5f7f-a281-c15ab379e46a,Junior Frontend developer/ Junior Full-Stack developer,JavaScript,fullstack,0.0,junior_0_1,intermediate,3.0,api;javascript;react;react native;rest,5,,"I have 2 own Pet-projects WebStudio [HTML, SASS, JS] A website of WebStudio company. Responsive design, transform effects, modal windows. Role: developer. Individual project. Filmoteka [HTML, SASS, JS, Handlebars, REST API, AJAX, Parcel] Site, which is connected to the TMDB database with the ability to navigate popular films search for a film and add it to the list. Role: developer. Command project. Phonebook [React (Hooks, Routers, Redux, Redux Toolkit)] A simple phonebook connected to Swagger backend API. You can register, log in, add, remove or filter contacts and log out. Role: developer. "
96862c7e-cc9d-58b1-9172-ac7189deac18,Senior Frontend Engineer,JavaScript,frontend,8.0,senior_6_10,fluent,5.0,javascript;laravel;mongodb;mysql;node.js;php;react,7,,"Experienced Developer with holistic view as well as a deep understanding how technology works. Have experience in architecture of frontend and backend of various systems, familiar with design patterns, business processes. Recently worked as Lead and Co-founder of a software house. 2 times CTO of small (5-15 persons) international(USA, Norway) startups. Working in various technologies, mostly: JS, Node.js, React.js, PHP, Laravel, Mysql, MongoDB Good understanding of business value over technology value. Good english and experience in multicultural environment, more than 10 years abroad. Can pla"
a80a1f65-73dc-52d1-b7d8-f9977b9ca0bf,Project Manager,Project Manager,devops_cloud,11.0,senior_10_plus,fluent,5.0,gcp;project management,2,,"• Experienced Delivery/Program Manager with more than 15 years experience in software development; • Build and leading different teams up to 70 ppl; • Deep knowledge of software development, project management, process adaptation, coaching; • Strong project management professional with a degree in computer science; • Solid experience in finance, payment, and gambling domains; • Hands-on experience in cloud-based and on-premise systems; • PMI PMP, Kanban Management, SAFe, GCP Cloud certified"
893d98ee-07ec-526b-8042-05183137e813,UI/UX Designer,Design,design_ux,1.0,junior_1_3,fluent,5.0,project management;ui/ux,2,,"After finishing UX course I was hired on real estate project as UX designer. Worked in team, my main task was to make team moving because they were stall. Preparing flows, frames, explaining valuable points in my design to clients and team. The project is currently up and running. Experienced in graphic design in general. Have experience as project manager."
e3e8f671-3430-5430-86d0-620f55a3d47d,Junior QA Engineer,QA,qa_testing,0.5,junior_0_1,intermediate,3.0,agile;api;qa;rest;scrum;sql,6,,"• Understanding of QA Methods and Process, Types and Levels of Testing • Experience in developing testing documentation: Test Case, Bug-Report, Check-List, Test Suite and Test Plan • Knowledge and understanding of Testing Theory • Understanding of Client-Server Architecture (HTTP) • Knowledge of the Types of Testing: Functional, System, Security, Regression, Usability Testing • Understanding the Software Life Cycle • Experience of using Bug Tracking System (JIRA) • Agile (Scrum, Kanban) Methodology understanding • Basic knowledge of Web Technologies (HTML/CSS, HTTP) • Knowledge Verification of"
ec36fd23-b5b9-5a10-8b82-4c388556ecd4,"Cloud Data Architect, Big Data, Machine Learning",Lead,machine_learning,7.0,senior_6_10,fluent,5.0,aws;machine learning;microservices;python;rest;sql,6,remote;startup,"Working in an Israeli machine learning startup, I build a scalable machine learning pipelines (it's a core technology of the startup) and solutions that reduced the cost of acquisition of the new customers tremendously. It played a key role in transforming the startup from loss-making to a profitable one with $6M of yearly income. I'm an AWS Certified Cloud Architect. I speak fluently English, Hebrew and Ukrainian and Russian natively. I have 7 years of experience in designing and implementing scalable Data Pipelines and architectures and bringing Machine Learning models to production. I work "
bd160dce-4fd0-5dd3-9eb4-64d27ef6e067,Java Developer,Java,frontend,5.0,mid_3_6,intermediate,3.0,ci/cd;docker;git;java;react;spring,6,,"I once studied at QWANT, I can confidently say that I learned a lot in this course. Especially how to work remotely, what points should be taken into account when communicating. And also we must not forget about the soft skills, Java Software Engineer at InterTAD - worked with integration services - experience in a generating SOAP services - developed a dynamic ETL tool - oversaw the study of the interns and juniors - responsible for all aspects of the back-end in a project Lead Java Developer at HomeCredit Bank - set up project pattern - realized reactjs plugin - realized jsp servlet to suppo"
af6f2fc5-5ac9-5f81-8449-aecf3af20630,Full stack developer,JavaScript,fullstack,6.0,senior_6_10,fluent,5.0,javascript;machine learning;mongodb;node.js;python;react;react native,7,leadership;startup,"1. Worked on a project called ""Smart Cycling"" with the Tallinn University of Technology, Estonia. I analyzed big data from social media with Python for data analyses and machine learning to improve the bicycle routes in the city of Tallinn. 2. Worked on a Taxi application similar to Uber called cabdo with React , React Native, Redux, Node.js and MongoDb. 3. Worked on a Canadian startup called Feedback which helps restaurants to save left over food. Also with React Native. 4. Currently working as a lead engineer at Genflow I've been a lead engineer at two startups. Recently, I have been working"
c8aa0046-7dd5-5b9e-9ece-ca3d74be1fbc,DevOps,DevOps,data_analytics,6.0,senior_6_10,fluent,5.0,aws;ci/cd;git;linux;mysql,5,,"I have successfully built projects and pushed to my GitHub repository I am an AWS certified cloud practitioner. I am familiar with AWS services, mySQL, DynsamoDB, CI/CD I am also proficient in navigating git/ GitHub and Linux commands."
39ba69a2-c0b0-52ca-a564-4e25658692d5,UI/UX DESIGNER,Design,mobile,3.0,mid_3_6,intermediate,3.0,figma;ui/ux,2,,"• Worked on many EU startups; • Skills in UX, UI, graphic design, 3D modeling, 2D art and design, game desings Services: — Iconography — Mobile apps — Illustrations — UX / UI prototyping — Logo, Branding Skills: — Figma — Adobe Animate CC — Adobe Photoshop CC — Adobe Illustrator CC Other skills: — ZBrush — Unity 3D I am a designer and indie game developer with 8+ years of experience in different types of projects from small startups to big projects I am looking for a job in an open-minded product team with interesting, and complex projects"
edfcbe07-2a7d-5b55-97fb-d461bd11998e,Middle Project Manager,Project Manager,devops_cloud,3.0,mid_3_6,fluent,5.0,project management;qa,2,,"- Project documentation integration to the large scale projects; - Implementation of a team-based approach in the company; - Successful cooperation with big clients; - 10+ closed projects of different scales; - Projects transferring from active development to the support stage - In a very tight deadline an adaptation of free resources (engineers) to the projects. - IT Project Manager (1.5 years) DevOps outsours/outstaff company. Responsibilities: - Participation on pre-sale stage; - Deep communication with clients: figuring out and analyzing the requirements, planning and reporting, hands-on t"
be0c486d-62dd-51e7-b8f8-d3c9740ae584,Senior Android Developer,Android,backend,6.0,senior_6_10,intermediate,3.0,android;api;graphql;php;rest,5,,"I'm a senior android developer with 6+ years of experience. In total, I have 16+ years of experience in programming and IT. I’m used to following Clean Code principles, Design Patterns(GRASP, GoF), SOLID, etc, which helps to make stable and bug-free apps. I have extensive experience with the Google Maps API, GPS, camera, integration with social networks (Facebook, Twitter, Instagram), client-server communication (REST, GraphQL, WebSocket ), In-App Purchases, etc. Also I have experience in creating simple web backend for mobile applications using Drupal CMS, Kohana PHP framework, and Firebase. "
ad1b6eaf-5d3f-5651-b223-4fa15fb737b9,Project Manager,Project Manager,product_project,2.5,junior_1_3,fluent,5.0,agile;project management;scrum,3,,"I'm proud of my VP term in AIESEC. I managed to set up and improve the processes: I separated digital marketing from offline marketing, created scripts for the sales process, established the position of customer support for young people who decided to go on internships abroad. That helped to make the biggest amount of successful internships in the history of AIESEC in Kyiv (120). Another MoS was the retention rate from the department. 9 out of 14 people decided to apply for another position in AIESEC in Kyiv after their term in the department of oGV and marketing finished. And all of them were"
f7abd0e4-36a9-5f10-ae05-1a1b3348979e,Business Analyst,Business Analyst,data_analytics,1.0,junior_1_3,intermediate,3.0,power bi;sql,2,,"* Collecting and analyzing business requirements from internal customers * Preparation of data model in SSAS * Developing dashboards in Power BI Desktop with the use of bookmarks, slicers, measures and complex DAX expressions. * Setting up RLS Data policy for different groups of users * Writing SQL scripts for data quality checks and observation of anomalies in source data * Mentoring and adaptation of junior level team members"
6c039ca4-b82f-574d-bf3b-9d55e182d956,Frontend Developer,JavaScript,frontend,3.0,mid_3_6,fluent,5.0,javascript;react;typescript,3,,"At my current place of work, myself together with the CTO built the second version of the company's e-commerce web application, using React, redux toolkit for state management, firebase for the backend, typescript, react query for queries."
0f6f0670-b364-5977-8c45-08b044b95133,Node.js developer,Node.js,backend,0.0,junior_0_1,intermediate,3.0,javascript;mongodb;node.js,3,,"I have a bachelor's degree in computer science. Participated in the international team programming Olympiad. I am looking for a position in a company that's aimed at growth and progress together with a team. I want to develop my skills as well as grow with a team. I don't have any commercial experience yet, but I am actively engaged in pet-projects using nodejs(express) and mongodb."
3ea4479d-7c12-5bd8-b522-37922c2b3ac0,Python/Django Developer,Python,fullstack,4.0,mid_3_6,intermediate,3.0,django;python;react,3,,"I am very experienced with Kafka, RabitMQ like messaging queues and distributed systems. - At DeepInfo I was part of distributed scalable data collection projects with python. - At Biges I was backend developer of B2B django based e-commerce project. - At Yazılım24 I was a full-stack web and react-native developer. I used django for the backend and react for the frontend. Even I have frontend experience, I am actively looking for backend jobs but I can handle minor frontend issues."
c8a21301-6b72-57c0-94f0-d3fa68287e04,Android Developer,Android,mobile,9.0,senior_6_10,fluent,5.0,agile;android;api;blockchain;data analysis;flutter;git;java;kotlin;rest;scrum,11,,"Tools & Technologies: • Java, Kotlin, Android SDK, Flutter, Dart, KMM • REST API, gRPC, JSON, XML, ProtoBuf, Swagger, GCM/FCM • SQLite, Realm, Room, Firebase Realtime Database • Git, SVN • JIRA, Redmine, Trello • Google API’s (Maps, Directions, Geocoding, Location Services, Places, Billing, AdMob, Youtube) • Libs and services: - Base: Arch Components, Coroutines, Coroutines Flow, RxJava - Net: Retrofit, Okhttp3, Volley, GSON, Jackson, SimpleXML, Stetho - DI: Dagger 2, Hilt - UI: Compose, Conductor, Jetpack Navigation, Mosby, Epoxy, ButterKnife - Media: Camera Api, BLE, ExoPlayer2, Twilio Video"
af43de74-ceee-5b21-bebc-8636f8f1de46,Product manager,Product Manager,product_project,3.0,mid_3_6,fluent,5.0,product management;project management,2,,"Fozzy Group Kyiv City, Ukraine Product Owner, Warehouse Logistics Development Department Mar 2021 - Present · 1 yr - Successfully launched Ukraine’s first productive AGV-robotized warehouse zone with estimated USD 600 thousand annual economy - Led a multi-functional IT team of 11 people that integrated company’s WMS with external software - Developed new business processes to integrate the robotized zone into an existing warehouse- Successfully launched Ukraine’s first productive AGV-robotized warehouse zone with estimated USD 600 thousand annual economy - Led a multi-functional IT team of 11 "
b9c22114-3405-5a5f-b414-3a7077c7fd6f,Java QA Automation Engineer,QA Automation,qa_testing,1.5,junior_1_3,intermediate,3.0,java;javascript;qa;selenium;typescript,5,,"Experience in Java: Selenium Webdriver, Selenium Grid, TestNG. (using Page Object Pattern, Page Factory Pattern) Javascript/Typescript: Cucumber, Protractor, Chai. Manual QA: Jira, Xray for Jira, Testrail, PostMan, Firebug."
9ef65f1c-3320-5b7d-a5fd-819cd56f2b74,Java Software Engineer,Java,devops_cloud,4.0,mid_3_6,fluent,5.0,agile;java;kubernetes;spring,4,,"Took part in preparing and presenting Java learning materials to students. Mentoring. 2 years of software development experience with non-stop learning and sharping knowledge. I've been working on a big project with state-of-the-art technologies in an agile-driven team. My core skills are Java (8 and 11), Spring Boot Framework and Kubernetes. I was developing new features, thorough teammates code reviews, and refactoring and modernizing old code base to meet system requirements. Day-to-day facing algorithmic and OOP system design challenges I'm still eager to learn something new and mastering "
54776a30-2878-5f45-b50f-d9b01b3612b7,Embedded / Computer vision,C++,machine_learning,4.0,mid_3_6,intermediate,3.0,ci/cd;computer vision;linux;machine learning;python,5,,"* Porting software to Linux; * High-performance implementation of Machine learning algorithms; * Firmware development for Power Control Unit on ARM-baced MCU; * OpenCV knwoledge, own implementation of high performance CV-algorithms; * Parallel computing with CUDA; * Linux bootstraping on different development boards, custom filesystems development; * Was teaching embedded linux course in NTUU KPI. Linux, OpenCV, Matlab, Verilog, English, C (plain), C++, CUDA, ARM, Quartus, IAR, Machine Learning, Linux Kernel, U-Boot, POSIX, Continuous Integration, FPGA, TeamCity, Python, Intel IPP, PCB, TCP/IP"
4328edd1-feb5-57e4-9093-daf75f94de74,Project Manager,Project Manager,design_ux,4.0,mid_3_6,fluent,5.0,agile;product management;project management;ui/ux,4,,"- Working as a Project manager with customers aboard to help implement their startups (from the earlier discovery phase, through development to the release of the project online) - Worked as a UX designer. - Worked as a Product/Project Manager on the development time tracking app and on the IoT internal project (as a Product Manager). - Helped to set up internal education project in a company: providing external events and PR activities to attract students, interaction with a lot of people in the company to synchronize programs and events. - Worked with HR dept. To set an internal career syste"
e0959e2f-dc5f-5c7f-b3a5-e84d8eb1fcc5,Backend Java Developer,Java,backend,1.0,junior_1_3,intermediate,3.0,api;java;python;spring,4,,"Worked on startup project as a backend developer on java to get experience and study something new. Finished my diploma project using java spring framework, swagger api, and other useful possibilities in java which you can see at skills tab higher. Also, I have experience working on group projects in C++, Java, and Python at university while I have studied. I am looking for a job that can provide me with new experience and knowledge, thereby developing further."
752bda6f-12d8-557b-9173-b46333436ca6,Back-End Node.js Developer,Node.js,fullstack,0.0,junior_0_1,intermediate,3.0,api;blockchain;javascript;mongodb;node.js;react;rest;sql,8,,"- 1st place on International contest ""IT-Universe 2013/2014"" in 1C:Enterprise 8 nomination. - 1st place on Ukrainian tour of Internation contest ""IT Planet 2013/2014"" in 1C:Enterprise 8 nomination. - API service Natours is a result of learning Udemy course about how to create an API using Node.js, Express, MongoDB, Mongoose and Heroku. - Chat app was developed during udemy course ""Web Developer Full Stack"" (JavaScript, React, Redux, redux-thunk, Axios, WebSocket, Loopback). - PIP (Parallel Image Processing) - Node.js mini-project to test npm package worker-farm (Node.js, JavaScript, worker-far"
b165150b-a391-5079-81a5-0d2745fc50b2,Разработчик java,Java,data_analytics,1.0,junior_1_3,intermediate,3.0,agile;git;java;mysql;rest;scrum;spring,7,,"National Technical University of Ukraine “Kyiv Polytechnic Institute”, Faculty of Physics and Mathematics. - M. S., Mathematics, June 2012 (master's degree with a honours); - Ph. D., The Fundamental Solution of the Cauchy problem for some parabolic equations with increasing coefficients, Expected 2019; JAVA [KYIV] AUTUMN 2017 (Epam) Completed project: https://github.com/Tanuhaza/TestingSystem/tree/master/testingSystem OOP, MySQL, Java Core, Maven,Tomcat, JDBC, JSP+JSTL, Log4j, IntelliJ IDEA, Git, HTML, CSS, JScript, Excel, Agile, Scrum; REST + Spring + Hibernate -> in process of learning"
0205e308-0899-5e0a-b994-629fe429f886,Junior QA,QA,mobile,0.5,junior_0_1,intermediate,3.0,agile;android;ios;qa;scrum;sql,6,,"• Understanding of SDLC; • Understanding of Scrum, Agile; • Knowledge and understanding of testing types; • Knowledge and understanding of test design technics and approaches of Software testing; • Experience in creation of testing documentation (bug reports, checklists, test cases); • Bug-tracking systems – Jira; • OS – Windows, iOS, Android; • Basic knowledge of HTML, CSS, SQL; • Knowledge of the network protocols; I expect interesting, complex and diverse tasks, to obtain an experience in QA-area and improve my skills as a QA-Engineer."
cd0cfb09-4933-51ce-a45f-fd9a432aea3a,DevOps engineer,DevOps,devops_cloud,2.0,junior_1_3,intermediate,3.0,linux;terraform,2,,"Junior Systems Engineer with a few years of experience in Network/System Administration, also with DevOps Tools -Experience working with Linux/Windows Servers, like Debian, Ubuntu, CentOS, Windows Server 2019 -Experience working with Active Directory, it's Group Policies, WSUS -Knowledge of Cloud, Networking, Systems, Scripting -A few experience working with DevOps Tools, like Ansible, Terraform -Continously learning Cloud environment & Devops tools -Good analytical skills"
724880a1-20e4-5901-9c16-c767b172176a,Manual QA Engineer,QA,qa_testing,2.5,junior_1_3,intermediate,3.0,android;api;ios;python;qa;scrum;selenium,7,,"Work experience: November 2020 - Current day (Vimmi) Trainee: July 2020 - October 2020 (Vimmi) Courses: QATestLab: January 2020 - February 2020 - 'The Fundamental of Software Testing' Stepik: October 2019 - November 2019 - 'Test automation with Selenium and Python' Project Rolle: Manual QA Engineer Responsibilities: bug reports (Redmine, Jira), test cases (Squash, Test Rail), checklists, review requirements and test documents Right now, I’m working at the product company. I’m testing Web application. It's a big project with a lot of modules that has more than 10 million downloads (Android). Sk"
12f8b3a2-53f5-55c1-a70f-c7da95cf16f1,Data Scientist,Data Science,machine_learning,3.0,mid_3_6,fluent,5.0,data analysis;machine learning;mysql;pandas;power bi;python;spring;sql,8,,1. Polygon Africa Bootcamp: Mastery Track runner-up 2. Chainlink Spring 2022 Hackathon Filecoin - Runners up. 3. Protocol Labs (Filecoin) MicroGrant. 4. 2nd place Zinid's SFC PAYGo Solar Credit Repayment Hackathon by #ZindiWeekendz. 5. 3rd Place Bitgrit's Video Popularity Prediction Challenge. 6. Data Science Nigeria 2020 Bootcamp - Runners up. Data Scientist at Crown Interactive Limited •Worked with the product team on operational tasks. •Generated business reports using PowerBI for the company clients. •Worked with the management team to create a prioritized list of needs for each business s
c5d6c872-9ea6-5f18-98f6-cf9c51d81479,Data Analyst,Data Analyst,frontend,1.5,junior_1_3,fluent,5.0,data analysis;numpy;pandas;power bi;python;sql;tableau,7,,"Extreme familiarity with -Pandas -Numpy -Excel KPIs and Visualization -Power Bi, Cognos -Front End (HTML, CSS, JQuery) _Landing Pages Hello! I’m Michael, and I’m a data analyst. I am fully experienced in the full functionality of Excel, in data cleaning, data preparations and the potential to create vast visualizations. I have written several exams graded and certified by IBM that proves I possess the necessary skills for this job, and I have A year plus experience in Data presentation. [reference to my certifications] I am proficient in SQL and Python as well as several other major database m"
b7a1f0d2-3236-5d20-9862-187a6bb94bed,Project Manager,Project Manager,product_project,2.0,junior_1_3,fluent,5.0,flask;project management;qa,3,,"Project Manager - SolidOne LLC April 2023 - July 2023 - Led implementation of a data binding platform for Chinese partners - Facilitated effective communication with a multicultural team - Gathered feedback and make iterative improvements and tailor the data binding system to better suit stakeholders needs continually. Project Manager - TrixCode LLC January 2022 - February 2023 - Successfully managed multiple complex projects in the waste disposal services industry, including websites, Customer Dashboards, Transportation Management Systems (TMS), and B2B Marketplaces - Collaborated closely wit"
5d2b7b3f-eccf-5da3-837f-7b613236e365,UX Designer,Design,design_ux,8.0,senior_6_10,intermediate,3.0,product management;ui/ux,2,leadership,"- Since 2014, as a UX specialist, I have worked on more than 40 projects. - Participated in many UX trainings, in particular, took coaching from Olga Gorenko. - Was a moderator at UX camp 2015 Bukovel. - I have experience with the product as a Product Manager. - Creation from scratch and support of the development process in which 19 people from different teams (from design to testing) participated. - Digitalization of internal processes of the company. - Real sales experience. In the past, I was the deputy director of an electronics store in a large chain of “Allo“ stores. I work at Raiffeise"
0839d242-0749-53ae-8e5c-21a5c651e22f,Automation QA Engineer,QA Automation,devops_cloud,4.0,mid_3_6,intermediate,3.0,api;azure;ci/cd;git;java;jenkins;linux;qa;rest;scrum;selenium,11,,"4+ years of professional experience in the Information Technology industry specializing in Quality Assurance, including manual and automation testing domains. Programming Languages: Java, Groovy; Automation Framework: Selenium, Selenide, REST Assured, Cucumber, Spock, Appium; Development Environments and Bug Tracking Systems: Confluence, JIRA, GitLab, Azure DevOps, TestRail; Version Control Systems: Git; CI/CD environments: Jenkins; Integrated Development Environments: IntelliJ IDEA; Software Development Methodologies: Scrum, Shift left testing, Kanban; Platforms: macOS, Windows, Linux; Respon"
414a2372-48a1-5db9-be5b-1553ec265b29,Junior/Trainee DS/ML,Data Science,machine_learning,0.0,junior_0_1,intermediate,3.0,data analysis;machine learning;numpy;pandas;python;scikit-learn;sql,7,,"Worked as a gynecologist and psychologist in IVF clinic, medicl centres, did scientific researches , wrote scientific articles in medical journals. Have high level of emotional intelligence,good erudition, skills in critical thinking and analisis.I'm not afraid to study a lot after graduating from medical university dont have commercial experiense jet but ready to study Courses and certificates: Inspiring Leadership through emotional intelligence, Coursera Critical Thinking,Prometheus Pragmatic Clinical Trials and Healthcare Delivery Evaluation,EdX introduction to data analysis ,Stepik Introdu"
d8e5d76a-5cc9-55b3-b51e-6d70f97e0526,Front-end developer,JavaScript,frontend,5.0,mid_3_6,intermediate,3.0,javascript;react,2,,"5+ years of experience in Web Development. Participated in developing a large number of features, from generating XML feeds to integrating services such as Google Calendar. Experience in working with React and related libraries like Redux, etc. I am looking for React projects. Team in which I can do interesting projects on modern technologies and improvement of my professional skills."
af2cecee-d9e5-5a48-bf9f-1df505fa71d6,Junior Project Manager,Project Manager,product_project,1.5,junior_1_3,intermediate,3.0,agile;project management;scrum,3,,"Google Project Management Certificate (Kyiv, Ukraine) Period – 6 months Course in managing projects using analytical methods and search methodology (Agile), write project documentation and develop strategic communication skills. Google Fundamentals of Digital Marketing (Kyiv, Ukraine) Period – 1 months Course of fundamentals in basic marketing knowledge for developing or building a business. Web Design Fundamentals (Kyiv, Ukraine) Period – 10 hours Course of fundamentals in basic knowledge of Web Design, incl. 5 hours of practical lessons (lectures) and 5 hours of practical training. Capstone:"
f2a0a030-138a-5b8e-a37d-2f4258b87c31,QA Team Leader,QA,qa_testing,7.0,senior_6_10,fluent,5.0,agile;api;docker;git;jenkins;linux;microservices;qa;sql,9,,"- have an experience of technical lectures to the people within the company - participation in internal mentoring program - successfully passed IC Agile certification - successfully passed ISTQB foundation level - Strong experience as a QA Engineer. (7+ years); - Experienced in mentoring QA engineers, involving newcomers to the project, leading several streams at the same time, interviewing candidates; - PO communication and reporting (weekly/release statuses) - Web testing, big data, BE applications, microservices; - Deep knowledge of client-server architecture; - Requirements Analysis; - Tes"
04847d08-78b7-5725-90bb-464fce7c1c09,Front-end developer,JavaScript,fullstack,1.0,junior_1_3,intermediate,3.0,javascript;mongodb;node.js;react,4,leadership,"In six months, I learned a new profession and have the strong knowledge to start my new career. I was a team lead in two projects. And got experience in working with githab, resolve conflicts and organization of teamwork This is not the first time I've started something from scratch and succeeded. I’m ready to go forward to get more! Hi! I have completed the Full Stack developer course at GoIT school. I have a strong knowledge of the MERN stack. Finished more than seven projects, in two of them I was a team lead. I use JavaScript, React and Next.js in my work. I can also write back end using N"
ca611b6d-940b-58a1-8486-d4bae307ab60,Backend Engineer,Node.js,backend,4.0,mid_3_6,fluent,5.0,angular;api;aws;blockchain;docker;git;go;graphql;javascript;linux;mongodb;mysql;node.js;postgresql;redis;rest;typescript;vue,18,,"Hello, I'm a Javascript & Typescript developer with 4 years of experience building and debugging software. I have a solid computer science background knowledge of networking, databases, and operating systems including Linux and its terminal. I also have sufficient experience building backend systems with gRPC, GraphQL, and REST APIs using tools like NodeJs, Express, NestJs, HapiJs, PostgreSQL, MySQL, MongoDB, and Redis. *MY EXPERIENCES* 1. Software Engineer - I was instrumental in architecting systems and making technical decisions for the team based on business needs communicated by my lead. "
af5aa4c9-2a23-5660-9fa1-229f8649efc7,Java | C++ developer,C++,mobile,5.0,mid_3_6,intermediate,3.0,android;java;javascript;sql,4,,"Winner of the POC (proof of concept) contest. Implemented virtual guide with augmented reality for Android tablets - 5+ years of software development experience - Strong C/C++, Java (SE, EE), Open GL (ES 2.0), GLSL, Animation techniques, Image processing/effects, Android SDK/NDK, Vuforia SDK, CORBA, Web (JavaScript, HTML, CSS, Struts, GWT, GXT, SmartGWT), SQL, Unit tests - self-motivated, responsible, goal-oriented, communicable and initiative team player, able to learn and work quickly and effectively"
bc99c1c8-638f-5b2a-9bdd-046b20ec9744,UI/UX Designer,Design,design_ux,2.5,junior_1_3,fluent,5.0,computer vision;ui/ux,2,leadership,"Since 2020, I've been helping businesses and individuals to attract customers and increase sales. In all that time, I was engaged in different projects ranging from creating apps from scratch to big corporate websites and e-commerce. I also have extensive knowledge of the marine industry and human resources that helps me create beautiful and user-friendly products for my clients. More information you may find in my CV as well as some recommendations on Linkedin. I wish to become a part of a strong and well-performing team with a great and cool leader for collaborative, efficient and effective "
fcca529c-d808-5698-a45c-25e15744c907,Automation QA Engineer,QA Automation,data_analytics,2.0,junior_1_3,intermediate,3.0,agile;api;ci/cd;git;java;jenkins;mysql;qa;rest;scrum;selenium;sql,12,,"Soft skills: Teamwork, critical thinking, adaptability, interpersonal skills. Hard Skills: Reporting Tools: Allure Reporting Testing Build: Maven IDE: IntelliJ Defect Management Tools: Jira Languages: Java, SQL, XML, HTML, JSON Database: MySQL, Oracle Testing Tools: Selenium WebDriver, Junit, TestNG Rest- Version Control System: GIT, GitHub Methodologies: Waterfall, Agile/Scrum/Kanban. CI/CD: Jenkins Other Tools: Postman Operating Systems: Windows I'm an engineer with 2 years of experience in the field of automation testing, using Java, Selenium, TestNG.My responsibilities included creating te"
2607f49b-faf7-54af-a2a8-10ab70767896,QA Engineer,QA,qa_testing,2.0,junior_1_3,intermediate,3.0,agile;api;docker;git;linux;postgresql;qa;scrum;sql,9,leadership,"• Changed my path of the carrier • Added features and improvements to the project • Resuscitated 3 orchids • I am a QA Engineer with 2.5 years of work experience • I worked on large worldwide projects with US customer • I'm highly interested in possibilities for professional and career growing up As a QA Engineer, I was a part of: • Creating and executing test cases. • Analyzing user stories and requirements • Estimation of QC tasks • Manual testing web/desktop application • API testing • Configure the virtual test environment • Reporting bugs • Gathering testing metrics I'm familiar with: 0. "
440cbca8-9f3b-579f-a852-cfc11fe2428c,Junior UI/UX Designer,Design,design_ux,0.0,junior_0_1,intermediate,3.0,figma;ui/ux,2,,"Successfully analyzed competitors, the user's path from search to purchase Building an effective strategy for analyzing potential customers Effectively used all the necessary products Adobe Effectively apply knowledge in animation when working in projects Languages: Ukrainian - Native speaker English - Pre-intermediate I have a degree in printing. I have excellent knowledge of adobe and microsoft packages. Now I am updating my knowledge and skills in the courses UX/UI Designer The first project is a website redesign for tattoo parlor, after analyzing competitors, the following actions were per"
c2a5de6d-cd73-5774-af97-b9c1b4e4b345,Разработчик java,Java,frontend,5.0,mid_3_6,intermediate,3.0,java;javascript;linux;mysql;postgresql;react;rest;spring;sql,9,,"Proficient programmer with relevant education in Computer Sciences. I know how develop and implement software and IT technologies. My main advantages is clear understanding business-processes within the different markets. Java (J2EE), JavaScript (JQuery, AngularJS, Karma), Vaadin, GWT; SQL (MySQL, PostgreSQL, Microsoft SQL Server, Oracle), ORM framework; Spring (Spring-MVC, Spring-Data-JPA, Spring-Data-REST, Spring-Bootstrap, Spring-Security); SOAP, JAX-RS, JAX-WS, JAX-RPC; JUnit, JMock, Mockito/PowerMock; Linux; Tomcat, GlassFish, EAS; I am look for a job in an experienced and friendly team, "
f09e7c99-2293-5424-9c36-fcb701c3dfa0,Junior Data Scientist,Data Science,machine_learning,0.5,junior_0_1,intermediate,3.0,data analysis;machine learning,2,,"uData Tech Position: trainee Data Scientist Responsibilities: data preparation, research of betting market to find profitable niches, testing of well-known models in the market rates for the optimization of coefficients and winning in general, monitoring key financial metrics. uData School Position: student Data Scientist Applied statistics and probability theory, the basics of machine learning for data analysis, work on the two projects: business and medicine. Freelance Position: Private math teacher Responsibilities: teaching different approaches to problem solving for passing the main tests"
96edab97-20ef-5a47-8a5b-74f202cd3ebd,Solutions Architect,iOS,mobile,11.0,senior_10_plus,fluent,5.0,ios;swift,2,,"*Earned a degree in Applied Mathematics* - High level expertise in Swift, SwiftUI & Combine - Full-time remote experience - Distributed team experience - Result oriented problem solver 1. A new project is always a good option to consider 2. Or a well established product to put my value in as well as to learn from 3. And last but not least should there be the opportunity to join a team of greatly talented and yet highly motivated people, I would not miss it"
895e6b0f-cfba-5a25-be98-6364f2ac6fce,Golang engineer,Golang,backend,4.0,mid_3_6,intermediate,3.0,api;aws;go;php;sql,5,,"- june 2018 – november 2019 Data base support engineer -Monitoring the current state of the system -Bug-fixing using PHP -SQL selections for business -Writing complex SQL queries for views -SQL queries optimization - december 2019 – november 2020 Back-end developer -Ticketing service development(Yii2) -API for telegram bots using Symfony, DynamoDB, PostgreSQLwithPostGIS, AWS Lambda -Telegram bots implementing fore said API using Symfony, AWS Lambda - november 2020 – november 2021 Database developer, payment system -Data schema development -Development views, functions, triggers -Database integ"
e6334006-049b-5577-8655-1485b6edccd0,DevOps/SRE Engineer,DevOps,devops_cloud,4.0,mid_3_6,intermediate,3.0,aws;azure;ci/cd;git;github actions;jenkins;kubernetes;terraform,8,,"Certificates: AWS Certified Solutions Architect – Professional Azure Administrator Associate Certified Kubernetes Administrator (CKA) Red Hat Certified Engineer (RHCE) Ansible Automation Windows Server 2016 MCSA Red Hat Certified System Administrator (RHCSA) AWS Certified Solutions Architect – Associate AWS Certified Developer – Associate Terraform Associate Configuring and Managing Kubernetes clusters(on-premises, EKS). GitOps with Argo CD. CI/CD with Jenkins, GitLab, Github Actions Creating and managing infrastructure on AWS cloud with Terraform. Monitoring with Prometheus+Grafana. Logging w"
3664abcb-1540-5d82-bb38-f819d3ccc808,WordPress developer,PHP,fullstack,3.0,mid_3_6,intermediate,3.0,php;python,2,,"Decreased database size from 9G to 350MB with saving all data. Did integration between website and app. Develop page parser on python for generating json data. Then develop a plugin for generating pages based on that data. Optimize developing process. Integrate new technologies. WordPress developer with 3+ years of development experience. Experience in custom WordPress themes and plugins development from scratch as a full stack developer. Experience with different page builders (Guttenberg, Elementor, Divi, Visual Composer). Experience in SEO optimization from a development perspective. Experi"
37363150-7e13-52bd-bb99-93e920bb2e15,Data Analyst,Data Science,data_analytics,5.0,mid_3_6,fluent,5.0,data analysis;machine learning;python,3,,"Collect business requirements, validate requirements with the involved stakeholders and against available databases Specification and design of interfaces Lead the project of geospatial (Remote Sensing) data analysis, visualize crop over productivity at country level, cluster crops into several groups based on types. Automate the total process to promote decision making. Develop and apply data science and statistical methods and experimentation to analyse the effect of pricing and sales decisions on business performance. Support OCR pipeline using Python Build predictive and machine learning m"
a2a2002e-72c1-5ce3-8faf-b625b8f9bf18,Project Manager,Project Manager,product_project,1.0,junior_1_3,fluent,5.0,agile;product management;project management;scrum,4,,"Digital Marketing Platform (2018-current)- Outlining work plans, determined resources, wrote timelines and generated initial budgets as part of project scope determination. Developing and implemented performance improvement strategies and plans to promote continuous improvement. Performing duties in accordance with applicable standards, policies and regulatory guidelines to promote safe working environment. Offering friendly and efficient service to customers, handled challenging situations with ease. Using coordination and planning skills to achieve results according to schedule. Developing t"
4dbf7480-bc5c-583d-9f95-fa395da0a557,"QA Lead, QA Manager",QA,qa_testing,5.0,mid_3_6,fluent,5.0,qa;ruby,2,,"Have more than 5 years of experience. Last 3 years I've been working as Senior QA Analyst in Houston, Texas. During that time my responsibilities included but were not limited to: - Managing remote automation QA team. - Automation scripts design with Ruby and Cucumber. - Test plans and test cases design. - Manual test cases design and execution. - Regression testing planning and execution."
13055225-89ef-5f6c-ae25-443c9228a06d,Frontend Developer,JavaScript,frontend,0.0,junior_0_1,intermediate,3.0,agile;angular;django;javascript;linux;machine learning;python;react,8,startup,"- Diploma project - the highest score was received for the defense of the thesis (100/100) - Participation in the creation of the startup ""ProstoEDU"" - Participation in IEEExtreme 15.0 - Passed workshops ""Active Citizens Camp"" - 2 publications in scientific publications - I have internal Cisco certificates (NDG Linux Unhatched, Programming Essentials in Python, Programming Essentials in C++) - participation in Game Jam from LNU My experience includes developing web applications in various programming languages such as Python, JavaScript. I use frameworks like Django, React and Angular. My expe"
6b8f91f0-eec0-5f7f-b07e-3bf140a7e84b,"Junior C#/.Net Developer, Junior Unity3D Developer",.NET,backend,0.0,junior_0_1,intermediate,3.0,.net;android;linux,3,,"•Junior Engineer for Automation and Computer technology I received a Bachelor from National University of Food Technologies (Kyiv) in 2018. I do not have work experience, but I try to get this experience! • I have experience with Windows and Linux systems. •The level of knowledge of English is intermediate. •Acquainted with SOLID, OOP, basic knowledge of C#/.NET. •The course ""Programming language C#» was passed in Microsoft Virtual Academy and I developed Weather Forecast App for Windows 10 (UWP). •I was programming industrial controller of Schneider Electric, Siemens and Mitsubishi in the uni"
70045e90-ac3f-5486-a954-add008087e7b,Junior DevOps Engineer,DevOps,devops_cloud,0.0,junior_0_1,intermediate,3.0,aws;ci/cd;docker;gcp;git;java;jenkins;linux;mysql;terraform,10,,"Worked as a software implementation engineer. Completed several DevOps courses, including EPAM During the EPAM course, I: - Created a CI/CD pipeline as graduation project. - Used services and technologies: java-maven app, Gitlab, jenkins, GCP cloud, terraform to create infrastructure in the cloud with tfstate storing in bucket. - Deployed the application as a docker container to GCP VM, automating the process using Ansible with inventory plugin. Also got practical skills in: - Installing and configuring virtual machines based on Linux (Ubuntu/RHLE). Creating users and groups. - Configuring the"
74e4cdfd-bdd2-5433-84d0-a060014e4389,Business Data Analyst M/S,Data Analyst,data_analytics,4.0,mid_3_6,fluent,5.0,blockchain;data analysis;elasticsearch;graphql;sql;ui/ux,6,,"April 2021 — currently Blockchain data analyst, researcher, developer • Web3, DeFi - market & tech research, personal projects • On-chain data extraction & analysis • FA, TA, trading & investment strategies • Smart contracts development • Blockchain development September 2020 — June 2021 Yoloco (influencer marketing analytics SaaS) Lead Data Analyst • Product R&D: Scoring models design & implementation, UI/UX features custdev, A/B tests • Advanced SQL queries, reporting automation • ETL pipelines architecture & processing in stack (ClickHouse, Elasticsearch, GraphQL, SQL) • Tailored research &"
7c19012f-0002-50ca-96b8-fe93692ada3b,UI/UX DESIGNER,Design,design_ux,4.0,mid_3_6,fluent,5.0,javascript;ui/ux,2,,"I have 4 years of work experience and have worked with Ed. Tech, fintech, health tech , websites, Sports Betting, Management systems, Government platforms. I have a good background in HTML CSS and JavaScript."
3882ffcb-1544-54f7-abae-dd49821233ca,Android Developer,Android,mobile,4.0,mid_3_6,intermediate,3.0,android;flutter,2,,Experience in commercial Android development in the last 4 years. Writing the application from the beginning to the release on Google Play. Working on the application independently and in a team. Support for applications in release. Wrote personal project on flutter framework (0.8 year)
8a1bf4fa-e714-5e07-b0b7-8d14c7779669,Product manager,Product Manager,product_project,11.0,senior_10_plus,fluent,5.0,agile;computer vision;product management;ui/ux,4,,"A passionate and value-driven product management professional with around 10+ years of experience in business development, marketing and user experience in the tech field. As a startup enthusiast with an agile mindset has implemented diverse functions serving as a link between tech people, stakeholders and C-level management. Has successfully managed tech product lifecycles from planning to growth, by leading and managing innovative cross-functional teams. Committed to continuous learning and development, look forward to interesting opportunities to manage the development & launch of new chall"
bb563ae5-8c21-5caa-ae2a-782d896811b3,Data Scientist,Data Science,machine_learning,3.0,mid_3_6,intermediate,3.0,api;computer vision;docker;elasticsearch;fastapi;linux;mongodb;mysql;numpy;pandas;postgresql;python;redis;scikit-learn;sql,15,,"I am a Data Scientist with Data Engineer skills from Belarus, currently based in Spain (Vigo). I have more than 3 years of experience in commercial projects. Systems that I have programmed: Computer Vision, Telegram Bot, Scraping, Time Series Forecasting, Recommendation System, API Services, ETL Airflow, User Management Automatization Tools. Domain expertise: e-commerce, trading, FMSG, industrial automation, iGaming. NewAgeSol, Kyiv | iGaming, trading | Data Engineer - full cycle from research to writing the service ALS / LightFM recommendation system - manager automatization tool for database"
0e922e83-b172-5239-af36-73a81f34b563,Ruby on Rails Developer,Ruby,fullstack,3.0,mid_3_6,intermediate,3.0,angular;javascript;linux;postgresql;ruby,5,,"Create several projects from scratch Backend: Ruby on Rails Front-end: HTML, HAML, CSS, SASS, Bootstrap Scripts: JavaScript, CoffeeScript, JQuery, Ajax, Angular Web server: Nginx Database: PostgreSQL Administration: Linux Deployment: Capistrano, Unicorn Background jobs: Sidekiq Full stack web developer SOLID, DRY, OOP, TDD, BDD Interested in full stack"
169ccb87-826f-5c69-a872-02bcbddd3814,Software Engineer,JavaScript,frontend,4.0,mid_3_6,fluent,5.0,.net;android;api;figma;flutter;javascript;node.js;php;python;react;react native;sql;typescript,13,,"- Deployed multiple mobile applications using Android, React Native and Flutter - Deployed several web apps using HTML, CSS, Js, React.js, PHP and Node.js - Have a solid experience in leading front-end teams. In my 4+ years work experience, I have completed various projects and tasks using a range of technologies and worked in/for different industries such as logistics, transportation, insurance, e-commerce and even hospitality. As a Lead Mobile Engineer, I led a team of other mobile developers and ensured designs were accurately translated into code. I conducted thorough security audits to en"
36efc291-80e4-57e7-a539-399184dca572,General QA engineer,QA,mobile,3.0,mid_3_6,intermediate,3.0,docker;git;java;jenkins;mongodb;postgresql;qa;sql,8,,"• Knowledge of software testing theory • Skills in writing test documentation (acceptance criteria, test cases, checklists, etc.) • Helping the support department in difficult cases • Writing and updating help documentation • Experience in testing mobile applications • Writing autotests using the Codeception framework • Working with Jira, Postman, Swagger, Git, PostgreSQL, MongoDB, JsonPath, Jenkins, Openstack, VMware vCloud, Docker • Writing TOSCA Descriptors in YAML • Writing feature files for autotests using the Cucumber framework • Have basic knowledge of Java, HTML, SQL • Understanding th"
a2345763-6cf9-5904-a2e4-69769838c37f,UX/UI Designer,Design,design_ux,2.0,junior_1_3,intermediate,3.0,figma;ui/ux,2,,"I create UX/UI designs that add value to digital products and turn users into clients. I create interfaces that prove their effectiveness by improving KPIs UX/UI designer, well versed in both research and creation of visuals parts of the design process. I consider myself to be a proficient user of such tools as Figma, Adobe Photoshop, Miro, Maze, and Proto Pie. I have experience of independent and team work. Currently, I am looking for a job where I can apply my knowledge in practice working on a product I could be proud of. I have 1.5 years of experience as a UX/UI designer. My agency deals w"
73687f70-b009-5eee-baf6-1da7ef183ab9,Middle FrontEnd / FullStack developer,JavaScript,fullstack,3.0,mid_3_6,intermediate,3.0,agile;angular;aws;docker;figma;git;javascript;linux;node.js;react;typescript,11,,"I'm a result oriented, fast learning web developer mostly experienced in Frontend (Angular, React) and familiar with Backend (Node.js, Next.js). I have more than 3 years of commercial experience in Web development. I also have higher education in computer science. Technical skills: - languages: JavaScript(Typescript); - frameworks: Angular (Angular Universal), React (Redux), Adonis JS, Next JS; - layout: HTML, CSS, Sass(SCSS), Bootstrap, Tailwind; - Templates: Figma, Scratch, Photoshop; - development tools: Webpack, Parcel, npm, yarn; - deployment: ssh, bash, docker, bitbucket-pipelines, AWS ("
0501c952-bd14-51cc-924a-de5498a1df8a,Junior QA,QA,data_analytics,0.0,junior_0_1,intermediate,3.0,qa;sql,2,,"Educational centerSkillUp, QA courses Preparatory course (HTML, CSS, SQL) Automated Software Testing by GlobalLogic 01.2019-05.2020, 01.2021-09.2022 Position: “Replays Operator” Company: StarLadder • Preparation and issuance of live replays of team streams at the command of the director, taking into account the game situation and scenario."
ecf36d4e-c5f3-5802-9fa6-8a27af4baa35,Sales Manager \ Project Manager,Sales,qa_testing,11.0,senior_10_plus,fluent,5.0,project management;qa,2,,Trusted supplier of Landmark Group (www.landmarkgroup.com) Hold quality assurance check by Ukrainian government bodies on China medical plants. Implementation of «turnkey» projects. Creating reputation as trusted partner. Full study of clients to close deal. Claim work. QA for products and services provided. Stuff management. Contact with government bodies. Custom clearance and logistics.
0db2638b-b0d4-5384-acdd-aa2a651d612a,Project Manager,Project Manager,product_project,2.0,junior_1_3,intermediate,3.0,blockchain;javascript;project management;python;typescript,5,,"I have a bunch of Web-based skills. I have worked on many blockchain and web3 projects. Mainly my projects were on Ethereum and Solana platforms. Worked with Javascript, Typescript, Python, etc. For now Im switching to project management and seeking new opportunities."
e3dfff78-937f-5ba9-a6f9-7f3b81aa9e59,Cloud/Platform Engineer,DevOps,devops_cloud,2.5,junior_1_3,fluent,5.0,aws;ci/cd;django;git;github actions;postgresql;terraform;ui/ux,8,,"I'm good at server-side scripting and infrastructure development. As a Site Reliability Engineer at mthmr, I was responsible for ensuring the reliability and performance of the company's infrastructure. One of my key projects was migrating the infrastructure from AWS to OCI (Oracle Cloud Infrastructure). This involved designing and implementing a new architecture that would be more cost-effective and scalable, while still meeting the company's performance requirements. To begin the migration, I worked closely with the development team to identify the key components of the existing infrastructu"
f55db670-14d5-5a1f-a0c1-4c7c3dcc837c,Junior Java Developer,Java,backend,1.0,junior_1_3,intermediate,3.0,java;spring,2,,"Diploma wiht honors of graduation Economic cibernetic. Diplom Ciber Bionic Systematic. Self-study of English. Implemented a management accouning system at the enterprise. Course Project : Tank; Sea battle; Black Jack; Technologies are using - Java, Spring."
f4b16b23-4385-51bf-8e76-7c25f7408d20,Data Scientist,Python,machine_learning,0.0,junior_0_1,fluent,5.0,data analysis;machine learning;numpy;pandas;python;scikit-learn;sql;tableau,8,,"I utilized a range of technologies commonly used in data science, including Python for data manipulation and analysis, libraries such as Pandas and NumPy, and machine learning frameworks like scikit-learn. I also gained experience in data visualization using tools such as Matplotlib and Tableau. Additionally, I familiarized myself with SQL for data querying and database management. I am writing to express my interest in the data scientist position at [Company Name]. As a recent graduate of the data scientist course at Main Academy, I am eager to apply my knowledge and skills in a professional "
1c0ee817-fb4a-529c-ad3a-24801a83d63f,AQA Engineer,QA Automation,qa_testing,0.0,junior_0_1,intermediate,3.0,django;linux;python;qa;selenium,5,,"2021-2022 It Step Academy QA Engineer Cisco Networking Academi Awards Certificates of completion: “NDG Linux Unhatched 2021-2” “IT Essentials: PC Hardware and Software 2021-2” “NDG Linux Essentials 2021-2” “Introduction to IoT 2021-2” “PCAP - Programming Essentials in Python 2022” ""CCNAv7 in Introduction to Networks 2023"" ""Introduction to IoT 2022"" I have experience in writing frameworks for auto testing using selenium, allure and pytest. Experience writing Django web applications. Experience in writing a mini desktop application. Experience in writing 2d games using pygame. I look forward to "
b8694639-d213-593b-89d5-5b308f24c215,Senior Android Developer,Android,mobile,5.0,mid_3_6,fluent,5.0,android;java;jenkins;machine learning,4,leadership;part_time,"Promoted to a team leader position after a year of working on the project; Interviewed more than 20 candidates for different projects; Conducting a mini-lectures on different CS-related topics (algorithms / data structures) for a team; Certificate with a distinction of ""Functional programming principles in Scala"" Coursera MOOC Experienced Android engineer with more than 5 years experience in industry, and more than 2 years experience as a Team leader of a team of 6 developers. - Profound experience with Android SDK: Activity/Task lifecycle, Fragments, Networking; Data binding; Espresso; - Expe"
c2134255-862a-502f-a46d-129893789dc4,Full Stack Web Developer,Node.js,fullstack,4.0,mid_3_6,intermediate,3.0,api;graphql;javascript;nlp;node.js;react;redis;typescript,8,,"Open-Source library for API The Open-Source project for a company that provides API for sending emails and API for SMS sending and organizing flow around this email key functionality, such as click statistics, open statistic, email personalization, email templates, and others. From the maintenance side, I fixed and closed all issues and all the time helped users to find the solve their problems. Sometimes the issues and bugs are related to different domains and scopes such as the template language level that was written on C++ and others. From the development side, I have done global refactori"
0679be1d-162d-529c-866f-63ec86667fdf,Ruby on Rails Developer,Ruby,data_analytics,1.5,junior_1_3,intermediate,3.0,git;linux;ruby;sql,4,remote,"For a year I was supporting a legacy Rails 3 webstore while working on small but useful services for the company. One of them is an automation service for context ad campaigns. Another one is a service to aid employees check relevant prices and place orders in suppliers' b2b systems. Right now I'm finishing a webstore on Spree as a freelancer. During this project I started contributing actively to open source (which I consider an achievement). 1,5 years XP Ruby/Rails 4 years XP webdev Skills: SQL, Git, TDD, Linux I'd like to work on APIs, server side or automation scripts. UX is not my strong "
72b91ce5-f373-5508-85e0-c4253d78462f,Infrastructure & Cloud Engineer,Other,devops_cloud,11.0,senior_10_plus,intermediate,3.0,azure;linux;mysql,3,,"Over the past more than 7 years, there have been quite a few migrations to virtual environments from physical hardware, from the cloud to colocation, and completely from on-prem to the cloud. It took a lot of time to prepare and set up environments. In my mind that was a higher achievement. Azure Cloud infrastructure Windows server administration Linux server administration NAS server administration Network configuration: Palo Alto, Cisco Meraki, MikroTik, EdgeCore, D-Link etc. On-prem virtualization: VMware/vSphere, Hyper-V, ProxMox. CloudFlare configuration WEB-servers ACS systems SCADA syst"
886045d3-a1f0-51b8-a526-a12bb988cabd,Wordpress Developer,PHP,frontend,4.0,mid_3_6,intermediate,3.0,figma;javascript;php,3,,"I'm Roza a Web developer a responsible type of professional who clients love to work with. I'm experienced in creating Websites for various purposes E-Commerce, Landing page, Catalog page, Business page. I have over 4 years of experience in these fields and I've worked with a wide variety of small to large projects. And here's the best part of what I can offer... I can get things done quickly, on time, and right. I can solve problems like, if: You have an Existing Site that needs a Facelift You run a business and are looking to start an eCommerce site My skills and expertise: Web development 🧲"
a1cb033a-7f47-56e1-8763-1f061da70345,Project Manager,Project Manager,design_ux,8.0,senior_6_10,fluent,5.0,api;project management;ui/ux,3,,"More than 8 years of experience in PM/PO positions. Building and managing the Product Backlog: - planning scope for next sprints; - lead pre-planning and planning activities, grooming product backlog; - writing user stories, defining business value and acceptance criteria, etc; - defining priorities of the tasks based on business goals, coordinating/prioritizing conflicting requirements. Defining UI/UX of the product like creation of mockups for application UI based on the API provided by game development teams; Working closely with 4 development teams before and during the sprints to ensure t"
a8cd06b2-45ec-53aa-b04f-9908e2060909,Python Developer,Python,backend,0.0,junior_0_1,intermediate,3.0,javascript;python,2,,"Haven't commercial experience, but have little Ed projects, also can do test projects for your company. Now using Python. Before used to Javascript, but with time understood that js isn't for me. I am very flexible in terms of learning the technologies that you need specifically"
43da3913-cf39-5a0c-9845-ae53b94de602,Project Manager | Junior IT Project Manager | Account manager,Project Manager,product_project,0.5,junior_0_1,fluent,5.0,javascript;mysql;product management;project management;python;scrum,6,,"- managed the development of the credit reporting process for the European business (with automation) - managed and participated in launching credit control process for Africa&Middle East (with reporting and tools) - participated in SAP modifications (Autobank and adjustments to reporting) - managed and participated in creating various tools for business process improvements and optimization (including tools for complex operations in SAP, VBA+Outlook+other systems) Hi, In the IT sector, I worked for 10 months as a Financial partner at Luxoft and from Oct21 til Feb24th I was attending IT course"
c9d6a6ae-3444-5d68-bb90-14724e1c3e7e,Data Scientist / Machine Learning Engineer,Data Science,machine_learning,2.0,junior_1_3,fluent,5.0,machine learning;python;sql,3,,- Company I worked for received a nomination at Ukraine Innovation Awards 2020. - Master’s diploma with honours for graduating at the top 5% of the course. - Obtaining Academic Scholarship throughout the entire span of studies at the university. Experienced software engineer with several projects in Machine Learning. Have strong mathematical background with excellent programming skills. Have experience of solving real world problems using ML and DS. Design and development of production-grade code and models. Commercial experience: - Designing and implementation of the SQL-database application 
6ac6b6bd-2105-5877-8e67-8bfac7e0ec86,Senior Java\Android Developer,Android,backend,0.0,junior_0_1,intermediate,3.0,android;git;java;linux;project management,5,leadership,"- Software development, software design, performance optimization, memleaks hunting - Project management, team leader - Experience in long term foreign business trips Java (3+ years), Android (2.5+ years), C++ (basic), C# (basic), OOP, Git, Maven, Ant, XML, XPath, Design Patterns, Multithreading, Linux, Intermediate English - Interesting projects - Possibility to improve technical and professional skills - Possibility to use more than one programming language in project (Java, C++, C#) - Interesting in Java EE project - Adequate management and top management on project - Able to move to anothe"
d0aa17ee-fc8e-5afa-85d8-b0324f3dc081,DevOps engineer,DevOps,machine_learning,11.0,senior_10_plus,fluent,5.0,api;aws;ci/cd;docker;gcp;git;github actions;jenkins;kubernetes;linux;machine learning;mysql;python;rest;terraform,15,,"DevOps Engineer with 12 years of experience in IT industry. Proficient with both private (VMware) and public cloud environments (AWS, GCP), automation(Python, Terraform, Terragrunt, Ansible) and containerization (Kubernetes, Docker). Looking for a Senior / Lead DevOps Engineer role in a driven and collaborative organization that strives to deliver, innovate and succeed. Senior DevOps Engineer - US-based tax compliance software (1 year) - Designed a complete AWS infrastructure which utilised both ""traditional"" and Data / ML specific services (IAM, Secrets Manager, S3, Route53, EKS, Lambda, API "
4e298ad7-ee55-5c61-a60a-96ac938b97ba,DevOps,DevOps,devops_cloud,9.0,senior_6_10,intermediate,3.0,aws;ci/cd;docker;gcp;git;jenkins;kubernetes;mongodb;mysql;postgresql;python;redis;terraform,13,,"Basically, I worked in tech support level 3, worked with programmers and automated everything, and then everyone started calling it the buzzword - ""DevOps"" ... - Huge experience with AWS and all main AWS resources (ECS, EC2, LightSail, beanstalk, CloudWatch, lambda, SNS, SQS, RDS and etc)(5 year+) - GCP - EKS, k8s - IaC - Ansible, Terraform, CloudFormation - Good knowledge and experience with virtualization KVM/OpenVZ/LXC, ESXi/vSphere - Docker, Docker-compose - Deploy, configuring, administrations - Jenkins/Puppet/GitLab/Kallithea/mercurial/svn and many other. - Writing CI/CD: GitLab, bitbuck"
9781a0d3-dd2b-5b8d-aef9-bf0e3a3bd541,QA Lead,Lead,qa_testing,11.0,senior_10_plus,fluent,5.0,qa;sql;ui/ux,3,,"Building high performance test team from scratch. Building distributed test team. Education and mentoring team members from trainee level up to strong middle and senior level. Process management Team management Hands on experience in people management. Building team from scratch - hiring, education, maintenance, etc. Experience in creating high performing test team. Education and adaptation of new team members, creating education system inside of the project according to CI principles. Deep understanding of business needs and cases, taking part in meetings with business owners in order to set "
e48dd18e-662f-5b25-b1b3-9d1d1390dee1,Senior QA Engineer,QA,mobile,4.0,mid_3_6,intermediate,3.0,android;ios;project management;qa,4,,"Summary: I have 4+ years of experience in testing Web, and 1 year in testing iOS, Android applications. Strong knowledge of technical specifications, SDLC, Software Testing Methodologies. I was working on projects ranging from electronic signature, file storage, e-commerce, and real estate. I helping with business analysis of new features to ensure best practice is implemented. Communicated with foreign customers to understand what they want to get. Basic understanding of project management. Expert communication, interpersonal, and analytical skills. Good teamwork ability. Opportunity for grow"
11443a4b-98dd-59ba-bb45-97dc873919b5,Full Stack Developer,PHP,fullstack,2.0,junior_1_3,intermediate,3.0,data analysis;javascript;laravel;php;react;typescript,6,,"Hello, I'm Mykhailo Popovych, Web Developer with 2 years of commercial experience, worked in a small startup and a unicorn with millions of users. Here is my previous experience: Deddicatted | Kilo.Health (client) | Apr 2022 - Jun 2023 Full Stack Developer Kilo.Health develops mobile wellness apps for mental health, sleep, diet, and fitness. Users can choose from a range of tailored solutions to improve their health and well-being. - Created new functionality for the web product and integrated analytics tools. - Implemented A/B tests to increase average revenue per user by 20%. - Provided tech"
52d18036-335f-5466-b194-854f14bd9856,Senior Manual QA Engineer,QA,data_analytics,5.0,mid_3_6,fluent,5.0,android;api;cypress;docker;git;ios;javascript;linux;mongodb;python;qa;redis;selenium;sql,14,,"- Worked as an independent self-managing testing unit, communicating directly with a customer. - Coordinated a team of AQA to build an automated testing framework into a project. - Helped to turn a little start up project into a corporation by providing system integration testing services. Programming Languages: Python, SQL, JS Tools and Frameworks: Pytest, Protractor, Jasmine, Chai, Mocha, Cypress, GIT, JIRA, Selenium WebDriver, Charles proxy, VirtualBox, Postman, Browserstack, JMeter, Microsoft SSMS, Docker portainer, Docker console, Redis, RDCM, Octopus Deploy, Kibana, MongoDB Compass, Robo"
3de50ef8-2f1a-5fe7-bf89-84b230394bcf,.NET developer,.NET,frontend,4.0,mid_3_6,intermediate,3.0,.net;azure;javascript;scrum;vue,5,,"3 success realesed very big fintech projects: - loan processing system; - financial exchanges aggregator; - telegram bot, facebook bot; 3 supported projects; - c# - 4 year exp. - asp.net mvc/webAPI - 4 year exp. - mssql,plsql - 4 year exp. - html,css, js,vuejs,jquery - 2 year exp. - azure functions/queue - 1 year exp. - ASP.NET core - 2 year exp. An open, friendly and fun environment; Working in a scrum team; High competitive salary; Career possibilities; Сomfortable schedule;"
3b5f93f5-dc99-5ca2-b08c-1fc889b6bf5a,System administrator,Sysadmin,design_ux,1.0,junior_1_3,intermediate,3.0,.net;javascript;linux;python;sql,5,,"Hi, my name is Andriy, and I'm a system administrator with a pretty diverse background. My official work experience as a System Administrator is 6 months, but before job offer I had, and still have, quite a few other projects. In my portfolio: designing and building a LAN in a refugee center (WiFi 6, RDP, port-forwarding, printer, etc.) Implementation an MDM in a company (100+ devices). Daily troubleshooting of Windows, Mac. Personal experience in installing and using many Linux distributions (Debian-based (Ubuntu, Kali), Arch, Fedora). Work experience with WordPress, HTML/CSS (4 months, gs.lv"
20d61061-e0d1-515c-b5d6-8e6b81d4d998,Project Manager,Project Manager,product_project,1.5,junior_1_3,fluent,5.0,agile;project management;scrum,3,,"Increased the revenue from company's big data projects by 40% within 1 year. The increase is ~ $35,000 / yr With A1 Team we have also launched the SMS & Viber campaigns automatization service that resulted in decrease of resource needed to launch a campaign and total increase in demand for this kind of activities by 28%. 3+ years of total experience in Project Management. 2+ years experience managing my own e-commerce website for US customers. 1,5+ years in IT Project Management. Sometimes I have combined BA & PM roles. Currently, I am preparing for passing the PSM I exam. Looking for agile-ba"
ea895472-8d61-5f12-b452-a6c6cf249d8a,Front-End Developer,JavaScript,frontend,4.0,mid_3_6,fluent,5.0,javascript;mongodb;node.js;product management;python;react;typescript,7,,"Vision-driven, hardworking, Self-motivated, and passionate Engineering graduate with 4+ year experience in developing Web Application interfaces, Technically Supporting Clients, and coaching young Web IT enthusiasts Very enthusiastic about developing and partnering with industries to build global technological solutions that factor in unique demands for security, accessibility and reusability. A seasoned expert in AutoCAD 2D/3D and Web Engineering using languages and frameworks such as React.js, Next.js, Node.js, Python, and MongoDB as well as scripting languages such as JavaScript and Typescr"
7d3e6eeb-fa54-5bb7-afb1-1633aaa39ae1,Project Manager,Project Manager,product_project,10.0,senior_10_plus,fluent,5.0,agile;project management,2,,Profile A cross-industries Project Manager / Consultant hybrid with 18+ years of experience. My passion for building businesses and delivering projects can only be matched with my learning appetite. My 9+ years of post-graduate studies (and counting) supports in pining down the concepts and certification to launch my innovation. My chemical / process engineering background provides a solid base for all things industrial and my passion for technology drives implementing disruption to all things digital. My widely diverse multi-cultural and ethnic heritage combined with my passion for travel and
faefe175-ea48-578a-8163-db872b85a542,QA Engineer,QA,qa_testing,0.0,junior_0_1,intermediate,3.0,api;qa,2,,"I have no work experience yet. But after the basic course, I have practical skills in functional, manual, exploratory, localizations, GUI, API testing. In compiling test documentation, such as Test plan, Checklist, Test cases, Test report, Bug report. There was also practice in Test Estimation of User Story and Review of requirements."
eb8c7e19-7eee-5eab-a036-3a98447e6a1d,UI/UX Designer,Design,design_ux,11.0,senior_10_plus,intermediate,3.0,figma;ui/ux,2,,"I have been working in digital design since 2012. The main specializations are UI / UX design and branding. I have extensive experience working with both small promotional projects and startups, as well as with large representatives of the fintech and e-commerce spheres. I take part in product development both at certain stages and in a complex way from analysis and positioning of the brand to designing the interface and issuing the final result to the development team. There is little experience in teaching and improving the skills of the team. My experience allows me to work with any modern "
a572033b-cedb-5538-877e-4dd33ab6a952,Flutter Developer,Flutter,mobile,0.0,junior_0_1,intermediate,3.0,flutter;javascript;python,3,,"Development of a mobile application specialized on job search and employees search using Dart, Flutter. Familiar with C, C++, JavaScript and Python. I have a bachelor's degree in software engineering at the Kyiv Polytechnic Institute (2021). Experience in developing a mobile application for job search using Flutter. Experience in developing a e-commerce website."
d79d4545-94b4-52d0-a045-143bedfa3894,Full Stack Web Developer,JavaScript,fullstack,6.0,senior_6_10,fluent,5.0,.net;javascript;node.js;react,4,,"Alex Web Alexandria , Egypt Alex Web is an Egyptian startup that provide web design, web development and mobile applications solutions. Developed 20֡ student and 25֡ teacher pages using React, Redux, Bootstrap, ASP.NET and Node.js from scratch 40k+ Video, Article Materials, Polls, Quizzes and Assignments. Built Real-time chatting system over 100֡ users can interact in live."
5da75efd-9097-544f-bca9-fe4424cc4bef,DevOps engineer,DevOps,devops_cloud,5.0,mid_3_6,intermediate,3.0,azure;ci/cd;docker;gcp;jenkins;kubernetes;linux;mongodb;postgresql;terraform,10,,"Experience DevOps Engineer HighWay CJSC Dec 2022 - Present (4 months) · Created and maintained CI/CD pipelines for code deployment using Octopus/Azure-Devops · Build and deployed Docker containers with Dockerfile and docker-compose · Managed the deployment Kubernetes clusters across Azure Cloud · Experienced in working with monitoring tools like Prometheus, Grafana, Opentelemetry · Created and maintained CI/CD pipelines for code deployment using Octopus · Provisioned Servers and deployed features using Terraform and Ansible · Build and deployed Docker containers with Dockerfile and docker-comp"
e9a904a9-71ec-516a-92bc-5c59569a1df6,Senior Software Engineer,Python,machine_learning,11.0,senior_10_plus,fluent,5.0,api;python,2,,"- I built a highly scalable and performant API that handles more than 2000 calls per second. - Dive deep into data processing pipelines for our data scientists that processed a few terrabytes of data per day to understand how they perform matrixes multiplications and optimized the process 180x by applying techniques from Andrew Ng course about deep learning. - In my spare time created an API client library for easier access to financial data of crypto exchanges that became the primary way company customers consume the data. I have over 10 years of experience in the backend, most of my experien"
8c88b73e-1512-5514-b89f-e665f94d6c45,Manual QA Engineer,QA,data_analytics,0.0,junior_0_1,intermediate,3.0,mysql;qa,2,gaming,"Basic knowledge of HTML, CSS, C++; English: intermediate level (writing and speaking skills); Finished “Software testing” course by SKILLUP. Experience in testing of WEB applications; Experience in writing QA documentation: сhecklists, test cases, bug reports; Experience in using bag-tracking systems (Jira); Experience in working with database (MySQL). GameDev offer - 100% match"
b228b9a1-6fd8-5e62-b273-ed7b9bcf9c5b,Back-End Developer,Node.js,backend,11.0,senior_10_plus,fluent,5.0,.net;android;api;aws;azure;javascript;node.js;rest;sql;typescript,10,leadership,"- Successfully built the end to end solution for an IPTV streaming app. Built the back-end on AWS. - Developed an e-pin sales web application) from scratch in just 24 days and established the business-model. Generated steadily increasing revenue, made profi t and successfully exited the business. - Developed a company-wide file/process management web application which became a total success and improved efficieny in almost all departments and cut the costs. I worked as both the project leader and the main developer. Web engineer with over 15 years of experience. - Worked as a senior backend en"
cfbd69e7-8d69-504b-946f-6c2b8b908a2b,Android Developer,Android,mobile,2.5,junior_1_3,intermediate,3.0,android;api;data analysis;git;java;rest,6,,"- Java, XML, SQLite, JSON - In-depth Android SDK knowledge - Android Studio, Gradle - Advanced sensor controls (camera, orientation, GPS, NFC, Bluetooth(BLE), etc) - RxJava, RxAndroid, Dagger2, Retrofit2, EventBus, ButterKnife, Realm - Experience with VR technologies - Complex UI layouts, custom Views, slick animations, custom styles and themes - Play store publishing (APK production build, obfuscation, publishing updates) - Crash reporting and analytics - Consuming REST API - Push notifications - In-app purchases - Live wallpapers, widgets - Material design - Git Professional growth and diffi"
426de18f-7023-5219-b771-892748811b4d,CTO/Head of Development,Lead,qa_testing,10.0,senior_10_plus,fluent,5.0,.net;angular;ci/cd;node.js;php;python;qa;react,8,,"- SBC Award 2018: nomination ""Rising star"" - AskGamblers Awards 2019: ""Best New Casino"" - EGR awards 2019: ""Best affiliate program"" - Design architecture for award winning high-load betting platform - Develop casino platform with unique gamification feature - Hire and build the team with 35+ developers from scratch - Build QA&QC process in high load project which help increase downtime from 86% to 98% - Develop and implement continuous delivery process. Optimise delivery process to decrease average feature time from 5 weeks to 12 days - Manage 130+ people team I have practical technical backgr"
10549ee7-f9ee-5a14-822b-3b6f0cf2a37e,Graphic Designer,Design,design_ux,6.0,senior_6_10,intermediate,3.0,figma;ui/ux,2,,"Flexible and quick. That is the reason why I have skills in different areas. HI! I'm graphic designer with 6+ years of experience. Currently cooperating with few companies, including “Startup Depot. Lviv Business Incubator”. I have strong skills in creating illustartions, graphic design of web and printing products, working in team with project managers and developers. Advanced skills in Figma, Adobe Creative Suite (Photoshop, Illustrator, Animate) • RESPONSIBILITIES: video/animation, branding, rebranding, illustrations, social media visual content, UI design, presentations, printed objects. •"
ecbed471-23f1-583d-9a6a-eabd119f077b,Full Stack Developer,Python,fullstack,4.0,mid_3_6,intermediate,3.0,api;django;mysql;postgresql;python;rest;sql,7,remote,"I am self-taught, an experienced Full Stack Developer with strong backend skills. I have 4 years of experience as a software developer. I take great care to write clean, readable, and scalable code. The success of the project is a goal that I strive for, I see it as a personal success. I like to contribute to the team and learn from the team. Looking mostly for a full-remote position, preferable in a product company with a quality culture. - Python (Following Zen of Python & PEP8) - SQL databases (PostgreSQL, MySQL) - RESTful API - Backend (Django Rest Framework)"
d881f1ed-b5b6-5569-bddf-023588d626a6,Azure Cloud Engineer,DevOps,devops_cloud,6.0,senior_6_10,fluent,5.0,azure;kubernetes,2,,"Ankit has six years of experience on Automation, cross functional technologies and Azure Cloud consulting. He’s eager to learn and work on new solutions. Bachelor of Technology (Computer Science)(2011–2015), APJ Abdul Kalam University (AKTU) • Ankit has been working with Microsoft technologies and products since the beginning of his career mainly with Automation, Orchestration around Azure and Active Directory. •Last years he has been focusing on Azure cloud services. One of his past responsibilities was to develop one day to production solutions using automation pipelines and blueprint for Pr"
3cc29b46-8be2-5931-ac2a-64295c81509e,Front-End Developer,JavaScript,frontend,2.0,junior_1_3,intermediate,3.0,javascript;react;ui/ux,3,,"Front-End developer Participated in the development of Leo Kings NFT project as a front-end react developer, fixed project bugs and participated in improving user experience, as well as writing unit tests. May 2022 - July 2023"
b1b33e57-147e-530f-ae01-c025ce9ea519,Project Manager,Project Manager,product_project,11.0,senior_10_plus,fluent,5.0,project management;scrum,2,part_time;remote,"Certified Scrum master. Pushed more than 20 projects. More than 15 years of experience in IT sphere. Strong background in software development life cycle of custom solutions. Experience in main project management methodologies, programming languages, frameworks, databases, operating systems, software and tools. Looking for remote part time projects. Any domain, web applications preferred."
828c0d6b-bad2-5d58-a000-21d260378eea,Sales Manager,Sales,machine_learning,5.0,mid_3_6,intermediate,3.0,nlp;project management,2,,"I find a new way how to make sales in the company. We discussed it with team, started to use it and increased our sales. Educational business (as sales manager and project manager) 4+ years. IT-Product Company “Choiceqr” (as Sales Manager B2B) 2+ years. Also I visited many trainings about sales, read many books. I am NLP Practitioner. I want to work in IT, with good product and team . 1. Good product 2. Salary 3. Good team"
1dcba295-ac9f-5f0a-9f50-0e8dca2d0ae7,DevOps,DevOps,data_analytics,3.0,mid_3_6,intermediate,3.0,aws;ci/cd;docker;elasticsearch;gcp;git;jenkins;kubernetes;linux;microservices;mongodb;postgresql;qa;redis;sql;terraform,16,,"- Implemented in the company a DevOps practice and CI/CD - Implemented a solution for fast deployment of dev environments - Introduced the practice of IaC than accelerated the solution of technical tasks WORKING EXPERIENCE PHARMACEUTICAL COMPANY (NDA) - 09/2017 - 08/2019 IT COMPANY (NDA) - 09/2019 - present Experience: - AWS (EC2, RDS, S3, VPC, CloudFront, ElasticCache, CloudWatch, IAM, SES, ElastiCache) Setuped 14 production projects - GCP (GKE, Compute Engine, Cloud SQL, IAM) Setuped 1 dev projects - Linux administration (Ubuntu, CentOS) - Terraform (IaC for environments in AWS) - Ansible pl"
574efe84-3e70-5a97-8f17-0bbf189c3cb6,QA Automation Engineer (C#),QA Automation,backend,9.0,senior_6_10,intermediate,3.0,android;api;git;jenkins;qa;scrum;selenium;sql,8,,"INDUSTRIES: Banking and finance, agriculture, information technology and services, professional services. TOOLS AND TECHNOLOGIES: C#, Selenium, NUnit, SVN, Git, Microsoft Visual Studio, SQL, TeamCity, Jenkins, Apium, Android Studio, Ranorex Studio, Swagger, Postman. RESPONSIBILITIES: • Analyzed the requirements. • Performed automated testing. • Updated and edited test frameworks. • Automated the API testing using RestSharp. • Performed testing of the mobile and desktop applications. • Reported bugs. • Communicated with the Software Developers. • Communicated with the Test Engineers and Busines"
d6239013-2b31-5c1a-a7d0-d6bb6066cc66,UI/UX Designer,Design,design_ux,1.0,junior_1_3,intermediate,3.0,figma;ui/ux,2,,"I’m a UI/UX designer based in Abuja, Nigeria. I have worked on 2 major projects. 1st project: Youfeed. This is an app that connect donors (restaurants and farmers) to NGO’s to donate food. This app is looking to drastically reduce food wastage and world hunger. 2nd project : Aria App. This app is for the visually impaired people in our society by using voice assistant through their phones with little or no help. I use Figma for the designs, invision and figjam for the case studies, protopie for the prototyping. I’m also familiar with HTML and CSS."
cf2c59c5-5b90-5827-965f-28e0a43b9e6b,Full Stack Web Developer (MEVN),JavaScript,fullstack,2.0,junior_1_3,intermediate,3.0,javascript;mongodb;node.js;vue,4,,"Work experience : Real Soft : 2021 - 2023 Currently, I am a 4th year student of TATU majoring in ""Information Security"". It's been 2 years since I entered the field of programming, during which time I learned and did personal projects and became a fullstack (MEVN) developer. My goal is to become a strong potential employee working on constantly growing and strong campaigns. I approach every job professionally and see it through to the end. I know programming languages: Frontend: Javascript, Vuejs Backend: NodeJs, ExpressJs, MongoDB"
53408303-010e-59b3-925b-176dde511736,Data Scientist,Data Science,machine_learning,0.0,junior_0_1,fluent,5.0,project management;qa;sql,3,leadership,"Oracle 11g: PL/SQL Certified Developer (Exam 1-z0-144) Passed German language exam of Vienna University Billing Swap Project within 14 month Played a lead role in Functional Requirements Specification, User Acceptance Tests and Migration stage in Roaming/Interconnect/Mediation area. Experience in implementing ERP in manufacture and Billing systems in Telecom area. Grew from Billing Engineer to a Team Lead, then moved to Partners Management Relations Expert. Leaded teams up to 7 people. Project management in the Billing area. Analyse and preparing technical requirements for projects. SQL, PL/SQ"
422a9694-b11a-5e71-ae01-b4c9eefa60ca,Data Analyst,Data Analyst,data_analytics,1.5,junior_1_3,intermediate,3.0,data analysis;python;sql,3,,"I work in a company as a analytics support manager. In this position I am involved in: - Collecting and processing data from various internal databases and sources (primarily using PowerQuery/PowerPivot) - Creating and updating operational reports based on business customer requirements (used Excel, Google Data Studio for this) - Managing reports and delivering them to the team on a weekly and monthly cadence. Now I'm learning Business Intelligence, ETL\ELT, data warehouse, python, SQL, Airflow."
255f133b-e06b-53ed-9eff-5b837024ce95,Senior Project Manager / Delivery Manager (DW/BI/BigData),Project Manager,product_project,11.0,senior_10_plus,fluent,5.0,data analysis;project management,2,,"Successful history of implementing 30+ DW/BI projects in different industries and countries. Seasoned Technical Delivery Manager with specialization in Data Warehousing and Business Intelligence. Strong technical background; 20+years in IT; 7+years in leadership; 14+years in DW/BI; 7 years in IT outsourcing; 10+years in Financial Services industry but not only. Personal hands-on experience in playing almost all BI roles such as Analyst, ETL and BI Developer, Architect, PM. Technology neutral. Wide competence in business needs in analytics and data governance. Keen in building high performance "
fa0d5782-9e07-50db-bdd4-e79b1cf388d5,Frontend Developer,JavaScript,frontend,5.0,mid_3_6,intermediate,3.0,javascript;react,2,,"I worked with magento 1 & 2 frontend part used - css / less / js / jQuery, worked for a conversion optimisation UK company used - less / js / jQuery, worked for the USA company used scss / css / js / react.js / next.js / nuxt.js, worked for different small clients and used react.js. At the moment I'm working for a small company as the frontend developer on projects in most based on typo3 CMS using - scss / js. I've been working as a frontend developer alone on a project and also worked as a part of a frontend team, I'm looking for frontend and all about it, all parts is interesting and can be "
0465ddb0-2cd0-535e-82e1-1a8e0caedef2,QA Engineer,QA,qa_testing,1.0,junior_1_3,intermediate,3.0,agile;python;qa;scrum;sql,5,,"- Software testing at Lviv IT School - Information Security. Zillya! Antivirus - Python programming fundamentals Professional skills: • 1 years experience in Software Testing • Understanding of defect lifecycle, Software Development Life cycle (SDLC); • Understanding of software development models waterfall, agile (scrum) methodology; • Experience in creating and maintaining test documentation: Test Suites, Test Cases, Coverage Matrix, Checklists, Bug-reports; • Different testing methods and types usage: - black-box, grey-box; - smoke / sanity / regression / ad-hoc / exploratory; - functional "
4b72daa2-6c6c-5e1b-a3e7-ee5a5d9c0b5a,QA Automation Engineer,QA Automation,devops_cloud,3.0,mid_3_6,intermediate,3.0,agile;api;ci/cd;cypress;docker;javascript;jenkins;microservices;qa;rest;scrum;selenium,12,,"Optimized long Selenium UI regression flows with API and Selenoid (Docker) migration. Created a small team of QA manuals to develop and support UI regression tests, resulting in over 50% manual regression coverage with autotests. Automated REST API testing using Groovy/Spock for regression and integration testing. Participated in developing a new autotest coverage strategy and implementing it in CI/CD processes after migrating to a microservice architecture. Successfully deployed a new Karate API framework from scratch, which was used in component and API end-to-end tests. Developed and suppor"
054271c7-2052-544c-af89-2cc52a72218f,Java/Kotlin Developer,Java,backend,9.0,senior_6_10,fluent,5.0,ci/cd;elasticsearch;java;jenkins;kotlin;linux;mongodb;mysql;postgresql;redis;spring;sql,12,leadership,"• 8+ years background in enterprise back-end development with Java and Kotlin; • Experience with Spring/Spring boot; • Experience with SQL and NoSQL databases (MySQL, PostgreSQL, MongoDB, Redis, Cassandra, ElasticSearch), query optimization and schema design; • Experience with CI/CD (Jenkins, TeamCity) and container orchestration tools (OpenShift, Gcloud); • Experienced Linux command line user; • Experience with ORM frameworks and libs (Hibernate, Jooq, Spring Data, Spring JDBC Template) as well as vanilla JDBC driver usage; • Experience with TDD, unit and integration testing (Junit, Mockito, "
09846cf1-fefd-510a-a6cf-ace7c5066eaf,QA Engineer,QA,mobile,2.5,junior_1_3,intermediate,3.0,agile;api;qa;scrum;sql,5,,"QA with 2.5 + years experience. Open to suggestions. - Full scale QA responsibilities; Analysis of requirements and documentation testing Creating test documentation (test-cases, test plans, use-cases, check lists) Functional, Integration, Regression, Sanity tests Reporting and tracking defects in bug tracking systems (Jira, Worksection) Experience with Agile Scrum/ Kanban methodologies Strong knowledge of SDLC/STLC Solid understanding of json, API, HTTP/HTTPS Knowledge of Postman, SQL Mobile manual testing with Charles and BrowserStack Experience in testing SEO Chrome DevTools, w3c, Screaming"
6eb79ea1-6404-541a-8cb3-b6720500ef45,Senior DevOps engineer,DevOps,devops_cloud,11.0,senior_10_plus,fluent,5.0,agile;aws;ci/cd;docker;git;java;kubernetes;linux;microservices;python;scrum;terraform,12,,"| RHCSA | CKA | CKAD | VAULT | MCSE | CCNA | VCA-DCV - CentOS/UBUNTU/ORACLE Linux/RHEL system administration and performance tuning - Analyze, resolve, compilation and deployment errors related to code development, branching, merging and building of source code along with Linux administration (installation, configuration, tuning, and upgrades of Linux). - Write scripts to automate tasks using Bash,Python - Use Ansible to manage various systems ,machines or Kubernetes (Kubespray) - Build CI/CD pipelines to automate an deliver code to k8s cluster - Built and deployed Docker containers,Pods,Deplo"
224899a8-97dd-576b-97f8-7a4852cf521e,NLP engineer / Computational Linguist,Data Science,machine_learning,0.5,junior_0_1,fluent,5.0,data analysis;machine learning;nlp;rest,4,,"I’m an English teacher transitioning into an NLP engineer role after completing an ‘NLP-beginning’ course, where I’ve gained hands-on experience with data preprocessing and information extraction, as well as a theoretical basis of supervised vs unsupervised ML, including classic NLP pipeline (data collection, labelling, preprocessing, feature engineering, topic modelling, text classification, clustering techniques, quality metrics of a model. As a final project, I have developed a simple FAQ chatbot using RASA which can help potential clients navigate through the company’s website, gives infor"
9106754b-23d4-51e4-adba-cfbcf8db8a3f,Front-end developer,JavaScript,frontend,0.5,junior_0_1,intermediate,3.0,javascript;react,2,,"Participated in the development of the CRM system for the logistics company Fairmount GF. There I dealt with React, class components and its libraries such as axios and router-dom. Participated in the development of a web application for storing medical documents (a university project). There I dealt with React, class components and router-dom. Currently working on an online store and I am responsible for responsive of the web site, animations and connecting Front-end to Back-end"
58db6b04-ff15-59c0-a705-2ca3bfda29cc,Product/Project Manager,Product Manager,product_project,4.0,mid_3_6,intermediate,3.0,product management;project management;ruby,3,,"- Managed teams up to 10 people (developers, SEO, marketing, support) - Hired and trained employees - Managing 3 projects in the same time - Experience in controlling project budget - Managing web and code review(Ruby, Ruby on Rails) Web projects, software, ecommerce, entertainment, SaaS. Product companies, startups and agencies. Experience full cycle of products / services development. Have development experience. Code review, issue tracking. I'm looking for interesting projects and product startups"
ad39da18-843e-5183-a9cb-e4564de6ee66,Business analyst/Product owner,Business Analyst,data_analytics,4.0,mid_3_6,intermediate,3.0,agile;computer vision;product management,3,leadership,* I improved the “Users Acquisition for Leads” metric by 15% by simplifying the integration of clients with our system * I increased the productivity of the development team by building Agile processes. Hi! I have work experience as a business analyst and product manager. I have the following skills: * business analysis * market analysis * product management * people management * building Agile processes I can tell you in detail in CV I want to develop as a product manager or product owner
766e71ee-f2f7-579c-8a49-c5f8e7a7cef5,"Разработчик C++ (middle), Java (junior)",C++,design_ux,3.0,mid_3_6,intermediate,3.0,api;c++;git;java;linux,5,,"3 years of experience overall: work at companies + open source project development github.com/zog-camera (video surveillance, not finished yet) C++ & CMake build system, Git VCS. Fedora Linux user. C++ tools: Qt5, Boost, ffmpeg(video). My previous job positions were mostly related to development or bugfixing of a videosurveillance solutions(w/ FFMPEG,SIP), image processing with OpenCV, GUI applications development with Qt5. Recently I've got some experience with Java SE 7, so it won't be a problem to accomplish other tasks than C++ code. desirable: work in a small team, making of desktop GUI o"
957c8853-1939-5d40-8523-b6931973d4c2,Junior QA Engineer,QA,qa_testing,0.5,junior_0_1,intermediate,3.0,java;qa;selenium;sql,4,,"Beta QA at Nova Poshta Duties: - finding issues and documenting them in the bug tracking system Jira - creating and performing positive and negative test cases in order to ensure the compliance with customer’s requirements - working with test management system TestRail. Public prosecutor's office in Vinnitsa region Department of statistics - Leading Specialist Duties: - use and testing Unified Register of Pretrial Investigation (functional testing, cross browser testing, security testing, GUI/UI testing and usability testing) - summary and statistical data generation - analysis of prosecutoria"
42db28d3-abb3-54e4-8589-79be9b176324,Full Stack Web Developer,JavaScript,fullstack,9.0,senior_6_10,intermediate,3.0,android;ci/cd;docker;javascript;laravel;linux;mongodb;mysql;node.js;php;postgresql;redis;rest;typescript;vue,15,,"I am an experienced Full-stack developer with over 9 years of experience in product and outsourcing companies. My expertise includes: Back-end development: Working with PHP (Laravel, Yii2, Slim frameworks) and occasionally Node.js (Express.js, Adonis.js). Using databases such MySQL, PostgreSQL, MongoDB, Redis. Developing JSON RESTful APIs, writing unit and feature tests. Configure and deploy apps (CI/CD, Docker/Docker Compose, Nginx, PM2). Front-end development: Working with JavaScript+TypeScript, Vue 2/3, Nuxt 3, Inertia.js. Developing SPAs and mashups with SSR support, integrating JSON APIs,"
693a1e47-3a01-5d4e-ab5b-d89be4b5b062,Solution Architect / .Net Technical Lead,Lead,backend,11.0,senior_10_plus,fluent,5.0,.net;qa,2,,"- Was responsible and finished a lot of different activities related to companies transformation Strategy & Innovations · Drive technological and solutions innovations in the company to achieve company business goals. · Recognize, evaluate, select and then manage the study of external technologies and third-party tools & solutions. Organize the transfer of obtained knowledge to the Delivery department. · Negotiate & collaborate with company Strategic Technological Partners, and Clients · Build and manage the R&D team of most talented engineers · Manage research and development (R&D) activities"
f16b8796-8b8a-5874-b62e-bee22604c6df,iOS Software Engineer,iOS,mobile,9.0,senior_6_10,fluent,5.0,ci/cd;git;ios;jenkins;swift,5,,"- Developed projects from scratch. Full cycle of development, from project creation to publishing. - CI/CD experience. (Fastlane, Jenkins, Gitlab). - Interviewer experience - Have team leading and mentoring experience - Took a part in variety of projects. Sophisticated B2B Apps, Fin-tech apps, social networks, map based weather-tracking/pilot assistant application. Languages: - Swift - Objective-C Frameworks (Native): - SwiftUI - Combine - UIKit - Foundation - Core Graphics - Core Animation - Core Data Frameworks: - Alamofire - MapBox - GoogleMaps - Socket.IO - Firebase Architecture: - The Com"
a93518fb-e903-5224-a3d9-0a8e369c0806,QA Engineer,QA,qa_testing,1.0,junior_1_3,intermediate,3.0,api;qa;scrum,3,,"Testing of web-desktop app, creating test documentation (test-cases, test plan etc.), functional testing, re-testing, regression, smoke testing, API testing (using Postman), register and verification bugs by using JIRA, participation on daily scrum meeting"
0fcfea66-2f09-5647-98e1-e0e487e7d775,Data Scientist,Data Science,machine_learning,4.0,mid_3_6,fluent,5.0,data analysis;machine learning;python,3,,KEY SKILLS AND INTERESTS Data Science · Machine Learning · Algorithms · Data Structures and Warehousing · Python(programming language) · Advanced English AT THIS MOMENT Analytics and Data Science Team Lead
067813df-a754-5599-8138-e73963f78710,JavaScript Front-End developer,JavaScript,fullstack,3.0,mid_3_6,intermediate,3.0,agile;javascript;react;typescript;ui/ux,5,,"05.2019 - 06.2020 BeeOnConde LLC Full-stack developer Developing SPA using React and Redux. Creating UI kit, library of reusable components and bunch of custom hooks. Working in an agile environment. 06.2020 - 06.2022 NWS LAB Front-end developer Developed producttours with Reactfor a new feature, improving customer adoption Mentoring to junior developers. Worked with UX/UI design teams to improve existing applications and increase conversion rates by 20%. Designed multiple dynamic and browser compatible pages using HTML5, CSS3, Javascript(React, Redux, TypeScript). Refactoring code, applying c"
a466a0a7-73fb-5d90-8c42-bf0897693f59,Senior PHP Developer,PHP,backend,6.0,senior_6_10,fluent,5.0,api;ci/cd;docker;javascript;jenkins;laravel;mysql;php;postgresql;python;react;redis,12,,"DevOps Engineer at SEOmonitor SRL - July 2022 – Present - Automated deployment flows using Capistrano, thereby ensuring seamless release management and reducing downtime during deployments from up to 4 hours to less than a second(99.99% improvement). - Containerized services using Docker and Bash Scripting, leading to a 70% reduction in the time taken for local environment setup for new developers and time to first commit of 7 days. - Designed system Infrastructure as Code using Puppet and Bash Scripting and then monitored using Zabbix and Grafana, leading to higher reliability and reproducibi"
857a3f89-1993-5333-b548-40ed3589fc59,Data analyst | Junior Data Engineer Python,Data Analyst,data_analytics,3.0,mid_3_6,intermediate,3.0,git;power bi;python;sql,4,,"I worked for Bank from 2019 to 2022 as a Lead Analyst. I have experience of creating scorecardes, econometric forecasting model, vintage analysis, stress testing, credit risk calculation and loan portfolio analysis. I have: - knowledge SQL, knowledge of data processing and normalization, working with databases; - knowledge of Python; - knowledge Git (Github); - Advanced knowledge of Excel; - visualization in Power BI. I would like to extend my expertise in analysis and I'm opened to new instruments for this goal. Analyzing is a part of my life in any situation. “The goal is to turn data into i"
bdbcfdcd-2b33-57cd-9340-13ec56b90073,Node.js developer,Node.js,frontend,3.0,mid_3_6,intermediate,3.0,api;aws;blockchain;docker;git;javascript;jenkins;linux;mongodb;mysql;node.js;python;react;redis;rest;vue,16,,"Each project in my career is a kind of achievement. - Node.js (ES5/ES6) - REST API - GRPC - WSS - Testing: Mocha, Truffle - Databases: Mongo DB, MySQL, Redis - Server: Express, Kraken, KOA, Cote - Client: React/Redux, a couple of Vue - APIs/Services: Stripe, PayPal, Facebook, Linkedin, Twitter - Git experience: GitHub, BitBucket, GitLab - DevOps experience: AWS EC2, RDS, S3, Load Balancers, couple of Jenkins and Docker, Heroku, DigitalOcean. - Python - Telegram API, Telegraf.js - Modules/packages: ajv, mongoose, sequelize, level, lodash, web3, pm/forever, agenda, JWT, passport e.t.c. - Taskboa"
4215b04b-605d-5c1c-a8c2-20464391b6d0,Senior Project Manager,Project Manager,product_project,9.0,senior_6_10,fluent,5.0,agile;project management;qa;scrum,4,,"1. Websites and applications development and continuous improvement project projects applying both incremental and iteration approaches with a geographically distributed teams, from a discovery phase through the change management to the success release and continuous improvement. 2. Development of prototypes HW/FW/SW devices, delivered on time and within strong budget. Ongoing embedded project - requirement / change / partnership / project mgnt and prototypes’ successful release. 3. Planning, design, development, production and commissioning of IoT automation system for EU alloyed steel indust"
15e8139f-c901-5a0f-a30d-d364691e1179,UI/UX designer. Product designer.,Design,mobile,6.0,senior_6_10,fluent,5.0,qa;ui/ux,2,startup,"Gambling projects with $100k per month revenue. Financial sphere - up to $180k+ per month (2017) Entertainment sphere from startup to 1000+ co-worker. Fortune 100. SaaS startup grow up from UA to local EU in service sphere. Experience in: - designing mobile user interface; - high-load systems (financial, etc.); - interactive prototype; - high load interface; - iconography, style guides, AD; - interaction design, functional design, etc. - user research/user flow/ A-B testing/mind map/CJM; - UCD or OOX; Expert level Sketch/Photoshop/etc. Self-motivated, eye for detail, hit deadlines, pixel-perfe"
9312b261-a73b-5893-bc0b-d1c315f13c99,UX/UI Designer,Design,design_ux,1.5,junior_1_3,intermediate,3.0,figma;ui/ux,2,,"UX/UI Designer Junior I am looking for a job in the field of website and application development in an outsourcing company. Skills: 1. UX research: analysis of competitors, empathy maps and personas, development of CJM and User flow; 2. Prototyping; 3. Development of layouts: working with styles, creating and using a library of components, Auto layout. 4. Creation of an interactive prototype. 5. Preparation of files for transfer to developers. I work with Figma, Photoshop, Illustrator, Zeplin, Mirro. Language: Ukrainian, English (A2+) Croatia,Rijeka(Ready to move in). I am looking for office, "
34ba2ceb-de75-5f31-9ddd-a112b26cd91e,"System administrator, DevOps",DevOps,devops_cloud,3.0,mid_3_6,fluent,5.0,agile;docker;git;jenkins;linux;python,6,gaming;leadership,"Developing and maintaining several different infrastructures for western companies, creating first line support, managing support team's work, creating local company cloud on OpenStack, acting as a PM on 2 infrastructure projects Linux system administrator, got skills in: virtualization (Xen, KVM, OpenVZ, LXC, VMWare), LAMP and LEMP, monitoring (Zabbix) Amazon and several other cloud providers, skilled in Agile Methodologies, OpenStack, Jenkins, bash, Docker, Git, SVN, Team City, Python (beginner level) Looking for a good company, that is on the edge of new technologies, and is not afraid to i"
3297758c-3fea-543b-8c5b-d3cbfab68b95,Project Manager,Project Manager,product_project,5.0,mid_3_6,fluent,5.0,agile;computer vision;project management;scrum,4,,"5+ years of experience in management; B2B & B2C sales; IT, cyber & security projects management; International partnerships building, working experience in public, private and governmental sector; experience of managing more then 5,000,000 USD portfolio, public speaking on various conferences, managing tech and non-technical teams, ability to absorb new things easily. Ready for challenges! Fluent in English Skills Project Management, Agile, Scrum, SDLC, People & Operations Management, Communication,, Jira, Good planning and organisation skills, English, Talents hunting , Budgeting, Fundraising"
86b9fd5e-d0e0-5d7f-a0c0-8b0cea97959b,Senior Back-end Developer,PHP,frontend,8.0,senior_6_10,intermediate,3.0,angular;azure;kubernetes;microservices;php,5,remote,"- successfully developed from scratch frontend admin portal on angular 8 with backend on Microsoft Azure for American AT&T - successfully developed from scratch social network with uses the most popular back-end technologies such as Symfony 4.3, Kubernetes, RabbitMQ, ELK etc. I have experience with different back-end technologies which pointed in profile. Also worked in many spheres (e-commerce, FinTech, advertising, transport tracking) and understand specific of each: technologies and approaches in the following domains Successfully developed 2 different project from scratch.Each project has "
dfb083de-c604-5596-8a46-a5cfeeb5dfea,Product manager,Product Manager,mobile,2.0,junior_1_3,fluent,5.0,agile;product management;scrum;ui/ux,4,research;startup,"1.Launched Jobs Board website 2.GTM for a major financial technology startup and improved brand awareness by 30% 3.Delivered a MVP for an agrictech startup 4.Delivered 3 iterations of an ERP mobile app. 5.Led product research and design for a user-facing product, and designed an effective and efficient data storage solution. I am a product manager with 2+ years of experience. I have a passion for solving customer, business, and product problems by leveraging technology. Uses design thinking, and Agile Scrum methodologies to build B2B and B2C products that provide great User Experience (UX), en"
bb3c5505-5778-5c2c-9a46-8bf9e7e4e42c,Senior Data Scientist,Data Science,machine_learning,10.0,senior_10_plus,fluent,5.0,aws;numpy;pandas;python;scikit-learn;sql;tensorflow,7,,"Sr. Data scientist Founder at Podiya Main experience: data science, keras, tensorflow, python, numpy, scikit-learn, pandas, cnn, rnn, neural networks, aws, spark, pyspark, airflow, hadoop/hdfs, SQL. Experience in different domains, digital marketing, fintech."
9fe0583d-defd-5205-9110-86bfa49e0a49,Senior Systems Engineer (DevOps),DevOps,devops_cloud,8.0,senior_6_10,fluent,5.0,aws;ci/cd;docker;gcp;git;jenkins;kubernetes;linux;mysql;postgresql;python;ruby;scrum;terraform,14,,"I've been successfully part of an engineers team that built several infrastructures (IaaS, PaaS) for some of the largest companies in the world. This also implies helping with deployments automation, CI/CD systems setup, monitoring configuration and providing continuous support. I have large experience working as a systems engineer supporting and developing large AWS and OpenStack-based infrastructures. The list of some technologies I'm skilled with: Linux: CentOS, Debian, Ubuntu Server, Container Linux Cloud Computing: AWS, OpenStack, GCP Containers and Orchestration: Docker, Kubernetes, Open"
5518a39f-482e-52ff-a4d9-5aa91b1c2508,Project Manager,Project Manager,qa_testing,2.5,junior_1_3,fluent,5.0,project management;qa,2,,"Within 6 months at both places of work growing to managing a team of people , working with clients at the biggest website builder WIX with 180 millions active users, working with Jira and QA tools and a lot of other cool stuff Started in sales department of the IT company GBM Solutions, grown to a senior position, leading a team of 6 people, representing the company in the marketplace and developing relationships with key accounts, analyzing statistical information and drawing conclusions from it, developing and implementing staff training programs, resolving customer complaints, floor managem"
9c0168b0-0ef4-5f25-ba8f-0d5364a13440,Software / Game Developer,Unity,design_ux,3.0,mid_3_6,intermediate,3.0,.net;git;ios;java;linux;mysql;php,7,,- Developed and implemented enterprise-wide networks with approximately 260 workstations using Cisco technology - Implemented and managed servers using Linux Ubuntu Server for DHCP/DNS - Implemented and managed “Zimbra” for corporate mail system - Developed custom programs and websites needed in work and educational processes - Developed training programs in computer basics and effective software utilization - Provided computer science education to staff and students Has an experience in non-commercial software development and websites. In the process of working and study developed: - Small an
a1f49948-546d-5739-9012-261ae0e38164,Junior Full-Stack developer,JavaScript,fullstack,1.0,junior_1_3,intermediate,3.0,figma;git;javascript;react,4,,"Completed three educational projects. Two team works. 1. Creating a responsive and adaptive design. The site works on different devices and screens, including computers, tablets and mobile devices. 2. Optimizing download speed. 3. Creating an accessible website. The site is accessible to people with disabilities. 4. Use of modern technologies and frameworks: HTML, Sass Javascript, React, Parcel, linking libraries (Axios, Firebase, Lodash.throttle, Modern-normalize, Notiflix, Swiper, Parcel / transformer-sass, Buffer, Imagemin). Used the following Git Hub programs, VS Code, Figma. 5. Effective "
f9f79684-7eab-5587-887b-6f5cd661bccb,Software Engineer,Android,backend,7.0,senior_6_10,fluent,5.0,.net;agile;android;ci/cd;ios;java;javascript;microservices;rest;scrum;sql,11,,"Dear Recruitment Manager, This letter is to express my discussing my profile for the Engineering Manager position at your company. I hope that my strong technical and soft skills acquired through work experience, education and academic research will make me a very competent member. 5+ years’ professional experience of enterprise software development in production using .NET, mobile programming, and technologies like MVC, Java at Android, Objective C at iOS programming, SQL make me a comprehensive Software Engineer, as they are must haves for position. I have several years’ development experien"
c4a3cbcc-1da5-5b09-a588-0e98a60a5372,Senior Manual QA Engineer,QA,data_analytics,6.0,senior_6_10,intermediate,3.0,linux;mysql;qa,3,,"MySQL, Linux More than 6 years of the experience as a QA engineer in Web-based, Desktop-based and embedded projects: - Setting up and improving of QA processes; - Estimating, prioritizing, planning, and coordinating of testing activities; - Analyzing and clarifying of requirements; - Improvements generating; - Almost all kinds of testing; - Creating and reviewing of test and project documents; - Analyzing of defects using logs and DB. Professional growth, friendly collective"
7979bbf9-08be-5a3b-a7ac-3010f47010ca,UI/UX Designer,Design,design_ux,1.0,junior_1_3,fluent,5.0,figma;ui/ux,2,,"I leverage my skills in Figma, Adobe Illustrator, Sketching, and Procreate to create wireframes, prototypes, and high-fidelity designs that meet clients needs and enhance user experience. As an advertising designer, I leverage my skills in Adobe Illustrator, and Coreldraw to create visually appealing graphics, ads, and promotional materials that meet clients needs and increase brand awareness and sales."
cbb584e3-43c7-5015-a333-342ee3aaac71,Front - end Developer,JavaScript,frontend,1.0,junior_1_3,intermediate,3.0,javascript;react;typescript,3,,"Front-end Developer with 2 years of practical experience (freelance, commercial). I have 1 year of commercial experience in international companies - implementation of complex web apps and internal frameworks, specializing in SPA development utilizing React ecosystem. I have experience with React, Redux, Next.js, TypeScript. Also I have experience with some unit-testing frameworks: Jest, Enzyme, react-testing-library. Here are some of the projects I've worked on: 1. Infotelligent - Participation in 2 projects with a different technology stack using React, Redux, TypeScript, etc; - Support for "
04a3aa84-62c0-51d1-a6f5-788187e90dbc,Software Engineer,Python,fullstack,2.0,junior_1_3,fluent,5.0,javascript;machine learning;python;react;react native;sql;typescript;vue,8,,"Most of my experience is related to Data Science especially in Human-Computer Interaction and Applied Machine Learning, which means I have worked with Python and data science related libraries most of my time during college and after graduation. But my recent experience consists of working at a fast-paced startup where I worked as a Fullstack software engineer, mostly with JavaScript, TypeScript, React, and SQL. Other than that, in my own time, I am also learning React Native and hope to get into Vue.js as well. Clear expectations, transparent communication, no ego, learning opportunities, fri"
1adaf0b9-f471-5c1f-92a5-386eabdcdf6d,Junior Data Scientist,Data Science,machine_learning,0.5,junior_0_1,fluent,5.0,api;data analysis;flask;machine learning;rest,5,,"Successfully finished 14 weeks of Data Science program by Data Root University. Got In-depth knowledge of various Machine Learning technics, supervised/unsupervised learning and RESTful API development on Flask. Highly experienced scientist with a strong background in analytical chemistry and scientific research. Looking for new opportunities in the field of Data Science. Particularly motivated towards Machine Learning, Data Analysis and Prediction."
ce3efb7c-0ba1-56ce-a955-93bfbc491570,Technical writer,Other,product_project,2.0,junior_1_3,fluent,5.0,data analysis;python;sql;tableau,4,,"I’m currently looking for a job in which I’d be able to combine my passion for knowledge and research, writing, and expressing difficult concepts succinctly. My responsibilities have so far included: - Researching, interpreting, and presenting complex data and information - Assisting colleagues in navigating outdated and complex documentation - Creating and describing new data tracking requirements in a systematic and concise fashion - Monitoring data quality - Managing communications between analysts, product managers, and developers Additionally, I have ample experience with the following: -"
8579a787-976b-54a0-861c-871dbb34676f,UX/UI Designer,Design,data_analytics,3.0,mid_3_6,fluent,5.0,android;data analysis;ios;product management;ui/ux,5,,"Company: Restaurant Company Europe Role: UX/UI Designer Duration: October 2021- now Description: Working closely with the Product Owner, Business Analyst, Devs, and Marketing. - Designing the product interface with Design thinking approach; - Forming and creating design strategy; - Defining problem statement, analyzing business goals and its processes and needs of users; - Maintaining a balance between interface visuals and functionality; - Creating User Flows, Value Proposition Canvas, Sitemaps, Personas and CJM etc; - Communicate with users all the time to validate ideas and come up with the"
52aa546d-4906-593d-beba-e1ca0cd47f21,Junior QA Engineer,QA,qa_testing,0.0,junior_0_1,intermediate,3.0,agile;android;api;git;java;mysql;qa;rest;scrum,9,,"As a Junior QA Engineer, I have already trained in such skills and technologies as creating test documentation (Test Cases, Use Cases, Check Lists, Bug Reports), and performing different types of testing. I have basic knowledge of testing, SDLC & STLC, and test management. I have experience in: - Manual testing of web project; - Analysis of technical documentation; - Creation of QA documentation: checklists, test cases, bug reports, RTM; - Performing regression testing; - Understanding of HTML, CSS, HTTP, REST; - Understanding of Agile (Scrum, Kanban) methodology; - Experience in working with "
b3293c15-9bac-509e-9aca-43f225a68a33,QA Automation Engineer Python,QA Automation,devops_cloud,5.0,mid_3_6,intermediate,3.0,api;git;python;qa,4,,"- 5+ years experience in Software Testing - 1+ year AQA Team Lead - WEB applications, API and hardware testing - Functional, smoke , regression, integration, e2e testing - Writing test cases, bug reports, test plans, test summary report (Zephyr, TestRail) - Testing software devices - Bug-tracking system Jira - Version control systems: CodeCommit, Bitbucket, GitHub - Automation testing (Python, Groovy) - Donains: Healthcare, IoT Cloud Platform, Hardware, Email Security Web Application"
3e3ab7d3-e498-57e2-be7a-36174199e687,Python/Django Developer,Python,backend,4.0,mid_3_6,intermediate,3.0,api;django;javascript;python;rest,5,,Backend Developer (Python/Django) Current Company From: 2021/01 As a software engineer I was responsible for: 1) Build REST API with Django REST Framework. 2) Write API documentation (Swagger) 3) Create a database architecture. 4) Write integration and unit tests (use pytest or unitests) 5) Third-party API integration (like stripe) 6) Research new libraries and make stand projects for memory usage improve and bottleneck exploring. 7) Manage the several projects as a backend developer. 8) Communication within team. Explain tasks and coordinate work according to backend specifics. Technologies: 
3a1141d7-9a0e-5242-a91b-63c56c47baae,QA Engineer,QA,mobile,1.0,junior_1_3,intermediate,3.0,android;ios;qa,3,,01.2021-present Freelancer (Test.io) Junior QA Engineer (web-app testing; mobile native apps testing (iOS & Android); maintenance of all test documentation.) I want to raise the level of involvement in the project and work in an international team.
3bde1f4f-2b72-52d5-a09d-ec3bc46f25fa,Node.js developer,Node.js,backend,0.0,junior_0_1,intermediate,3.0,api;javascript;node.js;rest,4,,"I Can solve any problem if I want to. I like to learn so I finished a lot of courses. Hey! I'm a beginner Node.js developer, now looking for new opportunities to grow up. I have experience with building simple REST API and have no commercial experience with Node.js at all. I would like to have a Skilled friendly team ready to share an experience. I would love to be able to work remotely to travel and make commits from different places. And of course, I am open to studying new technologies that are needed."
78a8e02e-7c49-55ae-af6d-2dc2d1194780,Junior QA Engineer,QA,data_analytics,0.0,junior_0_1,fluent,5.0,data analysis;qa;sql,3,,"• I speak 4 languages: Ukrainian - native speaker, Russian - native speaker, English - fluent, German - Intermediate. • While studying at the university, I have written plenty of scientific articles so I can work with Big Data and Data analysis. • I have solved a problem with bank records in my current job because of attention to details. • I have created new methods of data controlling in my current job. • I have teoretical experience and basic practice in Jira, SQL, HTML, CSS. I was always into digital technologies because this is our future. I worked in a small online family business and no"
af94cc6c-2fad-56b1-8611-e7cbee7f0a41,Product manager,Project Manager,product_project,2.5,junior_1_3,fluent,5.0,product management;project management,2,,IT Consultant - Thelp Project was created for you in 2020 to provide all kinds of IT services. Key Responsibilities · Building and adjusting WordPress websites · Fulfilling customer requirements · Manage IT initiatives and collaborate with in-house technical staff Project Coordinator - Media Production Company Key Responsibilities · Focused o n project monitoring and management by developing forecasts. · Respond to customer inquiries · Monitor Project Progress and Set Deadlines · Develop goals and report progress. Project Manager - Game Development and Publishing Company Key Responsibilities •
bf22cb9b-05ac-514d-8d93-4011e0fe9edd,"web designer, tilda expert, UI/UX designer",Design,design_ux,2.0,junior_1_3,fluent,5.0,figma;ui/ux,2,,"My site was included in the selection of the best sites on Tilda #madeontilda I do web-design, landing page from start to finish. Work in Figma. (+adaptive, prototype) Webflow UX research Good copywriting skills, I write text to fill websites Adobe Photoshop, Illustrator Basic knowledge of HTML, CSS UI kit Knows Typography, Color Theory, Layout and Composition Open-minded, ready to grow with and learn from the team of professionals I want to create design and solve customer problems with maximum impact on the project"
13e72f41-79d5-5999-99f8-a794360d942e,Node.js developer / Full Stack Developer,Node.js,fullstack,3.0,mid_3_6,fluent,5.0,javascript;node.js;product management;project management;qa;react;ui/ux;vue,8,leadership,"Throughout my career, I have achieved several notable accomplishments that demonstrate my skills, leadership, and dedication to excellence: 1. Atrons Platform: Developed and launched an innovative learning resource platform, ""Atrons"". My team and I were awarded the first prize of $8000 for the most influential project, as judged by esteemed professionals, including Ricardo Baeza-Yates and Jelani Nelson. 2. Google Africa Developers Scholarship (2021): Selected as a recipient of the prestigious Google Africa Developers Scholarship, a recognition of my exceptional skills and potential in the fiel"
e97923dc-f2c2-5620-9857-76ef917f7738,Junior Front-end Developer,JavaScript,frontend,1.0,junior_1_3,intermediate,3.0,api;git;javascript;microservices;mongodb;rest;typescript,7,,"One of my significant achievements was working on a large casino project in a team with a mentor. The project was built on a microservices architecture, which meant that responsibilities for the business logic of the website, styles, content, and images were divided. This experience taught me how to work in a complex and structured environment, ensuring that each aspect of the project worked seamlessly together. Additionally, I gained valuable experience in developing a Google extension using TypeScript and Redux Toolkit. This experience helped me improve my front-end development skills, learn"
f1f71a7d-b615-5a84-b708-3ee4fb1d9b11,Senior/Lead,Java,devops_cloud,5.0,mid_3_6,fluent,5.0,java;microservices,2,,"- Worked on maintenance projects with microservice architecture. - Performed replacement and update for outdated system components. - Written a variety of tests including unit tests, integration tests, end-to-end, regression tests. - Participated in analysis and discussion of architecture and technical implementation for new functionality. - Wrote documentation for developed functionality. - Designed and developed high-level architecture solutions. - Set up cloud infrastructure. - Maintenance also included on-call responsibilities: monitoring application state, providing support for service co"
c5e240f2-79cf-5ffe-a423-675e236f5d3d,Manual QA Engineer,QA,qa_testing,0.5,junior_0_1,fluent,5.0,git;java;qa,3,,"- Successfully finished and passed courses of EPAM training center. - developed Web Project ""Online banking"" as a project for certification of Epam training center (http://epam.com). Skills: Java core. OOP concepts: Encapsulation, Inheritance, Polymorphism. Algorithms and Data Structures. Own realization of main data structures in java (AVL tree, Red - Black tree, Hash Table, Priority Queues, Linked Lists). JDBC: Drivers, Connection and Queries, Transaction (Savepoint, AutoCommit, and Rollback). Design Patterns: DAO, Factory, Command Factory, Abstract Factory. XML: XML and XSD Schema design. X"
2b4c9216-b934-5af3-8374-7f3c604b82c7,Data Scientist,Data Analyst,machine_learning,3.0,mid_3_6,fluent,5.0,power bi;python;sql;tableau,4,,"I have served in a team where I used Google sheet, power BI and dashboard to receive registration of trainees and allocate training centers based on their location. I have been involved in a project of customers satisfaction of an e-commerce platform by recommending personalized product. I collect demographic data, browsing history, purchasing behaviour. I used hubspot(CRM), SQL, Power BI and Python. I have used Microsoft Excel and Power BI to analyse sales in respect to brand and regions. I have used Microsoft excel and Tableau to collect school data, analyse the impact of government educatio"
7c20c3ae-85b4-5ce3-a195-f5cd71fdba38,Системный администратор,Support,mobile,1.0,junior_1_3,intermediate,3.0,linux;sql,2,,"Responsibilities: 1 and 2 line of user support Work with bank-clients (keys, certificates) Setting and support of PCs, as well as mobile devices to use corporate services. Organization of technical processes and support of events/conferences/broadcasts. Finding atypical solutions with the help of international colleagues Interaction with Dell, Canon contractors Support of office equipment: printers, MFPs Audit and follow up on the status of inquiries forwarded to the following support lines Working in ITAM hardware accounting system Support for Windows 7/10, MS Office 365, Mac OS, Linux AD sup"
62a1f70b-f85c-55aa-80d6-d758661620b3,Project Manager,Project Manager,product_project,2.5,junior_1_3,fluent,5.0,product management;project management,2,leadership,"1) Developed and implemented a new packaging for the delivery of Finnpack milk to retail stores, resulting in a significant reduction in packaging procurement costs 2) Took the first place in a chess tournament among students of Queen Ethelburga’s College in 2016 3) In 2012, in a role of the captain within a team, won an urban tournament on a computer game based on team strategy and tactics 4) Successfully mentoring four Queen Ethelburga’s students to improve their academic performance in mathematics I have quite deversificated work expirience, but the most relevant to Project management posit"
0059f79d-da4f-5547-93c4-dae08a6067e4,Junior QA Engineer,QA,frontend,0.5,junior_0_1,intermediate,3.0,qa;sql,2,,"- Epam Software Testing Course - LIST Software Testing Course and got high scores. - QA TestLab Course 2020 - present: game tester & game level designer. May 2020: I have successfully completed LIST Software Testing Course September 2020: QA TestLab Course. I can create and run defferent test cases, use TestRail, report bugs and I am familiar with basic SQL requests. I am aware of the nature of the front-end and back-end bugs and can identify them. Friendly working atmosphere and good mentors."
c02b7e3d-3036-5790-9d35-03a22a81ebe1,QA Engineer,QA,qa_testing,1.0,junior_1_3,fluent,5.0,qa;sql,2,,"Hello Everybody! I'm Ulyana, a professional QA Engineer with experience in both the gaming industry and web development. I have worked as a QA Engineer in a Gaming company and a Web Development company. In the gaming industry, I have gained extensive experience testing various games, including hypercasual games. Additionally, during my time at the Web Development company, I focused on web testing using platforms like Shopify, WordPress, and WooCommerce. My bachelor's degree in Quality Management has given me a solid foundation in ensuring high product quality standards. I have also completed c"
7a235f19-6fd7-5df7-878a-848dfae595fb,Junior DevOps Engineer,DevOps,backend,1.0,junior_1_3,intermediate,3.0,docker;jenkins,2,,Created Nexus Artifactory for saving Docker images of the applications; Created Jenkins Server with Nodes and wrote pipelines for building/deploying an application into Nexus and prod/dev environment; Deployed first production environment using Ansible and wrote playbooks with roles for provisioning; Used Docker and docker-compose for creating a containerized environment and managing it. Past Project Role: Build Engineer Participation: - Wrote seed job and JCasC configuration for Jenkins; - Wrote different Jenkins pipelines for executing tasks; - Wrote Ansible playbooks for provisioning enviro
9fae31bd-07c9-597a-a483-16e7dffb9ed8,Senior Software Engineer (VMWare Spring Certified),Java,fullstack,11.0,senior_10_plus,fluent,5.0,java;microservices;scrum;spring;ui/ux,5,leadership;remote,"In previous companies I had an experience of managing team of 10 developers as a scrum master / tech lead, designing and implementing architectural solutions, working with large distributed systems (over 700 micro-services, ~40 million active visitors per month), coordinating cross-team collaboration (during large feature implementation), performed A/B testing and gradual feature rollout, had been working not only as a backend engineer, but as a fullstack as well, mentored and supervised colleagues. I have around 12 years of commercial experience. I've been working in different types of the co"
de4accfb-8072-5265-bd79-c91c96e1546c,Data Scientist,Data Science,machine_learning,3.0,mid_3_6,fluent,5.0,aws;azure;data analysis;gcp;machine learning;mongodb;power bi;python;sql;tableau,10,,"Built machine learning models to recommend products on an e-commerce application. Built models for time series forecasting with machine learning for predicting business sales. Provided high-quality finished dashboards and reports with Tableau and PowerBI. Provided technical expertise in data storage structures, data mining, and data cleansing. Implemented data workflow and pipeline using Apache Airflow. Implemented data warehousing using Bigquery for Big Data. Provided easy reporting/analytics and dashboard building with Bigquery and Data Studio. Having been trained and worked in different cap"
626641e7-625a-5464-8fe6-d0b54039b438,IT Recruiter,Recruiter,mobile,1.5,junior_1_3,intermediate,3.0,android;go;ios;java,4,,"Work with different stacks (AQA, Java, C/C++, DevOps, SAP, Scala, GoLang, RoR, IOS, Android, Sales, etc Skils/Tools: Interviewing, screening resumes, headhunting sourcing, boolean/x-ray search, LinkedIn Helper, LinkedIn premium, automatic tools, Widenest, CleverStaff, HubSpot, SalesQL, Hurma, Turbo hiring, etc."
43bc9c1f-6b77-5e25-a9e5-aadb4831f88b,Senior Ui/UX designer,Design,design_ux,5.0,mid_3_6,intermediate,3.0,data analysis;ui/ux,2,,"With more than 5 years of experience I've had the opportunity to design campaigns, digital applications & design systems for multiple brands. Graduated with a university degree in development, engineering in 2008. Spent the better part of a decade working as a designer. With experience across multiple mediums and with a strong technical foundation, I bring a well balanced perspective to my work. Designing beautiful interactive experiences for brands, agencies & start-ups for 5 years. CAPABILITIES User Research Rapid Prototyping UX/UI Design User Testing Market Research Product Strategy Design "
36db5510-2b7f-5351-9ceb-dcfca81253f7,Manager/Director/Project Manager/Team Lead/NOC/SRE/DevOps/Support Head,Project Manager,devops_cloud,11.0,senior_10_plus,fluent,5.0,aws;docker;javascript;jenkins;kubernetes;linux;mysql;php;project management;python,10,leadership,"As NOC manager, built team from scratch (ramped up further from 5 to 15 engineers), established processes, runbooks, toolset and monitoring setup, managed to gain ownership on all monitoring solutions across all company products. The team helps to achieve up to 99.995% availability by driving an efficient incident management process and operations, providing ongoing assistance for R&D, integration, and support teams. As a Support Team Leader, I managed a support group (30 members) providing administration and monitoring services for customers on LTE/MVNO, VOIP, IPTV, and Broadband Internet acc"
c6faa1c1-9897-5e40-80e8-4c39914c754f,Web Analyst / Data analyst,Business Analyst,data_analytics,2.5,junior_1_3,intermediate,3.0,data analysis;ui/ux,2,remote,"Various successful UX/UI solutions were implemented on the platform after my thorough user' behavior analysis. Several departments have got improved work flows and now spend less time on different tasks due to set automated operations. 6 years in IT: - 2 years as a moderator, - 2 years as a moderation team lead, - 2 years as BA team lead. Project: web based user generated content platform. Responsibilities: - Analysis of users’ behavior via Google Analytics and internal users' data. - Competitive analysis to find strong and weak points of competitors - Email campaign analysis and further impro"
aa8e54de-80bb-576c-a01e-35d48cab78d0,Front-End Developer,JavaScript,frontend,1.5,junior_1_3,intermediate,3.0,javascript;react;typescript,3,,"I started my career as a programmer in a company called DVRNC, which deals with SVG animations and layout. In this company I improved all previously obtained layout skills and gained new ones in CSS and GSAP animation as well as some basic JS skills. After that, I realized that animations and layout weren't enough for me, so I started working as a Frontend Developer. Then, I started working as a freelance React Developer, where I was able to improve my skills of React, Redux and TypeScript. Now I work for a company called ADMIRAL ADMIN where I work on creating CMS systems and web application f"
94162b38-07d2-50e5-b70b-cbdefd69adce,Веб-разработчик,PHP,fullstack,5.0,mid_3_6,intermediate,3.0,git;javascript;php,3,,"Full Stack Drupal Developer English level — Intermediate Drupal 7/8/9 HTML, CSS (SCSS, SASS) skills jQuery and JS native skills Experience with Git, Gulp, Composer, Drush, Solr, Pantheon Experience with responsive design and mobile websites"
9abc5cbf-a2f0-53f4-8ebd-4e8b9e29dc9b,PHP Developer,PHP,backend,6.0,senior_6_10,intermediate,3.0,api;aws;data analysis;jenkins;microservices;php;qa,7,,"In this company, I learned to work in stressful conditions (everyone learned), completing tasks in a short period of time. I got acquainted with ""microservices"", learn a little bit about AWS and Jenkins, and Symfony. Learned to work with several QA and projects at the same time For the past two years, I worked in the Ecommerce direction, was involved in the integration of new providers and the addition of new features. Before this company worked for several years on the VPN service, web part, API, integration of third-party services (analytics, payment, etc.), server administration etc I would"
989f447d-6ccc-5f5f-8454-15da87edfd89,"Product owner, Product manager, Business analyst",Product Manager,data_analytics,11.0,senior_10_plus,fluent,5.0,product management;ui/ux,2,leadership,"Played key role in developing high loaded SAAS B2B solution, leader on the market. Looking for new opportunities to apply my skills and experience in the following areas: - Genuine Product Owner: taking responsibility for the area, not only task generator; - Customer success: digging deeply into customer needs, finding optimal solution that would help customer to achieve business goals; - Functional design: creating feasible solutions that fit into current software/org architecture or suggesting new ones; - UX design: focus on flows/needs for different user groups; - Problem solver and decisio"
8e928666-693f-5a3d-96e5-c1717275b7b1,Junior QA Engineer,QA,qa_testing,0.0,junior_0_1,intermediate,3.0,api;javascript;mysql;qa;sql,5,,"Graduated from the course «QA Engineer» from Genius.Space I am looking for my first commercial experience. Until now, I have practiced during the completion of test tasks, and also completed practical tasks in training courses. It was testing the API ""gorest.co.in"", as well as testing the website of the online store ""rozetka.com"" I am highly interested in the position of junior quality assurance or trainee. I believe that my skills in software testing will enable me to make a valuable contribution to your team. I have a solid understanding of testing goals and principles, and I am good at plan"
9c611e5b-a5c0-5289-993d-8e280f6e79ee,QA Engineer,QA,mobile,1.0,junior_1_3,intermediate,3.0,android;api;java;qa;selenium;sql,6,,"QA Manual Course, Hillel, 2021 English course with a personal tutor (Intermediate level), 2020-till now QA Automation course Java, EPAM University 01.22-11.22 Have more than one year of experience in web and mobile testing. Have recently completed the QA Automation(Java) course at Epam. Looking for new opportunities. 1. Good knowledge of software testing theory; 2. Creating and using test documentation (test plans, test cases, bug reports, check lists); 3. Using the Jira bug tracking system (creating bug reports); 4. Understanding of test design techniques; 5. API testing with Postman; 6. Basi"
a33e9290-3867-5367-b5f5-e6b5848895bf,DevOps,DevOps,devops_cloud,11.0,senior_10_plus,intermediate,3.0,aws;gcp,2,,Develop fast and HA storage system (hardware and software) Experienced in team work on support large WEB projects. I want to gain experience with AWS / GCP and communication on English.
4c3eeb9c-88f5-5c72-b090-f529506edf10,UX/UI Designer,Design,design_ux,4.0,mid_3_6,intermediate,3.0,data analysis;figma;ui/ux,3,,"Teaching experience had a group of 18 students taught UI / UX design. Lecture on adobe illustrator, general designer work, and additional lecture for designers on grids and 8-pixel rule. Hi, my name is Lili and I am a UI/UX designer. I have been working in this area for about 4 years, during this period I managed to work with different projects, it can be B2C, B2B, products for internal use... The main tool for work I use Figma + Figma Jam, but in addition, if necessary, I use Adobe XD, Illustrator, Photoshop, and Miro. At the moment, I play the role of a chief designer on all my projects, the"
daa8f1ad-8d1c-5424-9d8f-e1969a81bcef,Data Scientist/ Machine Learning Engineer,Data Science,machine_learning,2.0,junior_1_3,fluent,5.0,data analysis;machine learning,2,,"*Currentl, I work for an Research and Development company in oil&gas sector as a junior researcher/data scientist. I have gained valuable experience in data science and analytics by working on various projects. One of the most exciting projects involved the use of the Random Forest algorithm to detect anomalies in oil production in real-time. I was actively involved in the project, helping with data preprocessing, model selection, and optimization. We were able to successfully detect anomalies in the data, and we are planning to publish a paper on our work. In another project, I worked on data"
a7ed2638-14da-5186-b3c3-f4546a729608,Delivery Manager,Project Manager,product_project,4.0,mid_3_6,fluent,5.0,project management;scrum,2,,"- Lead projects from inception through the entire SDLC, lead legacy projects. - Manage multiple projects simultaneously. - Gather product requirements from stakeholders and prepare detailed specifications. - Utilize Balsamiq to create mockups for products or specific required features. - Obtain stakeholder approval for project budgets and effectively manage them. - Prepare comprehensive project documentation, including roadmaps, estimations, time reports, communication plans, and team rosters. - Conduct interviews to select potential candidates for project roles. - Determine the most suitable "
466132b4-56f9-5738-9d9d-e1e3a2d7d13e,UX/UI Designer,Design,mobile,0.5,junior_0_1,intermediate,3.0,figma;ui/ux,2,,"About me: - 0,5 years of experience in web, mobile UI/UX-design. - Tools: Figma, Photoshop, Axure - Ability to work with Jira, Slack - Good understanding of gadgets, system design, and documentation. - A well-developed empathy that allows you to be in the user's place, and from there to prepare intuitive - solutions. - Good experience on a remote basis - Self-organization and result oriented. - Passion for polishing pixels - I’m a highly motivated person and interested in developing myself all the time. My free time I'm spending - on learning new skills. - I’ve got strong UI/UX skills so I’m c"
6fdf9034-7a53-5931-8bdf-75ed4d754d8d,Senior QA Engineer,QA Automation,machine_learning,9.0,senior_6_10,fluent,5.0,qa;redis,2,,"An experienced Quality Assurance (QA) Engineer, I have held senior positions across diverse organizations, demonstrating my ability to work in fast-paced environments while ensuring the highest standards of product quality and customer satisfaction. At Redis Labs, I led the testing of the in-memory data structure store, RedisInsight, working closely with user communities to improve customer satisfaction by 20%. In my role at Omilia, I ensured the reliability of AI-powered products through various testing strategies and contributed to the development of features for clients such as BMW and Sony"
3fbbf5f0-04bb-505e-b57e-b2a2fea62a0b,Head of design,Design,frontend,10.0,senior_10_plus,fluent,5.0,blockchain;project management;ui/ux,3,blockchain;leadership,"I have experience in working at a stock exchange, as well in an advertising company. Additional firsthand knowledge of holdings communication principles Conducted master class presentations for my colleagues on multiple occasions. Created a vast diversity of project designs from eCommerce to Social Networks. I follow the current trends, clearly understand why there is no such thing as “personal style” and one should always adapt to the existing trends. Rich communication skills using business conversation style. I’m familiar with front-end basics, so working in synergy with developers is not a"
130f95b0-63b1-55c7-9523-af4e9c0bd736,Manual QA Engineer,QA,qa_testing,0.0,junior_0_1,intermediate,3.0,api;qa,2,,"I am fast leaning person. Also I am plodding and attentive to details. Have creative brain and like to solve difficult tasks. As a part of education courses got knowledge and practice of creating test documentation, API testing (Postman), bug reporting. Want to work in friendly team, where I will grow as a specialist"
4516ba4e-b2e1-58f0-88d4-0829638d07ae,Sr. Project / Program Manager / Delivery Manager / Delivery Diretor,Project Manager,product_project,8.0,senior_6_10,fluent,5.0,agile;azure;project management;scrum,4,leadership,"8 years experience as a Project Manager and Scrum Master. Execute the project according to the project plan, create and groom backlog, manage scrum teams, facilitating team events to ensure regular progress. Proficient in Jira, Confluence and Trello, finishing projects on time and under budget, ability to work well with a dedicated teams, Strong Communication skills, good strategic appreciation and vision. Worked physically located in USA English advanced. Certified ScrumMaster. 8+ years in IT project Management. 2 years experience as a Project Management in US product company working from USA"
6c0ecb0c-80da-54e3-b2c2-2775265ac279,Analytics Engineer/ Data Analyst/ Data Engineer,Data Analyst,data_analytics,4.0,mid_3_6,fluent,5.0,agile;data analysis;git;numpy;pandas;postgresql;power bi;python;scrum;sql,10,,"4 years of experience in Data Analytics / BI. Programming: Python (Pandas, Numpy, SqlAlchemy, skicit-learn, BeautifulSoup) ,OOP Visualization: Power BI (PBI Desktop, PBI Service, Data Flows, Development Pipelines,Automated Refresh, ETL,DAX query Language, Power Query) SQL: MS SQL (T-SQL), Oracle, PostgreSQL,SnowFlake MS BI: SSAS, SSIS Jira (Agile Scrum) Git"
c92299ba-b32d-58b5-be6f-05f936c7ff4f,IT Recruiter / Talent Acquisition Specialist,Recruiter,fullstack,1.0,junior_1_3,fluent,5.0,data analysis;git,2,,"Working as an IT Recruiter in a company for a year, also have experience in freelance. Lead recruitment team of 3 people. Worked with different level tech and non-tech positions (front-end, back-end, full-stack, PM, Recruiter, SMM, Sales & Marketing, UX, etc.). Experienced in C-level recruitment (COO, CMO, CFO, Delivery Director, HRD). Took part in HR policies development, was responsible for pre-boarding/induction of newbies, employer branding, exit interviews, event management. Experienced in pre-sales negotiations and legal issues. Use different tools: Turbohiring, Amazinghiring, Lusha, Boo"
54d4decb-32dc-5df9-907e-084a1ca5c1fb,"Security Engineer, Ethical Hacker, Penetration Tester,",Python,backend,11.0,senior_10_plus,intermediate,3.0,javascript;node.js;python,3,,"Exploits, keygens, more than 20 web sites JavaScript, Node.js, Lua, MoonScript CoffeeScript, Perl, Unity, Reverse Engineering, Penetration testing, rapid adaptation to any project, quick analysis of the source code web crawlers, incident response,"
a7d1e9f8-654b-52f1-b049-3096366c2236,QA engineer,QA,devops_cloud,2.5,junior_1_3,fluent,5.0,azure;qa;scrum,3,,"experience working in Scrum experience working in Jira QC Engineer 09/2020 – 08/2022 Lviv, Ukraine Tasks: - Analyzing user stories and requirements - Analyzing test conditions - Test design and test execution - Performing functional, smoke, and regression testing - Reporting bugs and incidents - Provide updates to the task estimates and status of assigned tasks - Updating Metrics in Metric Collection Tool - Setting up metrics in Azure DevOps QA Manual Engineer 03/2020 – 06/2020 Tasks: Lviv, Ukraine -identify the errors -report bugs and errors to development teams -create test cases use bug tra"
4908bf87-a606-5b49-9753-68c76cb363da,Chief Product Officer / Head of Product / VP,Product Manager,design_ux,11.0,senior_10_plus,fluent,5.0,agile;product management;scrum;ui/ux,4,startup,"Created and grew up award-winning (S&P, WEF, Red Herring, etc.) products, reaching over $5 billion in trade offer/value. Turned around product strategy and implementation, using UX/UI/design and data-driven approach applying lean startup principals. Built and let product teams. Senior Product Manager (CPO / Head of Product). Certified Product Mentor. Hands-on generalist and polymath – Helping entrepreneurs, founders and their companies to build products that win! In Europe since 2007. Team Leader with vast Startup Experience since 2012 (including 3x founding). Having commercialized my first 3 "
37756bb4-7722-545d-8af7-0de61b1e73df,Senior Software Engineer,Java,devops_cloud,11.0,senior_10_plus,fluent,5.0,angular;blockchain;data analysis;docker;java;kubernetes;spring,7,blockchain;part_time;remote,"For the last 7 years I have been involved into development of products primarily for telecom domain - MVNO, OTA and IoT platform as a seniour developer or a technical leader. Mainly open-source, Java based technologies and tools used to build solutions in a cloud-native way. All projects, I participated in, adopt best practices of unit, behavior and integration testing that become a part of great development culture. Some of my previous projects: - Solution for network resource management and provisiong in a real-time manner. Clustered solution with requirements of high availablity and resilia"
fa3daef0-3b53-5964-8dda-8f7bf0aff731,Machine Learning Engineer,Data Science,machine_learning,5.0,mid_3_6,fluent,5.0,aws;javascript;machine learning,3,,"- Produced data processing and testing pipeline for financial trading system and optimization of its algorithms. Used statistical approaches to introduce some guarantee for optimization. - Created plant image recognition service for experts in the field. - Developed Client-Server application for large hospitality business in C++/JavaScript. - Worked on improvement of open-source DNS that's used in several countries - Created a smart faceted search solution for company internal sources - Built an ETL pipeline with NER, PoS and Deep Learning - Built a cloud infrastructure for text documents clas"
a019d2a2-c286-5b81-aa85-043481bbb91e,Разработчик PHP,PHP,fullstack,10.0,senior_10_plus,fluent,5.0,mysql;php,2,,"Full stack web developer. Have been working on dozens of project starting from simple company websites, ending up with complex CRM and ERP systems. great at logic and complex system building. On my latest project we're maintaining and supporting network marketing system with over 60.000 user who use website on daily basis. have got great knowledge of on site SEO, MYSQL database administration."
26c38943-c401-55e1-a7f0-a1d8c84cb688,Junior Python Developer,Python,backend,4.0,mid_3_6,intermediate,3.0,java;linux;python;sql,4,,"Graduated Python couces Experience in Oracle database; Optimizing and tuning database performance; Writing procedures, functions and triggers; Writing Shell scripts; Java applications maintance and support; Writing instructions and communication with customer service department - Analysis and solving requests from users - 24/7 monitoring of critical business processes - Workaround solution in case of emergency - Coordination, deployment and support of new projects and services - Interaction with development and testing team, vendors, analysts, marketing department, customer service department "
45bc127a-9c58-5a86-882b-cc90a5675bae,PM / QA Team Lead,QA,mobile,11.0,senior_10_plus,intermediate,3.0,android;ios;qa,3,,"- Strong knowledge of software development life cycle, different testing types, methodologies and processes - I have experience in testing of web based and desktop applications, experience in testing iOS and Android mobile apps - Experience in creating test plans, checklists, test reports - Experience in types of testing: functional, UI, usability, integration, localization, regression, smoke, sanity, cross-browser etc. - I want to find new challenges to me"
84261b20-a86b-5b0c-84c8-b0e027a51d7d,Junior Motion Designer / 2d animator,Design,design_ux,0.5,junior_0_1,intermediate,3.0,figma;ui/ux,2,,"I’ve been working as a UI/UX designer for over 8 years, and I have a good sense of color, aesthetics, composition, and communication skills. I truly believe that my previous experience can help me succeed in a new job. Education: Super Motion | Videosmile 2021 Super AfterEffects 2 | Videosmile 2022 Super Premier Pro 2 | Videosmile 2022 - right now I’m looking for an opportunity to become a Motion Designer in a suitable place where I could grow as a professional. I know Adobe After Effects and Premiere Pro at a basic level. Also right now I’m learning Cinema 4D. I used to work in Figma, but I a"
49722c77-bea6-574d-b9de-cee5303b5457,Digital Project Management/ Marketing/ Product Management,Project Manager,product_project,11.0,senior_10_plus,fluent,5.0,product management;project management;ui/ux,3,,"Experienced Project/Marketing Manager with a focus on e-commerce, and localisation services. Successfully launched new eCommerce solutions for various industries by identifying user needs and implementing solutions to enhance user experience."
4f77ca35-bd50-5aae-a550-8ea47187edb2,Project Manager,Project Manager,qa_testing,2.5,junior_1_3,intermediate,3.0,project management;qa,2,,"My achievements in projects: Overperformance of plans for requests from junior specialists with a high level of knowledge in QA Automation and Data Engineering for GR8 Tech (monitoring student learning at GR8 Tech Academy, working on their motivation); Updating the database of contractors for GR8 Tech Academy, quality assignment of technical tasks, and control of their implementation, which led to cool end results; Structuring of all Academy processes (selection for the Academy, conducting interviews with candidates, systematization of the learning process, etc.); Increasing the client base fo"
4261602a-734a-53b6-80bb-37eb2750118f,Ruby on Rails Developer,Ruby,data_analytics,2.0,junior_1_3,intermediate,3.0,git;javascript;linux;rest;ruby;sql,6,,From scratch I built: 1. Web Store based on SpreeCommerce. 2. Main website for a nonprofit organization. I also worked on various existing projects where I added some improvements and new features based on the desires of the clients. Have experience with Ruby on Rails for 2 years. My skills includes: Javascript (СoffeeScript) / Rspec + Capybara / TDD / creating RESTful JSON APIs / Capistrano deployment / SQL и Relational databases / Design patterns / Bootstrap 3 / Adobe Photoshop / Linux / Git / debugging / Quick learner of new technologies. Interesting projects with opportunity to progress.
31cd970b-3c61-5d76-ad65-e33c9464f6e2,.NET Developer (Middle/Junior),.NET,frontend,3.0,mid_3_6,fluent,5.0,.net;angular;javascript;sql,4,,"Developed a visual builder with a GUI constructor and a ladder logic designer with its parser for building embedded applications for a family of touch-panel devices. Software for a real-time monitoring, controlling and calibrating an ECU through a serial port. C#/.NET, Windows Forms, WPF, LINQ (3 years); Oracle PL/SQL, SSIS (1 year); OOP/OOD, Design Patterns, MVC, MVVM; Basic knowledge of HTML/CSS, JavaScript, JQuery, Angular; Source Control: SVN, Perforce Looking for a position to work with a friendly team on an interesting project as a C# developer, willing to evolve in the web-development d"
8ccea1c4-26ff-5780-9eca-fb2c4b7091ae,Junior UI/UX Designer,Design,design_ux,0.5,junior_0_1,intermediate,3.0,figma;ui/ux,2,,"Three years of commercial experience in branding using Photoshop/SAI, more than six months of commercial experience in website design using Photoshop/Figma. In free time I make video with Adobe Premiere Pro and Abobe After Effects. I would really like to join and develop professionally in a good team. I have little experience, so I'm looking for a job in the position trainee/junior UI/UX designer. Hard skills - Strong Adobe Photoshop and SAI user - Experience with Figma and Adobe Illustrator - Experience with Kanban - Gaining a Bachelor degree in computer science, DSEA (2019-present) - Interme"
3cbd827a-1cb4-5a1c-92ac-ad84f97b4ada,Middle QA Engineer,QA,mobile,2.5,junior_1_3,intermediate,3.0,api;cypress;javascript;qa,4,,"I am a QA Engineer with both manual and test automation skills. I have been working on long-term projects as well as on small assignments. As Manual QA I have experience in writing documentation such as checklists, test scenarios, test cases, and bug reports. I have successfully performed testing like functional and non-functional testing, smoke testing, regression testing, etc. Also, my responsibilities include testing API requests and covering them with test cases. And as Automation QA I am using Hardhat + JavaScript for smart-contracts testing (unit and integration) and Cypress for writing "
63585d46-fa9e-5409-a855-047e7d7fe292,Junior Front-end Developer,JavaScript,frontend,1.0,junior_1_3,fluent,5.0,git;javascript;mysql;node.js;php;react;vue,7,,"Bachelor's degree University of Lodz Computer Science in English I love applying responsive design principles and watching my web pages shrink into mobiles screens and still look amazing. It's oddly satisfying. I think in a way I'm kind of like those web pages; I'm moldable, but I still keep my creativity flare intact. My specialties include quickly learning new skills and programming languages, problem solving, responsive design principles, website optimization, and the Model View View Model (MVVM) and Model View Controller (MVC) methods of organizing code. So far I have JavaScript ES6, HTML5"
70db00f5-51e7-5b6c-8b73-17efb4c0a805,Full Stack Developer / Front End Developer,JavaScript,fullstack,1.0,junior_1_3,intermediate,3.0,angular;git;javascript;node.js;react;react native;typescript;vue,8,,"- higher education in IT - about 500 hours of full-stack development experience - closed 140+ development tasks of varying complexity - strong teamwork skills, honed during my previous employment I have received technical education in the IT field, graduating from SUT with a degree in Computer Systems and Networks, with proficiency in C++ and in-depth knowledge of OSI model and network design. Software Developer with a year of practice in Fullstack. 60+ projects on GitHub and 200+ algorithmic tasks completed. Have experience working with JavaScript TypeScript, React, Node.js, Express, Sequaliz"
48a0d4b2-8d35-5541-8314-09381f456b11,Android Platform Software Developer,Android,backend,4.0,mid_3_6,intermediate,3.0,.net;android;git;java,4,startup,"Nominated to apply for the Google Developer Expert Program Finalist of Google Apps Developer Challenge 2012 Big fun of stackoverflow with more than 7000 reputation Speaker in Google Developers Group Lviv, DevFest Ukraine, IT Arena, Mobile Warszawa etc. Author of technical articles for personal blog / androidweekly.net Author of custom android components (1000+stars on GitHub) - Experience with Android application development using Android SDK - Expert knowledge of Java - Good knowledge of Object Oriented concepts and a strong passion for software development - 4+ years of experience as a devel"
67edc385-c929-5534-b3a6-69a2740d727e,Project Manager,Project Manager,devops_cloud,2.0,junior_1_3,fluent,5.0,agile;product management;project management;scrum;ui/ux,5,,"Was able to launch a project within a company, which used to be perceived as a spaceship. It is the company’s most profitable project currently Project manager with strong leadership, organizational skills, able to manage teams of 8-14 developers, devops’ and designers. - In-depth knowledge of waterfall and agile methodologies - User stories (US) and User Experience enter predation and design experience - Excellent problem solving skills - Strong communications skills Establishment of SCRUM framework in a company: -daily stand ups -Jira sprint flow -Retrospectives -kpis/okrs -team success trac"
97135fab-c6fd-5d1b-ba1f-52a90d243cba,"Compliance manager, verficator (KYC/AML) / Customer Support/ Project manager",Support,product_project,10.0,senior_10_plus,fluent,5.0,blockchain;project management,2,blockchain;leadership,"Learned blockchain sphere, cryptocurrency payments, financial monitoring for anti-fraud and anti-money-laundering purposes. Also, worked for a year in translation agency as project manager. Experienced in customer verification. Compliance Support Manager «TRASTRA» (service that provides crypto debit card issue) 25.03.2021 - 10.09.2021 Responsibilities were on the border of customer support and the compliance: • Manual handling of verifications that were rejected by automated system; • Careful verification of addresses to avoid the problems with card delivery; • Checking the client's ID documen"
280c1f81-ebf3-5c02-a395-339ae8e91652,Data Scientist,Data Science,machine_learning,2.0,junior_1_3,fluent,5.0,api;data analysis;machine learning;numpy;pandas;python;selenium,7,,"• Schlumberger Machine Learning Innovation competition, 2nd runner-up, Apr 2023 • Millenial Energy Challenge – Data Science competition, Champion, Aug 2021 Experience: Machine Learning and Petroleum Engineer Jan 2023 – Present , Risehill Energy Solution, Malaysia: • Managed, cleaned, and examined production data to identify trends and patterns using numpy, pandas • Designed a modern, user-friendly UI for the Production Data Analysis Platform in line with current design principles and business standards using streamlit, plotly • Implemented real-time event identification and buildup automation "
5d6700c0-0770-59a4-b532-25360b65c0fd,Business Analyst,Business Analyst,data_analytics,3.0,mid_3_6,fluent,5.0,azure;gcp,2,,"- Experience in performing business analysis and leading process improvement initiatives; - Elicitation, verification, validation and documentation clients’ needs and requirements, preparing Functional and Non- functional specifications; - Knowledge of different types of non-functional requirements; - Ability to differ from functional getting non-functional requirements; - Identifying and evaluating attributes of quality; - Identifying key technical and business limitations; - Working with non-functional requirements' documentation techniques; - Writing Quality Attribute Scripts; - Prioritizin"
671f8c5c-f64c-5733-88a9-967569f0c0a3,Тестировщик,QA,qa_testing,0.0,junior_0_1,intermediate,3.0,api;javascript;qa,3,,"Completed GoIT courses (javascript basics); Vadim Ksendzov's courses (API testing), learned how to write bug reports, checklists, the basics of html, css, and website design. Completed GoIT courses (javascript basics); Vadim Ksendzov's courses (API testing), learned how to write bug reports, checklists, the basics of html, css, and website design."
e2426c64-7937-59e0-973c-156742e73430,QA Engineer,QA,devops_cloud,6.0,senior_6_10,intermediate,3.0,agile;docker;java;python;qa;scrum;selenium,7,,"• Strong technical background • Strong analytical, debugging, problem-solving and root-cause analysis skills • 6 years of QA experience • Strong analytical, debugging, problem-solving and root-cause analysis skills • Coordinated a team from 4 persons • Good Team player • Experience in Agile software development (Scrum, Kanban) • Good understanding of Web and Client/Server applications architecture • Experience with virtualization: VirtualBox (good) and Docker (basic) • Experience with WebRTC (basic) • Experience with automation: Bash and Batch scripting, Python and Selenium WebDriver, Java and"
66627894-9e8b-5b53-8be4-13fdfa3dfc9e,Front-end developer (Next/React),JavaScript,frontend,3.0,mid_3_6,intermediate,3.0,javascript;react;react native;typescript,4,,"Mobile app for fitness classes (React Native, Typescript, Firebase, Algolia, i18n): The app was already in production with about 1 000 downloads. Worked on extending the existing functionality and supporting the project: - adding features related to managing fitness classes; - writing Firebase Cloud functions for different purposses; - working with Firestore database Service for managing deployment (React, ReduxToolkit, SCSS, MSAL Authentication) Started project from scratch, configured the project and set the initial structutre. The main work that had been done: - implemented authentication v"
9948959b-78a4-5b5b-b118-b6405d1c44ed,Machine Learning Engineer,Data Science,machine_learning,3.0,mid_3_6,fluent,5.0,computer vision;flask;machine learning;numpy;pandas;pytorch;scikit-learn;sql;tensorflow,9,,"Projects Pulmonary fibrosis Description: having unstructured list of patients’ visits info and 3d CT scans of their lungs, the goal was to predict the lungs’ capacity by the certain date and give the probability of the prediction. Tabular data was normalised and concatenated with the flatten output of the scan after putting it into efficientnetB6. The success metric was Laplacian. Stack: efficientnet, EDA, sklearn, numpy, pandas, tensorflow, keras, matplotlib, seaborn, PIL. G2Net signal detection. Description: Waves from 3 different detectors (like LIGO) were given and the task was to identify"
9b2a5a50-c7f1-5e10-a13c-f6d0a3945dcd,Senior Android Developer,Android,mobile,8.0,senior_6_10,intermediate,3.0,android;data analysis,2,,"Highly technical, team-oriented professional with 8+ years of extensive experience in mobile application software development. Demonstrated ability to work through a problem effectively and provide the best solution. • Hands-on experience in building e-commerce apps, analytics apps, custom maps with using beacons, VPN apps. • In-depth knowledge of the mobile app project lifecycle. • Demonstrated ability to apply concepts of objected oriented programming. • Proven competence to teach and mentor after being a Team Lead for two years."
8b73b44a-8597-5ae7-9fac-a2b285f5aae5,Online Project Manager,Project Manager,design_ux,8.0,senior_6_10,intermediate,3.0,figma;project management,2,,"I would like to work together with a group of 7-12 people. Web Project manager with 8+ years of experience managing digital projects. I am excellent in working with others to achieve a certain objective on time and with excellence and building strong relationships with work colleagues. PROFESSIONAL SKILLS Leadership, Communication, Planning, Time management, Risk management, Negotiation SOFTWARE SKILLS TeamGantt, Trello, GanttPoject, JIRA, Hubspot, Omnifocus, Google Drive, Photoshop, Figma RESPONSIBLES General management of web projects. Translate briefs in actionable plans, and executes conte"
d67f3f47-c724-5051-80f0-4b331095a583,Remote Javascript / ReactJS / React Native developer,JavaScript,fullstack,4.0,mid_3_6,intermediate,3.0,api;aws;django;flask;javascript;linux;node.js;postgresql;python;react;react native;rest,12,leadership;remote,"Developed an open-source award-winning mobile application. The app took an NG-Awards 2016 Product HERO in Poland. Have proficiency with a wide stack of technologies. My skillset covers Fullstack Web (front-end using Javascript / ReactJS; backend using Python / Django), Native Mobile (React Native) development. All of these skills were applied in complex commercial projects. 2+ years of experience with purely distributed teams. I know how to work remotely with small to average sized distributed team as my previous positions (last 2.5 years, to be exact) had similar conditions. While working on "
a51b30b9-d140-5dbe-a66e-8d0a847437a5,QA Engineer,QA,qa_testing,0.0,junior_0_1,intermediate,3.0,api;qa,2,,"I recently finished QA manual course at Hillel IT school and I am ready to work I have practice with the Jira bug tracking system, load testing with Jmeter, API testing with Postman. I have knowledge of the kinds and types of testing. Understanding of creating test documentation: test plan, test case, check-list. Knowing of test design techniques: boundary value, equivalent partitioning, pairwise testing I am more interested in gaining experience than salary and becoming useful to the company"
968446c1-f479-5ef8-8710-7286825ce81c,UX Project Manager,Project Manager,backend,5.0,mid_3_6,fluent,5.0,agile;javascript;mysql;php;product management;project management;scrum;ui/ux,8,leadership,"- Building project management processes from scratch - Ensuring the growth of the company's profit in the crisis - Optimization of the product management processes - Opening and/or maintaining 17 e-commerce websites, 20 blogs, several forums, landing-pages, a web proxy-server in Ukraine (leader on the market), Georgia (top 3), Russia (top 6), Chile (top 10), Moldova, Romania and Czech Republic. - Completing 3 offline events - Mentoring teams and team members - 2 years of experience in management of PHP projects using MySQL, JS, jQuery, HTML5, CSS3 and CMS (WordPress, Opencart, Simpla, Webasyst"
8c0321ea-7b42-5b85-a913-0b1e2355470a,Golang Developer,Golang,data_analytics,0.5,junior_0_1,intermediate,3.0,api;docker;git;go;mongodb;postgresql;rest,7,,"My pet projects: - Terminal user interface app for Twitch browsing (currently in developing) - Api for online shopping Learned http, rest api and work with mongoDB - Test project to work with http file transferring and importing/exporting data from postgresql and file csv via api Expanded knowledge about the work of the http protocol and work with file transferring All of them you can check in my github profile Have only experience in developing pet projects, specifically working with relational and non-relational databases (postgresql and mongodb), developing rest api, creating and managing d"
93267c78-f59e-5818-a7e8-9f7f36f03e8e,"Product Manager, Product Marketing Manager",Product Manager,product_project,10.0,senior_10_plus,fluent,5.0,product management;project management,2,leadership,"I always concentrated on the value that my work brings to the product and the company itself. Adjust processes if needed, and have strong troubleshooting skills. • 10+ years of practice as a Product/Project Manager, Product Marketing Professional. • Areas of expertise: customer research, product planning, features prioritization, product marketing strategy, risk management, strong analytical skills. • Successful experience of team management (4-20+ members), in particular cross-functional international and remote teams. Product Manager or Project manager role in an international company with t"
231f25bb-11ba-5c64-8574-ffb1e8d3c00d,Full Stack Web Developer,JavaScript,fullstack,4.0,mid_3_6,intermediate,3.0,angular;api;aws;ci/cd;javascript;mongodb;mysql;node.js;rest;vue,10,,Hardworking and enthusiastic worker with different experience. I strive to see results in any position in which I am. Reliable and dedicated to finding a place that will benefit my skills. I always make every effort to ensure that all estimates are completed on time and with high quality. Was engaged in the development of projects from scratch and support for existing projects. Full Stuck Software developer 02.2018 - 02.2022 (4 years) Information technologies and services in the field of pharmacology and medicine Responisibilites: • Build web applications with Node.js and Angular • Creating re
1342ff4d-4817-5be7-8329-bbfba9740453,"Delivery manager, Program Manager, Head of Product",Project Manager,product_project,9.0,senior_6_10,fluent,5.0,blockchain;project management,2,leadership,"During the Softserve period - I grew a team from 2 to 35 engineers. Eleks - Delivery manager role for new one of the business units. My BU successfully met the challenging KPIs. NewFire - the role of PMO Manager. Set up processes, created initial documentation for the project health. Trained two junior SM how to perform a middle SM role without supervision successfully I have worked on different projects in the Software Development sphere for more than 14 years. As a PMP-certified program manager, I have successfully delivered 20+ projects for customers in Europe and the US in healthcare and f"
3a9523ba-39a9-5953-abd8-79571fb42ad6,Manual QA Engineer,QA,mobile,1.0,junior_1_3,intermediate,3.0,mysql;qa,2,,"Co-Worker 01/2020 to 02/2021 Trainee/Junior QA Engineer I worked and supported several web projects. I learned and worked with several new tools, created bug reports in Jira, wrote test documentation, test plan, test cases, checklists, test scenarios. Freenet LTD (O3) 04/2021 to present Network Quality Control and Monitoring Engineer I worked with databases, MySQL queries, web interfaces, documentation, client-server architecture. I have learned and used OSI models, internet structures (ip, dns, etc.), HTTP+S, basic knowledge of internet certificates. In my position, I have had a lot of experi"
789214b8-49a6-57a2-a3b1-0c719d1c150e,Java Developer,Java,backend,3.0,mid_3_6,fluent,5.0,docker;java;microservices;mongodb;postgresql;spring,6,,"Jan, 2016 - until now NetCracker Technology Corp. (Россия) Russia, www.netcracker.com Java developer Working on a Network Functions Virtualization project. Developing an orchestration system, which integrates with such third-party systems as OpenStack, Contrail and Mistral. Our solution is made up of dozens of microservices. Predominantly, these are Java Spring Boot applications with underlying Postgres/Mongo database. OpenShift is used as a deployment system. Also, we follow TDD, BDD and DevOps practises. Responsibilities: - development E2E features in the Back-End stack of microservices; - m"
c471bfbb-bc74-51ad-b9d7-b1fd4b9c77bb,"Team Lead, Dev Coordinator",Project Manager,data_analytics,10.0,senior_10_plus,fluent,5.0,agile;project management;qa;sql,4,,"strong communication skills organising development process customer support experience project planning resource allocation agile/scum methodology Business analysis 7 years QA experience 4 years team lead experience Jira/ TFS/ EA SQL, Oracle Installshield Test Complete Basic programming skills"
4fa44eab-9ea7-5385-922b-b9ce095628b8,Senior UX designer,Design,design_ux,8.0,senior_6_10,fluent,5.0,agile;figma;scrum;ui/ux,4,,"www.galvik.me Create Personas Creating reliable and realistic representations of your key audience segments for reference. Usability Testing Evaluating a product or service by testing it with representative users. Design Sprints Planning and executing a process for answering critical business questions through design, prototyping, and testing ideas with customers. Prototyping Creating interactive mockups that can have any degree of fidelity. Tools of choice: Framer, Sketch, Invision (tools used before: Justinmind, Axure, UXPin, Adobe XD) Visual Design Designing pixel perfect visually stunning "
35e9a0af-b6a9-5c7c-841b-00edac3f1589,QA Automation Engineer,QA Automation,qa_testing,0.0,junior_0_1,intermediate,3.0,qa;spring,2,,completed SoftServe IT Academy course: QUALITY ASSURANCE AND AUTOMATED TESTING OF MODERN SOFTWARE SYSTEMS certificate Series IX № 7367/2021 Without experience in IT. completed SoftServe IT Academy course: QUALITY ASSURANCE AND AUTOMATED TESTING OF MODERN SOFTWARE SYSTEMS certificate Series IX № 7367/2021 External EPAM University program Test Automation Spring Program 2022
16ff9fc5-73a9-5c63-aa75-369c3b97fe0f,Product Analyst / Product Data Scientist,Data Science,machine_learning,4.0,mid_3_6,fluent,5.0,data analysis;tableau,2,,"Web/App - identify main KPIs and benchmarks to measure efficiency and built strategy, - define which data we need to collect and how, test accuracy of data - work with GTM/GA/Amplitude/Firebase, - implement dashboards on user activity and for calculation efficiency of marketing spends Tableau/DataStudio/Looker, - communicate not only numbers but insights, generate data driven ideas for AB tests - familiar how to work with DB and ETL - built analytics system for startups (size - up to 20 people) from scratch - set up Amplitude tool for product analysis"
8a13fc7d-5df5-52fe-9856-24820fa0f6f3,Junior DevOps Engineer,DevOps,devops_cloud,1.5,junior_1_3,intermediate,3.0,aws;ci/cd;gcp;git;github actions;kubernetes,6,,"Passed Amazon Solution Architect Assosiate exam. Received bachelor's degree in cybersecurity specialty. Setting up infrastructure in AWS and GCP. Development and maintaining of Kubernetes clusters. Configuring CI/CD pipelines with Github Actions and other tools. Working with Nginx. Monitoring: prometheus, grafana, loki, Opsgenie."
df7ff1ef-0970-55a9-bcac-d3fdf2cb02ea,React Native,JavaScript,frontend,2.0,junior_1_3,intermediate,3.0,javascript;mongodb;node.js;react;react native;typescript,6,,For shielding electronic keys and signing documents using NodeJs and Jkurwa I developed such websites as: - Online shops - Site with video courses - Goverment websites. Also developed various types of mobile applications. Example: - Different mobiles online shop - Application for hiring workers I was engaged in the following tasks in the team: - Refactoring and mentoring for junior employees; - Assessment of tasks received by the company - I built site/mobile application architectures for further development - Configuring eslint and path aliases for more comfortable development - Solving probl
bda8ac1a-4d37-5e88-a96c-dbbff5006236,QA Engineer,QA,mobile,0.5,junior_0_1,intermediate,3.0,api;qa;scrum;ui/ux,4,,"1. Joyn.de Position: Software Tester Web/mobile application for watching movies, series, sports matches, and TV Duties: Working in a scrum team, developing test cases for Web-version, reporting bugs into Jira, creating RTM, permission testing 2. “Ukrzaliznytsia” mobile app Position: Beta-tester Mobile app for finding and buying train tickets Duties: UX/UI testing, functional testing, checklist testing, exploratory testing, reporting bugs 3. Conduit Position: Software Tester Website, where I deepened practical skills in product quality research, especially writing bug reports. Duties: Working i"
4bdd2deb-dbce-5fa9-85d9-553bd5c8dcf8,Senior/Lead Java Software Engineer,Java,devops_cloud,9.0,senior_6_10,fluent,5.0,agile;aws;java;microservices,4,,"AWS Certified Developer Associate Oracle Certified Associate, Java SE 8 Requirements gathering and analysis, documentation creation; Application development and support; Technical analysis and initial estimations; Communication and collaboration with the client; Maintaining Agile project processes in the team during development; Leading complex tasks which affect different teams and microservices; Developing architecture design; Creating and demonstrating PoC projects; Improvement of application performance; Code review. I would like to lead a team with possibility to grow to an architect. pro"
4e65fd02-8bba-59ae-84d7-ac36851e3636,Software Developer (Python),Python,backend,5.0,mid_3_6,intermediate,3.0,aws;django;gcp;javascript;linux;project management;python;rest;ui/ux,9,,"Software Developer, startuper, developer communities lead. Also interested in Open Source, networks and open data. Last years I solve different problems mostly using Python/Django and JS. My most significant project is a ecommerce platform which I built last year. 9 years working in IT industry. 5 years in software development. 2 years manage software projects. 50 000+ lines of code last year. 15 projects participated in. Top Skills: Python, Django, Linux administration and development, Backend programming, web UI design and programming. More: software project management, Cloud services (Googl"
ba31d175-e17c-52e2-889c-59992a3a2076,QA Engineer,QA,qa_testing,2.0,junior_1_3,fluent,5.0,api;qa,2,,"I am patient even with the most difficult people; I know when to leave someone alone and to stop bugging them, I can dumb-down complex stuff to make it clear for everyone. I have developed an English course for QA Engineers, I took part in developing an English course for Managers. Designed first Test documents on the Project. First Project was mainly testing fintech web-apps: Performed smoke and regression testing of web applications. Performed API testing a new platform under development. Prepared and maintained test suites. Analyzed test results and worked with developers in bug fixes. Deve"
ba869a5a-b230-5449-896b-79650ceb5085,"Chief (Lead/Senior) Data Scientist, Senior Project Manager, Senior Business Analyst, COO, CSO, CPO, CMO, CDO, CAO, R&D (AI + BI + Any (Not Only IT) Business + PhD)",Data Science,machine_learning,11.0,senior_10_plus,fluent,5.0,agile;computer vision;data analysis;machine learning;nlp;power bi;project management;python;scrum;tableau,10,,"SAP ERP R/3 (SD, MM, PP, FI, CO) + BI (BO) + AI (ML+DL) Implementation. The first book in (SAP + AI) was published in USA only 2 years later after our work (in Sept. 2019 by O'Reilly). It is the most complex project among all possible IT Development Projects in any industry in any country, including any double AI + triple Big Data. Repeatedly managed Data Science Teams Members with PhD. Scientific interests are: management, modern inductive logic, causality, evidence, philosophy of science, control systems, system analysis. Working experience in IT (and not only) more 15 years: C-level: Chief "
17131071-fb9f-594c-bcd6-5c3c66027375,Full Stack Web Developer,Node.js,fullstack,0.0,junior_0_1,intermediate,3.0,android;docker;git;javascript;mongodb;mysql;node.js;vue,8,,"I created some pet projects: - Online Shop. It has main page with all products (products have product price, name), shop cart (add or delete product) and order page. - Form based authentication and User Profile. User can log or sign in profile page (with oportunity to edit user profile data). I learn JavaScript/Node.JS (Express.JS), have experience in Web design (HTML, CSS, FlexGrid). Familiar with Vue.JS, worked with MySQL and MongoDB. Use Git/Githib for version control. Understand Docker principles and how to work with it. Developed a pet project on Android for myself: training schedule. C++"
7c96fd69-b008-5109-9b93-06364779ed41,Business Analyst,Business Analyst,data_analytics,5.0,mid_3_6,fluent,5.0,qa;ui/ux,2,gaming,"Covered the following responsibilities in my projects: Started in IT as QA with: - Planning, Estimating and Prioritising the testing activities - Test Cases Elaboration and Running - Issues Detecting and Tracking Moving forward in the BA environment: - Project from scratch processes set up and control - Solution development in collaboration with design team and PO - Requirements Elicitation and Modeling - Requirements Tracing and Maintaining - Requirements Review and Approval Process Management - Scope management - Backlog management - Risk assessment and management - Day-to-day Developer & QC"
8f4ee6f5-7a76-5d01-a857-fc7b5f7fa59e,UX/UI Designer,Design,design_ux,1.0,junior_1_3,fluent,5.0,figma;ui/ux,2,,"I have a Bachelor degree in Italian/English linguistics. As part of my thesis, I created two visual novels for teaching students of the 8th grade Italian language and studied the effectiveness of its use in learning a foreign language. I've finished Google UX courses and also learned basics of HTML. Additionally, I've finished video editing course and mastered Final Cut Pro. As a product designer in a charity organization, I was part of a multidisciplinary fundraising team. My responsibilities were: - help different groups within the organization develop and test various strategies to raise fu"
6c4dd5c6-c558-55d8-8b8e-81182420e03f,Team Lead / Head of department,JavaScript,frontend,7.0,senior_6_10,intermediate,3.0,angular;git;javascript;node.js,4,,"JavaScript, HTML, CSS/SASS, Angular, Git, NodeJS. Experience as a team leader 4 years Experience as a department head 1 year At the moment I am in charge of the front-end development department, which consists of two teams of 5 developers each. We are engaged in the development of analytical systems for the bank"
1ead2dba-8c5a-508d-93c3-04d72377b12c,Project Manager | Strategy Manager | Business Consultant,Project Manager,product_project,11.0,senior_10_plus,fluent,5.0,data analysis;power bi;project management;sql,4,,Developed and managed a regional branch network for the international outsourcing company - 5 location sites with a total staff of more than 500 high-skilled FTE. • Strategy and planning • Operations and Facility Management • Security and Business Continuity Management / Crisis Management • Preparing market and business profiles for various M&A initiatives (international IT consulting and outsourcing market) • Brand Communication and Corporate Social Responsibility I am a practiced manager with over 20 years of experience in the information technology sector. I believe a strategic approach aug
f0cf1d20-3891-587a-876a-d629e8792774,Senior Ionic / Angular Developer,JavaScript,frontend,7.0,senior_6_10,intermediate,3.0,angular;javascript,2,part_time;remote,"More that 30 applications were done in very different domains, so I have very big experience in various tasks and solutions, and also in dozens of side plugins and libs. Few more detailed things that I worked on: - Automotive domain app that included accounting of truck drivers activity (daily milage tracking with displaying on map, collecting of statistics, driver and supervisor dashboards with realtime data, etc. - Fintech app that contained huge amount of custom styling / calculation / visual modules that were build from scratch or relying on other libs / plugins. - Restaurant app that cont"
a04de632-a046-5cf9-b0ec-a9075d635842,Machine Learning Engineer,Data Science,machine_learning,2.0,junior_1_3,fluent,5.0,computer vision;machine learning;nlp,3,,"Automation of moderation(user info, photo, text). Building and maintaining production-ready ML systems from scratch. Computer Vision, NLP, Tabular data. Antifraud/Antiscam systems. Wide experience in web development. Developed several web applications for data mining, data labeling. Interested in Computer Vision, Generative AI"
a36d84a7-9b43-545d-a802-c00b0246795f,QA Engineer,QA,qa_testing,5.0,mid_3_6,intermediate,3.0,api;product management;qa;scrum,4,,"Have some experience in web testing, e2e automation ( webdriver-jbehave). Api testing, Project and product management. Scrum. Ready to downgrade to manual qa for with regular responsibilities. Non- toxic customer and team is preferable. All other details per request. Appreciate your time."
9c184ee0-7369-5e07-a2a0-aa4227d8cfe2,Junior Project Manager,Project Manager,product_project,0.0,junior_0_1,intermediate,3.0,agile;project management,2,,Recently i finished IT Project Management cources. At the cources i learned: - how work with different types of project - full lifecycle of IT project - main things about Agile and Waterfall methodology - how to differentiate stakehoders and work with them - how it goes source code delivery - how to make scope and estimate it for customer needs - make visual wireframes - why GDPR so important in some IT products - main things about all project documents I started my work career at building company as a marketing manager when i was a student. My main task as a marketing manager was: - makinng a
dd64e1aa-2423-52c6-83a7-3f3c44167996,Graphic Designer,Design,design_ux,2.5,junior_1_3,intermediate,3.0,figma;ui/ux,2,,"Hello! I have over 3 years of experience in Graphic Design and 2D Illustration. Currently, I am practicing and improving my skills in Figma and doing an in-depth study of UI\UX. I received a Bachelor of Arts in Graphic Design and completed UI/UX courses at the Design Kitchen School. I am confident in such programs as Figma, Illustrator, Photoshop, In Design, Procreate. UI/UX & Graphic Designer | Freelance * Creating the landing page, e-commerce project * Wireframing and prototyping * Creating user flow, sitemap * Working on the design of web elements (icons, backgrounds, etc.) * Resize/adaptat"
fb6a5c0e-0ab8-565f-a716-120fcf8db9c3,Junior Front-end Developer/ Junior Full-Stack developer,JavaScript,fullstack,0.0,junior_0_1,intermediate,3.0,agile;api;figma;git;javascript;node.js;react;rest;scrum,9,leadership,"Throughout my academic pursuits, I had the opportunity to collaborate on three distinct team projects, each of which required a specific set of skills and competencies. In the first project, I assumed the role of developer, where I was responsible for the technical aspects of the project, including software development, coding, and debugging. In the second project, I served as the Scrum Master, overseeing the project's agile development methodology, facilitating meetings and ceremonies, and ensuring that the team adhered to established processes and timelines. Finally, in the third project, I "
8dd9806b-65dc-5adc-951b-8be8a75755a4,DevOps engineer,DevOps,devops_cloud,2.0,junior_1_3,intermediate,3.0,aws;ci/cd;docker;gcp;git;jenkins;linux;mysql;python;terraform,10,,"Responsibilities: • automate integration routine; • participate in releases and deployment to various environments; • identify potential problems and risks; • perform integration setups, troubleshooting issues in the process and after the configuration is completed; • analyze defects and/or test results; • deduct the chain of events leading to a failure; • maintain new product functionality; • sustain the process of knowledge sharing with the related teams; • communicate with customers and stakeholders. Knowledge & practical skills: • Linux (Debian, Ubuntu) server administration • Cloud: GCP, "
7aca6230-3751-5f3a-a267-446f2c9a88d1,Node.js developer,Node.js,backend,4.0,mid_3_6,fluent,5.0,aws;docker;javascript;mongodb;node.js;postgresql;redis;typescript,8,,"I have 4+ years of backend expertise in building services for international companies in Germany, Singapore, and USA. Experience working with JavaScript, Typescript, Node.js(Expres.js and Nest.js), Postgresql, MongoDB, Redis, RabbitMQ, AWS, Docker/docker-compose, Unit-testing \ Mocha \ Jest"
230efb1a-e6df-53aa-86b5-bac104629a73,Linux administrator/DevOps,DevOps,mobile,8.0,senior_6_10,intermediate,3.0,java;linux;mysql,3,,"Java Start MTA certified in HTML5 Application Development Fundamentals. - Building, configuring and troubleshooting of servers Dell, HP, SuperMicro, IBM - Configuring routers: CISCO, Allied Telesis, D-LINK - Configuring hypervisors: Xen, Hyper-V, VMware -Installing and configuring: Eprints3, LMS Moodle, Open edX, Irbis, MediaWiki, Joomla, Wordpress - Working with databases: Mysql - Providing backups of all resources - Monitoring tools: Zabbix, Nagios - Linux(Ubuntu, Debian, Mint, CentOS): bash scripting; configuring and support services DHCP and DNS, iptables, Samba, proftpd, proxy(SQUID); web"
d9662ef8-7518-505e-a744-cd7177191fdd,Business/System Analyst,Business Analyst,data_analytics,5.0,mid_3_6,intermediate,3.0,microservices;product management;scrum,3,gaming,"- Successful analytical support of the transition of a huge platform from a monolith to microservices. - I have grown to the position of Product Owner. - Participation in the successful implementation of the SCRUM approach in the company. More than 4 years worked as a system / business analyst. At the beginning of her career, she worked in project development, so she had experience in many different areas. Then she moved into product development. In my last job, I was responsible for the following tasks: • Analytical support of the full cycle of IT projects implementation, from the application"
ce156e41-756a-5e39-8a4b-fa5a96a10892,Manual QA Engineer,QA,machine_learning,5.0,mid_3_6,fluent,5.0,agile;figma;qa;selenium,4,,"I have been able to complete some really massive projects in recent months. The first project, which took place between March 2021 and December 2022, was the implementation of the Salesforce Customer Relationship Management (CRM) solution for Standard Bank. The implementation focused on the implementation of a set of capabilities, including financial service cloud, marketing cloud, Einstein AI, and others, to aid in effectively capturing and tracking client interactions, learning more about customer needs and behaviors, boosting employee productivity, and delivering continuous innovation. The "
ebb17cfd-4382-5639-8a19-6b7d6a713043,Junior C# Developer,.NET,fullstack,0.0,junior_0_1,intermediate,3.0,.net;git;go,3,,"Since my first year at university, I've been rocking front-end skills and practicing. At the same time at university I was getting acquainted with C languages. In my second year I was selected for a full-stack Golang dev internship in a company. Was supposed to last half a year with further employment, but because of my leaving Kharkov I wasn't able to finish it. Now I continue to study my area. Unfinished course at Nix Solution company due to war in Full stack Golang developer. We were writing a food delivery site. You can see the development of the project in my Git."
d366ed2f-839f-51bd-b4f3-a33dca36a4f9,Project Manager,Project Manager,product_project,3.0,mid_3_6,fluent,5.0,product management;project management;scrum,3,,"Coordinating multiple cross-functional teams Weekly reporting to external stakeholders Following SDLC to deliver products Applied scrum processes to business analysis process to make it measurable Introduced a solution for PMO to report general meetings properly Took part in the creation of educational materials for customers (doctors) Coordinating MSProject enrollment in PMO It is important to see a ""huge"" number next to ""years of experience"". However, no one asks what kind of experience it was. I have plenty of multi-dimensional experience: I've been working as a software engineer for 4 year"
89349e8b-40ad-5a15-ad06-f7c55ca7297a,Project/Product Manager,Project Manager,design_ux,3.0,mid_3_6,intermediate,3.0,agile;git;javascript;mysql;product management;project management;qa;scrum;ui/ux,9,leadership,"For the last 3 years, I have been working as a Project Manager at outsource and product software companies. I have significant experience in managing various projects with all levels of responsibilities. And it is a right time for me to accept the next big challenge in my career. My skills: Agile methodologies: Scrum, Kanban; Waterfall; IT project lifecycle; Jira / Trello; UI/UX fundamentals; HTML/CSS/JS fundamentals. Team motivation; technical requirements development; project planning; customer reporting; people management; conflict management. As a project manager, I had a wide range of tas"
2dc77dfd-61dd-5f43-84ea-659ac6eeefac,Head of Product Development,Product Manager,devops_cloud,11.0,senior_10_plus,fluent,5.0,agile;product management;project management;scrum,4,,"- Launched dozens of cloud services. Many of them earned millions of revenue and engaged thousands of users - My achievements include B2B processes transformation for new digital economy and services, the growth of new business and successful Go-To-Market strategies development - Earned significant values (new revenue, discounts, significant advantages) for a company by leading hundreds of complex negotiations with partners and clients - Three times was recognized by the CEO due to successfully launched complex projects and big wins for a company [ Product Management] - Experience in managing "
8dd15b9e-ea4b-594b-aa2b-68d3997ec513,Business Analyst,Data Analyst,data_analytics,1.0,junior_1_3,fluent,5.0,data analysis;power bi;sql;tableau,4,,"•Communicated with internal stakeholders to gather requirements and needed information for analytics projects; •Analyzed KPI and the performance of employees for different types of motivational programs, and then consulted the recipients regarding the results if needed; •Written technical tasks for data analytics dashboards and reports for Power BI, describing both business and visualization requirements, and led those projects to the finishing point. •Created and kept up-to-date reports and presentations for the higher management. •Had experience analyzing bank data with SQL. •Created dashboa"
6cd1cb6c-1c58-50f8-b76d-e23e31346ae5,Middle Java developer,Java,backend,2.5,junior_1_3,intermediate,3.0,java;mysql;rest;spring,4,,"I've started as Junior Java developer and have achieved Middle Java Developer position for 2.5 years in Stibo Systems. Java SE (Java 8), Maven, OSGI, Gradle, GWT, JAX-WS, JAX-RS, RESTful, SOAP, Oracle, MySQL, Spring/Hibernate (theoretical)."
69e3e6dc-dd39-59af-babb-e79c15c92b7f,Junior Front-end Developer,JavaScript,frontend,1.5,junior_1_3,intermediate,3.0,git;java;javascript;react,4,,1) Application for managing cold-mailing and LinkedIn lead generetion Role: Front End Developer(React) Responsibilities: - Developing project according to customer specifications using React. - Collaborating with customer and developers to create better functionality. Tools and technologies: • React • Java Script • React Router • Redux • SCSS • GIT • Formik • yup • react-token-auth • axios • react-datepicker 2) A web application solution that helps to calculate the development cost of the Web or mobile application. Role: Front End Developer(React) Responsibilities: - Developing a new features 
f8044c41-f550-5676-b16b-6af3eb31b6cb,Lead Software Engineer in Test / Test Automation Architect,QA Automation,qa_testing,11.0,senior_10_plus,fluent,5.0,api;aws;ci/cd;docker;java;javascript;jenkins;python;qa;ruby,10,leadership,"- Successfully played a role of Technical Lead for the Test Automation solutions in the team of 50 QA Automation Engineers working on the same code base; - Introduced CI/CD Quality Gates both for Automation and Developers code; - Replaced the inefficient commercial automation tool with scalable multi-module Test Automation Frameworks on Java, JS and Ruby, integrating end-to-end testing into CI/CD, which reduced hours of manual testing work every week, increased products quality and saved money on the automation toolset. - Created an open-source tool for tests synchronization between code and d"
ca9de443-74d9-55b7-a71a-8feaf34b355e,Middle / Senior QA Engineer,QA,mobile,4.0,mid_3_6,intermediate,3.0,android;ios;qa,3,,"I self-studied QA. I have experience in QA ~4 years. I have experience as a single tester on a project, and in a group of more than 35 people. I test web applications (f.e. web-site a large network of Ukrainian cinema) / mobile applications (Android / iOS) (f.e. messenger) / desktop application and chat-bots (f.e. for gas station). Also I test devices controlling through desktop/mobile applications. I write test- documentations (check-lists, test-cases, matrix of coverage of documentation by test-cases etc)., instructions for application, use-cases. On the current project, I write guides for u"
154ed157-0061-5f12-87b7-c70fc80e847a,iOS Developer,iOS,mobile,3.0,mid_3_6,intermediate,3.0,ci/cd;graphql;ios;swift,4,,"1. White-label E-banking applications for Ukrainian and foreign banks. (Swift 5, MVP Architecture, Clean Swift Architecture, Networking (Alamofire), UIKit, Foundation, Autolayout, 3D Secure, KeychainAccess, Multithreading, Google maps and geolocation) 2. Homework helper application for studying (MVP, Networking (Alamofire), In-app purchases, OneSignal, Apphud, Appodeal, GoogleMobileAds, YandexMobileMetrica.) 3. Positive thinking application with pictures for good mood (Networking (GraphQL), RxSwift+MVVM, Social Services (Facebook SDK, Google, CI/CD)"
76f041bd-9a8a-58cf-b69b-d80b0ea02f3b,Project Manager,Project Manager,product_project,1.0,junior_1_3,intermediate,3.0,project management;scrum,2,,"- Integrated Scrum methodologies; - Set up business processes in a new project; - Rallied the team and implemented: teambuilding, english speaking club, educational calls; Project Manager - May 2022 until now United Thinkers (Payment Technology Company) - Setting tasks for the team and monitoring their implementation; - Conducting daily status meetings (planning, demo, retro); - Administrating task tracker; - Preparation of regular reports based on the results of the sprint; Head of Projects Department - January 2022 по February 2022 г. LLC ""WorkLife"" (Employment agency) - Formed a business pl"
8910a530-42e9-562e-92db-4db6e21c33b0,Javascript Developer,JavaScript,fullstack,11.0,senior_10_plus,intermediate,3.0,javascript;mysql;node.js;react,4,remote,Having more than 10 years of experience of software devolpment I can participate in projects as backend development as well as frontend developer. My current stack on backend is: Node + Express + MySQL or PostgeSQL. Also I have a certain experience of working with Apollo.js. On the frontend I mostly work with React + Redux + Bootstrap. But I'm always open for new technologies. At the moment I work as a freelance developer on Upwork platform. Would like to participate interesting projects as a fullstack remote developer
b283c305-7f30-5a22-b5e1-15b65a18129e,"IT Consultant, BCM, PM, Head of DevOps, Scrum master",Project Manager,devops_cloud,11.0,senior_10_plus,fluent,5.0,agile;linux;project management;scrum,4,,"Strong portfolio of successfully completed projects. Project recovery. DR and BC planing and management. Sterling B2B integrator support, troubleshooting, message management. Administrating and supporting IBM Websphere MQ on Windows/Linux/AIX/OS400. Administrating and supporting iCore Integration Suite, iCore Process Server. Working with complex B2B integrations, deployments, installations, etc. Setting up new environment for big international corporations (Volvo, Alfa-Laval, ESAB, Mercedes) Disaster Recovery and Business Continuity. Software development and Project management. Agile and Scrum"
4f9ab61e-927d-5975-819c-bcea5899c795,Junior Front-end Developer,JavaScript,frontend,0.0,junior_0_1,intermediate,3.0,javascript;react,2,,"FoodSta [HTML, SASS, JS, Parcel] One-page website for the ordering food. Role: Frontend Dev. Implement a markup and styles for header and footer Event Boster [HTML, SASS, JS, Handlebars, Parcel] Ticket ordering service for events. Role: Frontend Dev. Implement a pagination logic, pagination styles and switching pages WebStudio [HTML, CSS] One-page website with adaptive layout . Role: Frontend dev Wallet [HTML, CSS, JS, React, ReduxToolkit, Webpack] Site enables the user to save information about costs and incomes. Role: Frontend Dev. creating a register page, login page and logout implementati"
b4d56fb2-9b81-505d-a9e8-cdd30da4ea9f,Data Scientist,Data Science,machine_learning,1.0,junior_1_3,fluent,5.0,machine learning;numpy;pandas;python;pytorch;sql;tableau,7,,"I have experience in working with real data and projects. ML, statistical, and visualization knowledge in SPSS Modeler, deep knowledge and coding skills in Python, R, Oracle SQL, and Tableau. Basic Deep Learning knowledge and knowledge of several libraries such as Numpy, Pandas, Matplotlib, Seaborn, Pytorch and etc. Completing Hyperparameter Tuning on ML models for predictive analysis. I also have knowledge and skills in Time Series Analysis."
80572cd8-ad35-5c51-8954-2c1e3fe0d40b,Senior QA Engineer,QA,qa_testing,5.0,mid_3_6,intermediate,3.0,java;jenkins;qa;rest;selenium;sql,6,,"Прошел DataArt QA School Автоматизировал проект с нуля и перевел на Jenkins для автоматического запуска тестов 5 years of manual testing experience 1+ years of automated testing experience Skills working with automation tools (Selenium WebDriver + Java) Create/update test documentation (test cases, checklists, create test suites, bug reporters); - Functional, smoke, black-box testing, exploratory testing, UI, cross-browser, regression testing, etc.; - Review and estimation of new features implementation; Knowledge of test types and methods of organizing them during the testing of different typ"
bfb95c16-c385-5bae-b0b2-eb7b235aa77c,UX/UI Designer,Design,design_ux,3.0,mid_3_6,intermediate,3.0,figma;ui/ux,2,,"Senior UX/UI Design from 19.2019 till now ( 9 months +) — Higher education in the field of web design, product design or related fields with the skills of introducing own developments, bringing them to implementation — Fluency in Adobe Photoshop and Adobe After Effects — Thinking over the site interface (navigation, structure) — Drawing interface elements (Figma) — Combinations of 2D and 3D in Website and Application Designs + smooth animation — Teamwork — Prototyping in Figma — Development of unique visual solutions and ideas for interfaces — Knowledge of modern design trends and following th"
23e47d3b-6ae0-574d-be13-4326eefdfe9b,Junior Python Developer,Python,backend,0.5,junior_0_1,intermediate,3.0,django;python,2,,"Python for beginners by BEEGEEK. Python for advanced by BEEGEEK. Books: 1. Aditya Bhargava ""Grokking algorithms"", 2. Dan Bader ""Python tricks"". 3. William S. Vincent ""Django trilogy"" 6 months on Startup project: search and booking pharmaceutical products."
ed1a0ce3-afb1-557a-92c3-7eb4f68a3c8f,Junior Data Engineer,Python,data_analytics,0.0,junior_0_1,intermediate,3.0,postgresql;python;sql,3,gaming,"Unfortunately, I haven't got any achievements yet, but I want to correct this. I have been working with arduino in tinkercad.com with my university's mentor. He gave me tasks like a 'Simulation of a dice', which I did in tinkercad. I created schemas of microcontrollers and wrote codes for tasks. During the Python course, I was doing various tasks. I have telegram-bot with rating system and the parser, which gathers informations of advertisements, such as name, date, views, district etc, and adds it to data base (PostgreSQL). I really would like to work in Game Development in the future. Howeve"
6dc85a22-4624-5788-9800-26cb0a639265,Quality Assurance Engineer,QA,qa_testing,2.5,junior_1_3,intermediate,3.0,api;blockchain;graphql;qa;rest;sql,6,,"QA Engineer was initially absent on the project. The entire testing process was designed by me, in accordance with software QA methodologies and processes. That including the creation and updating of technical documentation, test planning, test case development, test execution, defect tracking and test reporting, etc. Implemented a full-fledged STLC phase, which has become a permanent and mandatory of the SDLC process. As a result, the importance of conducting QA testing as part of the SDLC was proven. Job experience: 1. Projects: DAO ecosystem, p2e game Role: QA Engineer Projects description:"
5136cd7c-75a4-56d4-82fc-e45e5b8b5078,Java Developer,Java,backend,2.5,junior_1_3,intermediate,3.0,java;spring,2,,"Java Certificate SoftServe ITAcademy English Certificate SoftServe ITAcademy I'm looking for Java Developer vacancy. My goal right now is to acquire new knowledge and practical experience in the implementation of the project. Have experience with database maintenance, site administration, Spring Framework. . Constantly willing to learn new things and stay ahead of the competition."
233e241f-365d-59a5-8955-232f9221ff8d,"Data Analyst, Data Science",Data Analyst,machine_learning,0.0,junior_0_1,intermediate,3.0,machine learning;qa,2,,"I'm a student at Lviv Polytechnic National University, Institute of Computer Science and Information Technologies. I have experience with my educational projects such as website development, dataset analysis and ML model building. Also, I take part in ELEKS QA Summer Camp 2021."
4ac706e3-17b6-5bd0-a904-d6913490c615,"Project Manager, Product Manager, Product Owner, Delivery Manager",Product Manager,product_project,6.0,senior_6_10,fluent,5.0,agile;ci/cd;data analysis;product management;project management,5,,"- Developed concept, created and launched a corporate news portal (to replace an uninteresting newsletter once a month). A pool of active users reached 64% of the employees in the first month after launch. - As a team, launched a total of about 250+ landing pages for customers, the average conversion at 3.4% - The conversion rate on the main corporate site grew from 0.64% to 3.42% after the redesign. - Over the period of 6 months changed approach to releases that increased delivery speed significantly - 6+ years experience with web projects (landing pages, websites (incl. post-launch support),"
de9f6617-c5e1-548f-9d0f-ca8985f27c43,Software Engineer,JavaScript,frontend,5.0,mid_3_6,fluent,5.0,aws;git;go;graphql;javascript;linux;node.js;react;react native,9,,"I guess my biggest achievement so far is that I have never stopped learning and improving as a professional. At least 1% improvement every day is my moto. Various projects as a software engineer from designing till deployment. Main stack: • 2+ years React Native • 3+ years React, GraphQL(Apollo), react-redux, redux-saga, i18n, rxjs, jest, babel, webpack. • 3+ years Node.js, express • 1 year AWS services: dynamoDB, lambda, ec2 and few more • Experienced with git, linux • 2+ years Golang(also with GraphQL) I am searching for a well established product company with challenging tech stack."
3044c29e-8495-50fb-a917-736efd7ae236,SRE/DevOps Team Lead,DevOps,devops_cloud,11.0,senior_10_plus,fluent,5.0,aws;ci/cd;git;jenkins;linux;python;ruby;terraform,8,leadership,"My current role is DevOps Team Lead. About 50% of my time I work as a Manager/Team Lead and 50% of my time I work as a Senior DevOps Engineer. My automation tool of choice is Chef, 4+ years of experience, Also I have several years of experience with SaltStack and Terraform. I can write code on ruby/python/bash and I have 14+ years of linux system administration experience. Outside chef scope my Ruby programming experience is mostly cli tools/scripts that communicate with services APIs to glue infrastructure together. Linux, Chef, Ruby, SaltStack, Python, Terraform, DevOps, AWS, Git, Jenkins I "
89a22de4-8de5-509d-96d9-34f0514064b9,Business Analyst,Business Analyst,data_analytics,5.0,mid_3_6,fluent,5.0,azure;data analysis;power bi;product management;project management;python,6,,"Technical Skills Microsoft Office 365: Office Applications: Word, Excel, Power Point, One Note Emailing : Outlook Task & Project Management: Azure Boards, Jira Cloud, WIKI, Visio Enterprise and Team Collaboration: Microsoft Teams, SharePoint Online Business Application Platform: Power Apps, Forms Analytics: Power BI dashboards Google Workspace: Gmail, Google Drive, Google Meet, Google sheets Google Ads, Google Analytics Certificate SAFe for practioner 2021 Programming: The essentials of Python Business Analysis Techniques: SWOT Analysis Model Analysis, Mind Mapping System Analysis Open DevOps "
8d2f86c8-d090-5ea9-9051-1a7199b523a9,UX/UI Designer,Design,design_ux,2.5,junior_1_3,fluent,5.0,agile;ui/ux,2,,"I single-handedly designed a train ticket booking app currently in proposition to the Nigerian government. Built an extensive design system for cross-functionality, aiding identity preservation and also reducing total time spent on design by 40% Communicated user research outcomes and requirements with stakeholders using wireframes and prototypes helping to develop a minimum viable product for brand awareness and user testing. Conducted A/B testing between minimalistic and colourful prototypes to understudy users interaction and behaviour with both. Collaborated in an agile environment using J"
8bc5a8ee-fbea-51db-aab9-d7fdc869317b,Full Stack PHP Developer,PHP,fullstack,5.0,mid_3_6,intermediate,3.0,api;aws;data analysis;elasticsearch;go;laravel;microservices;php;qa;vue,10,,"I have been working in the current company for more than two years as a Full Stack PHP developer in a team that develops and maintains one of the largest European online stores. The project is developed using microservice architecture and Laravel as the main framework. Vue for building web user interfaces. On this project I worked on: - development of two microservices (analytics, dropshipping) from scratch, which were successfully released live (total 16 microservices) - optimization and increase in the speed of data exchange between microservices - development of API for third-party services"
03460c78-f06d-5442-bf46-6ccb82e1416a,Mobile Developer,Flutter,mobile,9.0,senior_6_10,fluent,5.0,flutter;rest,2,,"I developed and launched a mobile application using Flutter and Dart that received a 4.8-star rating on both the App Store and Google Play Store. The app allowed users to easily order and pay for meals from local restaurants, and it saw a 300% increase in monthly revenue within the first three months of launch. As a Flutter developer, I have worked on several projects where I was responsible for designing, developing, and implementing mobile applications using the Flutter framework. In my previous role, I worked on a project for a client in the healthcare industry where I developed a mobile ap"
f1339dbf-344e-5f2e-8124-9cf425ef2088,IT Recruiter,Recruiter,product_project,3.0,mid_3_6,intermediate,3.0,.net;angular;data analysis;java;node.js;qa;react;vue,8,,"Responsibilities: - Maintaining the full recruiting cycle - Active sourcing of candidates using a variety of channels (LI, DOU, Djinni, UpWork, Boolean search, X-ray search, internal and external recommendations) - Develop recruiting strategies to identify qualified candidates and build network. - Define requirements, expectations for potential candidates - Conduct HR interviews - Сoordination and organization technical and customer interviews preparation - Work with projects, delivery managers all over Ukraine, Poland, and with Bulgary - Mentoring new team members - Maintaining candidate data"
e4d9001b-cd4b-5e98-9030-0453873eaedb,DevOps engineer,DevOps,devops_cloud,0.0,junior_0_1,intermediate,3.0,aws;git;terraform,3,,I successfully completed the following courses and received the following certificates: ERC Microsoft Cloud Partner Incubator Cisco Certified Network Associate (CCNA) Routing and Switching Computer Systems and Networks Engineer with over 5-year expertise. I actively and thoroughly study the DevOps methodology and want to become a DevOps engineer. I have been working on not trivial projects and as the result have got good experience in implementation cloud technologies and communication with English speaking partners. I'm seeking for new opportunities to grow up my skills and have a new experie
96db37b9-43ac-577f-9974-61aa7a759b5e,Data Scientist,Data Science,machine_learning,2.0,junior_1_3,intermediate,3.0,agile;data analysis;machine learning;nlp;numpy;pandas;python;qa;scikit-learn;sql,10,remote,"Winner in the competition Best in Profession 2018 Data Scientist in IT department of biggest bank of Russia (from June 2018 to the present) R&D department Dialogue System Project: Construction of neural network algorithms for voice processing (speech-to-text) (using Tacotron, Waveglow) Intents extraction (user needs) and their classification (order a taxi, way to home, cooking) from the text Developing algorithms for NER (Named Entity Recognition: dates, addresses) using rule-based approach (Yarge parser) and NLP methods Classification of Wake words (determine what skill in the voice assistant"
97202910-3b46-559d-9a7f-6d93ece47e2f,Junior C# Developer,.NET,backend,0.5,junior_0_1,fluent,5.0,.net;c++;mysql;php;sql,5,,"Set of accounting applications (ledger, warehouse, accounts, cash, staff, etc) I study C# (forms, SQL, OOP) and HTML/CSS. I assume that my level of C# allows me to start real work at once. Some time ago I had had a good experience in Delphi/IntrBase, C++Builder, some experience in PHP/MySQL."
1a54e0d4-c62f-53e1-9df5-374a3c4f4d1a,Head of Customer Support,Support,data_analytics,9.0,senior_6_10,fluent,5.0,data analysis;qa;sql;tableau,4,,"- Conducted an audit of the operational processes for the biggest delivery company in Saudi Arabia, using SQL and Tableau for visualization of results - Based on outcomes of the audit, optimized the productivity of the Customer Support department of 200+ people. - Built a new structure for knowledge sharing inside the company and implemented intelligence-swarming process. - Wrote automatization process using the chatbot, which decreased the Customer Contact Rate by 40% - Introduced a new CRM structure with Customer Support queue and enhanced Data Analysis capabilities, which allowed making Sta"
d6182a18-a575-5fca-8288-e4bedda52b6e,Front-end developer,JavaScript,frontend,0.5,junior_0_1,intermediate,3.0,git;javascript;react,3,,"Hello! I have experience in website development. I'm using HTML, CSS, SASS, Bootstrap, GULP. Recently completed a course ""WEB-developer"". I learned more technologies such as Webpack, Git and realized my mistakes when writing code. I also completed one more course ""JS+React"". I have practice in a project with React now. I want to develop my skills, learn new technologies and work in a team. I worked as a freelancer, now I want to find a job in a good company."
c69bb319-d105-5664-b91f-99eaca347eac,Junior Project Manager,Project Manager,qa_testing,0.5,junior_0_1,intermediate,3.0,agile;project management;qa;scrum,4,leadership,"Successful experience in budgeting, planning, project control and team management (in the construction industry) Greetings, I am a junior IT project manager with a previous experience of about 6-7 years in a project role in the field of construction (both team management and team leaders). Graduated from IT project management courses at Go IT, additionally completed a scrum and agile course on the Skillsetter platform. I am currently in Dexola_IT_camp (role PM), studying manual testing (to expand my knowledge as a PM) and also working on improving my English. • Documents prepared during the im"
cf5ac452-74f3-58c7-af43-721cb8db11f8,Manual QA Engineer,QA,mobile,5.0,mid_3_6,intermediate,3.0,agile;android;api;git;ios;mongodb;qa;scrum;sql,9,,"Active participation in work-flow improvements. Dozens of people from different departments used to ask me about business logic of the product. Skills and knowledge: 5+ years’ experience as a manual QA engineer - Experience in web testing (ad-hoc and formal) including mobile version; - Experience in mobile application testing (Android/IOS platform); - Experience in API-testing; - Experience in working with bug/task tracking systems; - Experience in creating and maintaining testing documentation – test cases, checklists, bug reports etc; - Experience in working with data bases (SQL, Mongo); - A"
dd1db566-021e-5441-8c1e-5919ebbb7932,Sofware developer,.NET,fullstack,10.0,senior_10_plus,intermediate,3.0,.net;angular;api;aws;azure;git;javascript;node.js;selenium,9,,"- take a part in requirement gathering and estimation. - facilitate team communications. - writing specifications, code reviews, unit and function testing. - ensure that all software releases are completed by the deadline current delivery. Web&solution from scratch fullstack dev - .NET 2 up to 4.5, Entity Framework 4.5-6, ASP.NET MVC Web API, oData, WCF, Design Patterns, Dependency Injection, Microsoft Patterns & Best Practice. MSSQL, Azure Amazon clouds aws. front-end: - JavaScript, HTML5 & CSS3, cross-browser coding, bootstrap, SinglePage App MVC&MVVM : * Knockout, * AngularJs: Angular Mater"
b3b4708e-87cb-53d2-8220-3ca9f94927be,UI UX Designer,Design,design_ux,4.0,mid_3_6,fluent,5.0,data analysis;ui/ux,2,,"• Establishing an optimized design process that improved project speed and quality. • Creating a powerful analytical system, enabling marketers to work x3.1 times faster. • Redesigning the Product Admin System, reducing documentation and accelerating workflows for multiple departments. Hello! As an experienced UI/UX Designer with 4 years of professional experience and a background in Computer Engineering, I bring a unique set of skills and expertise to the table. Here's what I offer: • UX Research: I conduct in-depth user research through interviews, surveys, and testing to understand user nee"
109ea56e-b331-5276-b3c6-e2c37c09d50d,Webflow Designer and Developer,Design,design_ux,4.0,mid_3_6,fluent,5.0,figma;javascript;ui/ux,3,,1. UI/UX Designer (Level 2 Seller) -Fiverr Ltd. July 2018 - Till Date 2. Website Design and UI/UX (Top Rated Badge) Upwork. Apr. 2020 - Till Date 3.Web Designer and Funnel Expert Andrew Lord Mar. 2020 – Jan. 2022 Designed full websites on Wix and Kajabi - Strategically established unique site delivery that continues to grow in traffic and revenue. - Maintained company website and photographed products used on site. - Created and monitored cost and schedule systems to ensure successful and on-time project deployment. - Built series of landing pages on Kajabi and Wix. - Worked directly with clie
7e069445-b1ed-5141-a9e9-025246b7ce52,DevOps engineer,DevOps,devops_cloud,4.0,mid_3_6,fluent,5.0,aws;docker;kubernetes;linux;python,5,,"CKA,CKAD, AWS SAA , AWS DVA I am a Site Reliability Engineer with over 3 years of experience in the industry. I specialize in ensuring the reliability, performance, and availability of critical systems and infrastructure. Devops Engineer with 3+ experience in Infrastructure, Automation and Software Development. Proficient in a variety of tools and technologies, including Python, AWS, Docker, Kubernetes, Linux, and Ansible. I’m committed to improving reliability, performance, and scalability through the implementation of best practices and innovative solutions."
05dee38c-baff-5075-bfc5-1cbc4484b8aa,"WPF Developer,C#",.NET,backend,1.0,junior_1_3,intermediate,3.0,.net;git;sql,3,,"C# Developer with 1 year of uncommercial expirience.I have expirience working with WPF using MVVM pattern,i have expirience working with Entitiy Framework,i know SQL,i know also C and C++ basics,I have expirience working with Git,i could understand HTML and CSS,i have expirience working with Unit testing frameworks(NUnit and MS Test)."
07e533af-a3cd-5edf-b821-530ad2c94181,QA Engineer,QA,qa_testing,1.0,junior_1_3,intermediate,3.0,computer vision;cypress;javascript;qa;ui/ux,5,,"- Graduated from the QA Engineer course - Have a technical education in the energy sector - Experience in building and maintaining computers, computer systems, and structured cabling systems (SCS) - learning JavaScript and Cypress QA Engineer with almost 1 year of experience in software quality assurance. After graduating from the QA Engineer course, I am working as a QA Engineer intern in a US product company. Current project role: Manual Test Engineer - Functional & Non-functional testing - Cross-browser & cross-platform testing web applications - Testing cross-platform and native mobile app"
5e4fe402-dc55-5135-affb-8a2988188084,Data Analyst & Data Scientist,Data Science,machine_learning,2.5,junior_1_3,fluent,5.0,data analysis;machine learning;power bi;python;sql;tableau,6,,"I have been working in the field for the past 2 years. I have gained valuable experience working as a Data Scientist at QSS Analytics for 2 years and Softengi for 4 months. My experience has given me a deep understanding of data extraction, feature engineering, and data visualization techniques. I am well-versed in various technologies such as Python, R, SQL, Tableau, and PowerBI. I have a strong understanding of machine learning techniques and have experience in implementing them to solve business problems. I am confident that my skills and experience make me a strong candidate for the role a"
dfcd08eb-a6f2-5e49-9776-6289e48a2dfd,Project Manager / Delivery Manager,Project Manager,product_project,8.0,senior_6_10,fluent,5.0,agile;product management;project management;scrum,4,leadership,"On my career path I've had successful hands-on experience in all project activities starting with pre-sale and ending with product delivery and support for B2B and B2G, negotiating with C-level stakeholders and decision makers. Project Manager/Delivery manager with 8+ years of experience. Background in product management and business development. Located in the EU. - Worked at ourcource 800+ people and product 150+ people companies - Successfully led 50+ projects through full SLDC - Managed teams of 5-120 people working by Agile and non-Agile methodologies - PMI Agile Certified Practitioner (A"
706f2edd-fe24-527a-8eac-da7aef7354af,Frontend Developer,JavaScript,frontend,4.0,mid_3_6,intermediate,3.0,javascript;ui/ux,2,remote,"I am a front-end developer with experience in utilizing a component-based approach in layout design, which enables efficient addition of new content and reusability of code. My toolset includes Gulp for assembly, HTML5, SCSS, AMP, JS, Bootstrap (when necessary), and various JS libraries. I strive to maintain clean, understandable, and valid code that adheres to cross-browser compatibility standards. I follow the BEM methodology to ensure consistency and scalability across projects. Additionally, I have experience in Shopify development, including proficiency in Shopify Liquid, APIs, and app de"
0324ce19-c391-5044-801c-bad6d8237574,Full Stack Web Developer,JavaScript,fullstack,0.0,junior_0_1,intermediate,3.0,javascript;mongodb;postgresql;react;typescript,5,,"I possess strong communication skills and genuinely enjoy connecting with and getting to know people of all ages. I engage in conversations with enthusiasm, fostering positive and meaningful interactions. I enjoy bringing people together and facilitating a sense of unity and cooperation. I consistently lend a helping hand to others and take pleasure in providing assistance. I genuinely care about the well-being of those around me and strive to make a positive difference in their lives. I actively participate in charitable initiatives and have been a volunteer donor on multiple occasions. I tak"
1c05e850-2806-5fa7-8735-31c629d0147d,Flutter developer,Flutter,mobile,5.0,mid_3_6,intermediate,3.0,flutter;javascript;typescript;ui/ux;vue,5,,"Flutter developer - Mobile development (Education tech) Be a key part of delivering projects on Flutter, advising on and implementing best practices. Discuss and input on technical approach for upcoming work with the team. Actively participating in development meetings. Liaising with the technical lead to identify and work through problems. Following company and project standards and processes, contributing to documentation by creating and updating as necessary. Keeping up to date with Flutter and mobile technology, contributing ideas on technologies we should look at and how we can improve ou"
db9ea755-61d7-5bc2-9efd-aa722a1a8487,Junior QA,QA,data_analytics,0.5,junior_0_1,intermediate,3.0,qa;scrum;sql,3,,"MATRIX42 Ukraine. junior tester . Have a good knowledge about different testing techniques. Understanding of relational databases and extracting data using SQL. Strong understanding fundamentals of testing. Have experience of using Coded UI for test automation. Good skills using C++ in mathematical computation. Communicating, negotiating, problem solving. Complete scrum for team training course. Have good logical thinking, quick learner Experience in using: Microsoft Test Manager for bug tracking, writing test cases. Team Foundation Server for work in scrum team: WEB and using Visual Studio 20"
0305db55-9f69-57a1-a2c8-534c14ee6636,Android Developer,Android,mobile,5.0,mid_3_6,fluent,5.0,android;git;java;jenkins;kotlin;mysql;rest;selenium,8,,"Programming Languages Java, Kotlin Technologies Android, HTTP, REST, Appium, Rest-Assured, jUnit, Selenium, Jenkins, sikuliX, Ansible Android SDK Activities, Broadcasts, Services, Responsive design, Constraint Layout, Architecture Components, Notifications, etc. Android libraries Support library, Retrofit, RxJava, Crashlytics, Dagger 2, Databinding, Crashlytics, LeakCanary, Glide, android-job, etc. Development Tools Intelij Idea, Android Studio, Eclipse, Jira, Confluence, Android SDK, Redmine CI Bitrise Version Control Git (sourceTree client), SVN. Bitbucket and GitHub services Dependency Mana"
32b975dc-8ed7-5979-91cc-ac4aa3a1d6b5,Software Engineer,JavaScript,frontend,9.0,senior_6_10,fluent,5.0,android;angular;ios;javascript;react;react native,6,,"Senior Software Development Engineer with over 9 years of development experience. Strong skills in front-end, proficiency in development high performance software using React, React Native, JavaScript, Angular, and Ionic. Solid experience with web, mobile (iOS & Android) and desktop applications developing web shops, animals care organizing systems, news portals, news collectors from RSS feeds and social media platforms, HR management systems. Accomplished and fluent communicator with strong investigation, problem-solving and decision-making skills, combined with a pragmatic approach. Good int"
a7a531bf-255f-5c1b-adaa-fa479f105822,Middle Java developer,Java,backend,1.0,junior_1_3,intermediate,3.0,agile;aws;docker;git;java;jenkins;microservices;mongodb;mysql;postgresql;redis;rest;scrum;spring;sql,15,,"Education: I received a bachelor's degree with honors from KPI, majoring in Computer Science in 2023. I plan to continue obtaining a master's degree. Experience: In 2021, I took a summer course for Java developers from EPAM. I successfully completed it. In December, I started working on my first project. A year later, the project was completed and the team was disbanded. Since then, I haven't had any product development experience, but I hasn't given up writing code. After 9 months of work, I successfully passed an interview for a mid-level developer. About project: The main idea of the projec"
65442a0e-3536-5531-80ec-0c84ee998ab0,IT Administrator,Support,devops_cloud,3.0,mid_3_6,fluent,5.0,aws;javascript,2,remote,"Polish language. ITILv4 CompTIA A+ CSAT's top performer. Lean Nexthink L2 I have 3 years of experience as IT Service Desk Administrator in Wipro. Resolution via call/email/chat/tickets. Active Directory Administration. Remote desktop support. Troubleshoot technical issues with business apps, iphone, ipad, laptop, etc. Cisco, VPN, OKTA, Salesforce, SAP, LogMein , AWS, Citrix, etc. HTML5,CSS3,Bootstrap,JS, etc. Fair compensation. Remote 100%."
0d412f22-60a1-51ac-9549-c42e6a19eaca,Ruby on Rails Developer,Ruby,data_analytics,3.0,mid_3_6,fluent,5.0,docker;git;jenkins;react;ruby;sql,6,,"Cerner Project Description: Enhance Cerner products to comply with the 21st Century Care Act. Responsibilities - Developed new features - Fixed bugs - Updated Documentation - Prepared tasks for estimation - Reviewed pull requests - Worked on unit and integration tests (Gherkin) Database: SQL Tools: Postman, RubyMine, DBeaver, Jenkins, Docker, GitHub Technologies: Ruby, Ruby on Rails, Gherkin, RSpec, Bash, SQL, Git EPAM Project Description: Rewrite the EPAM opportunities portal to meet modern code standards and create meaningful documentation Responsibilities: Create reusable functional react c"
74e6ee54-722f-5c47-9156-91a0b585fba5,Machine Learning Engineer,Data Science,machine_learning,3.0,mid_3_6,fluent,5.0,computer vision;machine learning,2,,R&D Machine Learning Engineer with over 3 years of experience and strong academic background. • Implemented and evaluated machine learning algorithms for land cover classification using satellite data. • Built tools to automate data acquisition and preprocessing tasks. • Performed evaluation of prototype models. • Completed data cleaning and data validation. Have experience in computer vision. Solved image classification and segmentation problems.
df0d55f2-a020-57c9-a9ad-ec0a8ca52aa8,Sr Project Manager/Lead Project Manager/Product Owner (Ecommerce incl),Project Manager,product_project,11.0,senior_10_plus,fluent,5.0,agile;product management;project management,3,,• 100+ projects delivered • Enterprise projects management • 10 years of IT and Ecomm experience • Strong strategy facilitator • Managed 70+ reports • Client references available upon request • Multiple successful Discovery sessions & BAs completed • Ecommerce Strategic Content Writer/Contributor AREAS OF EXPERTISE • Business Analysis • Project Discovery and Kickoff • Risks Assessment • Managing PMO • Agile project management • Project phases planning • Project timelines planning • Resources management • Account management • Products Demo • Sales presentations • Complete maintenance of the pro
cbb8dc3b-bd2d-5e25-bb92-7b2f69d0f4ab,UI/UX Designer,Design,design_ux,1.0,junior_1_3,fluent,5.0,figma;ui/ux,2,,"Web & graphic designer — 4Limes Digital Agency | 05.2021-03.2022 Development of UX/UI for websites and interfaces of various complexity (landing page, one-pager, corporate site) Creating UI kits, wireframing Using components, atomic design, adaptive design, animating interfaces in Figma Smart Animate Designing animated and static banners for Google Ads and Facebook Ads campaigns Creating visual content for a corporate Instagram profile: posts, highlights, stories Creating brand identity: logo, brandbook, print production Design of billboards, signs for exhibition stands"
11a611f9-9566-5cb3-aa63-b14deb2b9fe6,Junior QA Engineer,QA,qa_testing,0.5,junior_0_1,intermediate,3.0,api;qa;scrum,3,,I have found many inaccuracies and defect in the project documentation and received praise from the PO for such a great effort. SoftServe Project: Green City (commerce application) QA engineer Responsibilities: Requirement analysis and clarification Writing test cases and checklists for web application Working with API testing (Postman) Log defects and track to closure Working with bug tracking system Jira Participating in SCRUM meetings
64040f5f-98c6-5468-8dec-e92d4e93a405,Full Stack Developer,JavaScript,fullstack,2.0,junior_1_3,intermediate,3.0,angular;figma;git;javascript;mysql;node.js;php;react;typescript;vue,10,,"Worked simultaneously on three projects - each project has been successfully completed and is still operational. Thanks to this, the company has retained two developers for other tasks. 3nd of Olympiad in electrical engineering 2019 1nd of Volleyball Tournament named after Varnavskoho 2019, 2020, 2021 and 2022 +250 Algorithmic Tasks solved during the last 4 months Wrote an article ‘Topic Reduction of power plant emissions’ in March 2020 As a fullstack developer, I have two years of experience with: - HTML, CSS, BEM, SCSS, JS - TS, React.js - NodeJS, PHP, MySQL, Postman - Figma, Framer - Git, J"
7241e2fc-e7ac-538a-b782-4840d3afad05,QA Engineer,QA,data_analytics,2.0,junior_1_3,intermediate,3.0,agile;git;jenkins;qa;scrum;sql,6,,"Analysis, review and approving business and technical requirements Test analysis Test design: creating test suites, test cases, check-lists Provide estimations for all activities Searching and preparing test data Creating mock services Wsdl verification Bug tracking ang bug reporting Integration testing Regression testing Manual functional testing Log files analyzing to define type of bug Creating daily job reports Software and skills: SQL basic skills JIRA SOAP UI PL/SQL DEVELOPER MS Office SVN, Git Jenkins, TeamCity HTML, CSS Eclipse, Netbeans Agile methodologies, Scrum Intermediate level of"
0dc79e3c-b8f4-5e30-bb2d-ef8ba540ded4,Project Manager,Project Manager,product_project,7.0,senior_6_10,intermediate,3.0,javascript;project management;python,3,research,Successful recent research projects: - Ukraine standards of care for cardio treatment in patients with venous thromboembolism - National Monitoring of The State Energy Program - The public political and social awareness research - Internally displaced persons and host communities study - Study of the population's knowledge about the work of the National Police and the relation to its activities - Health and medical services in Ukraine situation study - Ukraine standards of care for GP-s treatment in patients with type 2 diabetes - Psychological condition characteristics of the civilians who ha
cc958620-7881-5332-9b14-898d903df7a4,Junior QA Engineer,QA,qa_testing,0.5,junior_0_1,intermediate,3.0,agile;qa,2,,"Acquired skills: Умею гуглить! Knowledge of testing theory; SDLC understanding; Agile basic knowledge. Testing of large ERP-system (Pitcher impact, Pitcher web-admin) Responsibilities: - Execution of test cases while regression testing - Re-testing - GUI testing - Exploratory testing - Bug reporting - Bug fixes verification I'm looking for a job, where I'll become a good specialist. Desired position: Trainee/Junior Test Engineer"
c73b72aa-80de-5a05-90db-ba65287adf7d,"Embedded С Developer, Linux, Engineer",C++,design_ux,2.0,junior_1_3,intermediate,3.0,c++;linux,2,,"* Full hardware solution developer - code, schematics, tracing and all needed to help prototype come to real life. * Experience in finding Chinese IC's for highly specific project's needs and getting samples. * Managing to get needed components in optimal price/time ratio. C (plain), Assembler, AVR, STM32, CPLD, Linux, CAD, Altium, Eagle, Schematics, Tracing, Prototype, Yocto, i.MX6 * Experience in designing complex ARM-based solution (Freescale i.MX6) with CPLD and peripheral uC's * Knowledge of all typical wired data transceiveing protocols like SPI, I2C, RS-232, Software-defined parallel pr"
3879d061-bb83-5939-b307-24b89f84d0e7,iOS Developer,iOS,backend,0.5,junior_0_1,fluent,5.0,api;git;ios;rest;sql;swift,6,,"Two start-up projects (iOS applications) in the development process. Include working with REST API, working with media and geolocation on iOS devices. Worked for 5 months on commercial ERP system (C#, MS SQL) Swift, Objective-C, REST API, JSON, Design patterns, CoreData CoreLocation. Have some experience with Amazon S3(creating buckets, downloading and uploading files). Experience in working with Git services. Understanding of multithreading in iOS and Automatic Reference Counting work principles Flexible hours, professional growth, challenging tasks,"
b81a0de2-2e8f-5795-80d3-81949928e06a,Manual QA engineer,QA,mobile,0.0,junior_0_1,intermediate,3.0,qa;sql,2,,"I have finished on-line course ""Software testing basics""; Skills: Knowledge of QA theory; Understanding of software development lifecycle, testing lifecycle, bug lifecycle; Experience in using bug tracking system ""Mantis""; Experience in using test management system ""Testlink""; Ability to write test cases, check lists, bug reports; Ability to do mobile testing, cross-browser testing; Familiar with HTML, CSS, SQL Improvement of technical skills, professional growth, friendly colleagues, adequate management. I haven't got a commercial experience, but I am ready to work for free (for some time) to"
2962be01-bf54-573b-b5de-88bf10717d3a,Lead / Senior Data Scientist,Data Science,machine_learning,4.0,mid_3_6,fluent,5.0,api;aws;azure;ci/cd;gcp;kubernetes;linux;machine learning;nlp,9,,"Data Science: * research: advanced applied mathematics and statistics, hypothesis evaluation, digital signal processing, time series analysis, operations research, system analysis. * modelling: classical ML (supervised and unsupervised), dimensionality reduction, optimisation, linear, non-linear and stochastic programming, control and decision systems engineering. * other: deep learning, text mining, NLP, numerical analysis, data visualisation. Data architecture: big data and data science pre-sales and consulting, ML solution and pipelines design, API and DWH / data lake, data marts design (in"
c31b142a-aa4f-5b4c-9b97-3ebe598d4f69,Full Stack Web Developer/ Software Engineer,JavaScript,fullstack,3.0,mid_3_6,fluent,5.0,agile;javascript;machine learning;mongodb;node.js;react,6,,"I have mannered to learn 5+ technologies to mastery and built meaningful projects using them I have over 3 years of experience working on web applications based on React, Node, Express, MongoDB and all the vanilla technologies for frontend. The web apps are mainly e-commerce, websites, end-to-end machine learning systems. I also have a solid experience in AI and Machine learning as well as Game Development in C++ and SFML. I have built a quit number of projects on a freelance level and working for companies. Throughout my carrier, I have worked with great engineers and that have helped me to b"
36016397-c8f9-5bf2-bbc1-d319ef35185a,Software Engineer,Golang,devops_cloud,5.0,mid_3_6,intermediate,3.0,ci/cd;docker;gcp;git;go;jenkins;kubernetes;linux;redis,9,,"Experience: 1. Software developer. - Golang, GCP(pubsub), gRPC, Prometheus, , Redis, etcd, kubernetes & docker (basic). 2.C++. Software developer: - Linux. Automotive. - feature implementation, bug fixing, creating unit tests - C++ - OOP, STL. - CI/CD - Jenkins, Travis. - Git, Jira, Confluence."
bd2ace5c-2715-5bdf-a9d4-9a36e4dc7384,Front-end developer (Vue.js) | WordPress developer,JavaScript,frontend,2.0,junior_1_3,intermediate,3.0,javascript;react;vue,3,,"A highly motivated developer, interested in all things related to Frontend development. I have over 3 years of experience in the IT industry focusing on front-end development (development of user interfaces, components, web apps, etc) by using JS or related frameworks. More than 1.5 years of experience with Vue.js. Also, I finished Computer Science (college, bachelor, master) and worked in a hosting company for 1 year. Have strong experience with Vue.js and less React. Well-organized and capable of adapting to working as a part of the new development team. Currently available for full-time wor"
256f6e75-d599-526d-a9f4-376375077837,FullStack Developer,JavaScript,fullstack,1.0,junior_1_3,intermediate,3.0,javascript;node.js;react,3,,"Landing, development application: Led the successful landing and development application of a complex project utilizing the React, Node.js, and Redux stack. Ensured seamless integration of these technologies to deliver a robust and user-friendly application. Thorough Code Review: Conducted meticulous code reviews to ensure adherence to best practices, maintain code quality, and identify areas for optimization. Provided constructive feedback to the development team, resulting in improved codebase and enhanced overall performance."
ad6812fe-75f1-57e7-a0f4-8aabaf178a70,Junior Project Manager,Project Manager,product_project,1.0,junior_1_3,fluent,5.0,agile;figma;project management,3,leadership,"As a project manager: • Applied people management practices, such as coaching and mentoring, conflict management, team motivation, and team building to efficiently manage 2 teams consisting of 15 people • Organized and maintained the project management processes at all its stages from estimation to delivery by predicting future risks, navigating the internal CRM system, utilizing the Airtable platform and Trello to evenly allocate a workload • Conducted weekly meetings and retrospective sessions with the use of Agile practices and Adizes methodology that helped to increase teams' effectiveness"
55d17e00-2ba3-5fb9-812b-ebf6827bf27d,Front-End Developer,JavaScript,frontend,1.0,junior_1_3,intermediate,3.0,api;git;javascript;react;scrum;ui/ux,6,,"Hard Skills: HTML, CSS, JavaScript React Responsive Design Layout and layout (Sass, Bootstrap) Testing and Debugging Performance Optimization API Interoperability Git and Version Control Systems Soft Skills: Communication and team collaboration. Analytical thinking. Adaptability and time management. Creativity and attention to detail. Self-learning and adaptation to change. React developer. Scrum Launch | June 2022 - present. Web application user interface development and support. Creating and optimizing web pages using HTML, CSS, JavaScript and React. Integration with backend developers to ex"
52e95ff4-6cb2-52df-a30f-d63e1a84caf2,Senior QA Engineer,QA,devops_cloud,11.0,senior_10_plus,fluent,5.0,api;qa;ruby,3,remote,"Recently I was performing accessibility testing for a partner website of Microsoft. This was so far very fun and still a complicated task in my career. Highly experienced (10+ years) manual QA engineer with a unique talent for not only breaking systems but improving them and identifying flaws. Successfully launched numerous start-up projects into production which continue to operate effectively worldwide. Possess exceptional communication skills, is a quick learner, is a team player, and can work with minimal supervision. Continuously seeks to improve existing skills and acquire new knowledge "
0ca1fa6b-5b59-53c2-9cb6-6467a6f7f24d,Junior QA Engineer,QA,mobile,0.5,junior_0_1,fluent,5.0,android;ios;qa,3,,"I’m a hardworking and honest person and I always do my best. Practic classes at LOGOS IT Academy (dec-mar 2020) Basic knowledge in Software Testing (SDLC, STLC) Working in the project ""Calculator"" Testing project ""Schooll portal"" Testing the mobile application and log bug reports Writing and analyzing requirements Writing User Stories Working with test design techniques Mobile Testing: Android/IOS Writing Test cases and Bug reports I'm a highly motivated person and interested in developing my IT skills. An Interesting project and professional team."
cc78574f-2a88-56d5-b637-435e1d44f896,Data Scientist,Data Science,machine_learning,0.5,junior_0_1,intermediate,3.0,numpy;pandas;python;scikit-learn;sql,5,,"My path to IT started in the 10th grade. Where I studied Pascal. The result of my efforts was a prize at the Olympics. I was most pleased with the moment when I understood how to solve a difficult problem, so I constantly tried to take on more difficult problems. Later at university I studied HTML and CSS. But due to circumstances, I was forced to leave the university and take a break from IT. Since the beginning of the war, I have had time to return to IT, which has given me so much pleasure. I decided to go into data science. In less than 3 months I mastered Statistics, Linear Algebra, SQL P"
a3a3dd64-556c-54c1-93a4-c6d458e7e9c2,QA Engineer,QA Automation,qa_testing,0.0,junior_0_1,intermediate,3.0,java;qa,2,,"I have successfully completed the Quality Assurance course (QA Manual + QA Automation) in DAN.IT education and developed two projects: ""Create a Java Console Application for Flight Booking"" and ""Write an automation framework, implement autotests in it"". Site Shares Project | QA Trainee | 03/2023 - Present I am taking part as a QA in the project to develop a platform for online stores in Telegram DAN.IT education | Student | 05/2023 - 05/2023 Write an automation framework, implement autotests in it DAN.IT education | Student | 01/2023 - 01/2023 Create a Java Console Application for Flight Booki"
30357ca7-4390-58cc-937e-e5b3c651d9ed,Test Automation Engineer (Java),QA Automation,data_analytics,4.0,mid_3_6,fluent,5.0,api;aws;ci/cd;docker;gcp;git;java;jenkins;kubernetes;linux;qa;rest;selenium;sql,14,,"5 years in QA, 4 of which as test automation engineer: - Proficient in developing various types of automated tests (API, integration, UI); - Have experience maintaining remote test execution infrastructure (Jenkins pipelines, Docker images); - Competent in investigating issues and managing bugs through their complete lifecycle; - Worked in multinational English-speaking teams. Technical Skills: Coding languages: Java, Bash scripting Testing tools: REST assured, Postman, Selenium/Selenide, Allure DBMS: SQL VCS: Git CI/CD: Jenkins Build tools: Gradle, Maven Containerization: Docker, Kubernetes O"
9d5f591e-ab46-53aa-b2a3-9b737e8188f3,Graphic Designer,Design,design_ux,5.0,mid_3_6,intermediate,3.0,javascript;ui/ux,2,,"· Proficient in Adobe Creative Suite, including Photoshop, Illustrator, InDesign and Acrobat. · Experience with web design and development using HTML, CSS, JavaScript and WordPress. · Familiarity with print design and production processes. · Experience with branding and identity design. · Strong understanding of color theory and typography principles. · Experience with user interface (UI) and user experience (UX) design. · Familiarity with digital asset management and file organization. · Experience with creating and editing vector graphics."
c8271c3d-cb31-5e16-a998-358ffe3dc8a7,Golang Developer,Golang,backend,3.0,mid_3_6,intermediate,3.0,go;kubernetes;node.js,3,,I'm working on the cloud solution which bases on k8s. The service will be able to reduce costs of the cloud. Companies can involve their own free capacity in the workload. I'm developing a virtual node for k8s and a service which will be able to run the workload on local stations.
9ad5e27c-c317-5ea9-b103-13fa85430e08,Machine Learning Engineer,Data Science,machine_learning,3.0,mid_3_6,fluent,5.0,azure;machine learning;nlp;python;sql,5,,"Result-driven expert with mature and realistic approach to work and technology. With proven background in delivering high quality projects related to process automations in AP\AR\GL\MDM\HR. Machine learning projects including but not limited to: - timeseries forecasting - anomaly detection - natural language processing (classification and clustering) - data science projects related to patiens classification I'm building my career on t-shaped approach. Where my main focus is python, machine learning but I'm also familiar with finance business, cloud and SAP. I’m not only focused on providing hi"
15eed1f1-2747-56c1-93f8-f07998ebc144,Senior Agile Project Manager/Scrum Master,Scrum Master,product_project,6.0,senior_6_10,fluent,5.0,agile;project management;scrum,3,leadership,"Senior IT Project Manager/Agile Trainer/Agile Coach with more than 6 years of experience, with a PSM-I certification, IFAAI Agile certificates, and MBA degree. Senior IT Project Manager/Agile Trainer/Agile Coach with more than 6 years of experience, with a PSM-I certification, IFAAI Agile certificates, and MBA degree. Outsourcing record of delivery on complex technical projects. Knowledge and experience of Agile and Waterfall Project Management methodologies. Coach/Trainer of a Leadership/Management, Time Management, and Agile Mindset. Results-driven and customer-focused with a proven ability "
13acae15-d4de-51f0-94ff-534ec3e2f5ef,Software Engineer,.NET,fullstack,9.0,senior_6_10,fluent,5.0,.net;blockchain,2,,Hi My name is David who have more than 8 years of experience of software development. I worked at global companies as .Net developer and FullStack developer. Also sin 2018 I started working as blockchain developer. I have rich experience of financial product.
3bf40c63-1e61-501b-8929-d521a5f98b72,analyst sysadm devops sec,Other,devops_cloud,11.0,senior_10_plus,intermediate,3.0,linux;php;postgresql;sql,4,,"I was happy when has experience with perfect and excellent NUIX system. It was used for digital forensic investigation and electronic evidence collection. I developed few great regular expressions which was optimized for fast parsing of big data and minimization of false-positive results. Also I was author and lecturer of two courses: UNIX system administration and shell programming (120 a.h.) and web-mastering for programmers (80 a.h.) for «SEMicom» (computer training center). So I think that I is scripting (bash,awk) and regexp guru. :) I started as a programmer. Unix systems administration "
59f0f7e9-58e7-5898-b097-447a8a5eb307,.NET developer,.NET,backend,2.0,junior_1_3,intermediate,3.0,.net;api;azure;ci/cd;git;mongodb;mysql;sql,8,part_time;remote,"Improved application performance by 3-4 times. • Languages: C#; • Knowledge of OOP, good knowledge of algorithms & data structures, understanding of SOLID, GoF Patterns; • Technologies: .NET, ASP.NET MVC, ASP.NET WEB API, ASP.NET CORE, LINQ; • RDBMS: MSSQL Server, MySQL, MongoDB; • ORMS: Entity Framework, NHibernate, Dapper; • Version Control Systems: Git, TFS; • IDE: MS Visual Studio; • Development Tools: SQL Server Management Studio, SQLite, IIS. • Practice in IIS deployment, Azure deployment, writing Unit tests. • Practice in configuring CI/CD using Azure pipelines I'm looking for part time"
62f705a3-27fe-5111-a94b-32e677a5ec27,UX/UI Designer,Design,data_analytics,3.0,mid_3_6,fluent,5.0,data analysis;ui/ux,2,,"Created design systems for banking, transportation, car services, marketplace apps and etc. At the moment I provide UX researches, work with analytics (mixpanel), create user friendly interface for car marketplace."
cb798140-7e8b-5bb2-a17d-c85b87e5e35a,Junior QA Engineer,QA,qa_testing,0.5,junior_0_1,intermediate,3.0,linux;qa,2,,"- Installation, configuring Unix (FreeBSD) / Linux (Debian, ArchLinux), networking (VLAN, Squid, DHCP, routing, NAT etc.); - Installation, configuring and maintenance client workstations based on Windows2000/XP/Vista/7, installation of a variety of applications; - Testing, configuring network equipment: Switches: Cisco, Dlink, ExtremeNetwokrs, Intel, Nortel, Dell, Zyxel, Planet etc.; Routers: Cisco, Juniper. - Computer repair, replacement of components, modernization and maintenance of office equipment; - Good knowledge of TCP/IP stack; - Knowledge of SDLC; - Basic knowledge of IEEE 802.11 sta"
c5117686-6fd8-55fc-9a7b-ab468289556f,Frond-end Developer,JavaScript,frontend,0.0,junior_0_1,intermediate,3.0,angular;git;javascript;react;react native;vue,6,,"Some of my projects are on GitHub, Render. I solved many tasks on CodeWars. Now my next task is to make an online shop with Back-end. I have done a few study projects using Angular, Vue.js, Nuxt.js, React.js, React Native. Landing websites, animations, adaptive etc. I have a lot of successful leadership experience. More than 2000 people. I love working both in a team and solving problems on my own. And finally I will find a solution. I love coding and I do it everyday. I like to solve problems, learning more and more all sorts of interesting things for me"
f49777af-e2a9-5aab-9b26-0b37a102965a,Manual QA Engineer,QA,mobile,1.5,junior_1_3,intermediate,3.0,api;git;javascript;jenkins;qa,5,,"Manual QA engineer with 1,5 year experience in testing of web applications, with UI and API (Postman, Swagger) testing and desire to develop further in this area. • Technical testing (Browsers Devtools, Postman); • VCS concept, work with Git; • CI Cycles, work with Jenkins; • Web technologies and concepts (HTML, CSS, JS); • Software quality assurance methodology and process; • Cross-browser testing and cross-mobile platform testing; • Usage of Test Management tools (TestRail); • Usage of defect tracking systems (Jira);"
d7609cd8-7e7c-526d-8f3a-06e6b67b0d3f,UI/UX Designer,Design,design_ux,1.0,junior_1_3,intermediate,3.0,figma;ui/ux,2,,"I provide comprehensive project support from the analysis of the target audience and the competitive environment to the launch of the finished website or app. - experience in analyzing the target audience, drawing up a client portrait and a stakeholder map, collect analytical data on the project; - experience with creating a color map in response to business needs; - experience developing mind-map with XMind; - experience with modern prototyping with Axure; - experience with modern prototyping tools for design as Figma and Adobe CC products (Photoshop, Illustrator); - experience to accompany t"
82acc035-1404-5c2e-aa97-d1f45c14f7c1,Product manager,Product Manager,product_project,10.0,senior_10_plus,fluent,5.0,blockchain;product management,2,blockchain,"- Exponential Customers base growth with a solid team of professionals and 7-digit annual transaction volumes and 2 industry awards - Leading engineering team we released 5 new verification flows and due diligence service Improved key product metrics by 35%, product performance by 60% - Built team and product from 2 engineers and MVP to award winning KYC-platform with an accountable engineering team of 8 engineers and 1 ba - Built team and product from 2 C++ engineers to the accountable team of 8 engineers and successful release of highload desktop application - Managed several fintech and reg"
e8ddba2e-2031-5a61-b386-e2e038ce7b44,QA Engineer,QA,qa_testing,4.0,mid_3_6,fluent,5.0,computer vision;qa;scrum,3,leadership,"My biggest recent achievement is that I managed to confirm the Middle High level by passing the technical/theoretical knowledge matrix. Also, I've started to lead the QA team and easily take on all the responsibilities. If needed I can send you my CV, where you can find all the relevant information In short: 1. Worked in such domains as: - Logistics - 1 year and 4 months of experience - Entertainment - 1 year of experience - Government - 6 months of experience - Aircraft - 7 months of experience - Fitness & Wellness - 1 year of experience - Tourism - 6 months of experience 2. Worked in differe"
791f0438-b6aa-5cd9-b714-6902f8f7dc12,Senior Full Stack Developer (Python/React),Python,fullstack,7.0,senior_6_10,fluent,5.0,aws;machine learning;python;react,4,leadership;remote,"Saved hundreds of thousands of dollars by moving Word2Vec Machine Learning model from huge server to serverless architecture (AWS Lambda + S3) Developed complex web applications end to end Can work productively on high level tasks without micro management Fluent communication with English speaking clients NO Lead/Architect/etc positions, just senior developer Remote job No micro management/time trackers Priority on result instead of hours worked Friendly team Reasonable compensation"
ab228574-4ad3-528e-a378-8ed26ad03f5e,Junior QA Engineer,QA,data_analytics,1.0,junior_1_3,intermediate,3.0,agile;linux;qa;scrum;sql,5,,"Certificate ""Software testing""; Certificate ""Basic Web and SQL for software testing""; Certificate ""Digital photography"" Languages: french (intermediate); English (pre-intermediate) Now I am looking for a position Junior Manual QA in interesting project to be involved in. I consider any offers . Also I have experience in the different projects. I am proactive, ambitious, team player, punctual, fast learner and open mind person. My Technical skills: basic knoweledge (HTML5, CSS, SQL);experience with test documentation (test plan, check list, test case, bug report);experience in manually testing "
00259d3e-6830-597c-a4c3-a0ed9fc866d5,DevOps engineer,DevOps,devops_cloud,2.0,junior_1_3,intermediate,3.0,aws;ci/cd;docker;gcp;git;jenkins;kubernetes;postgresql;python;terraform,10,,"DevOps for Unix engineer, SoftServe, 2021 (student => intern => junior devops engineer) Ultimate AWS Certified Solutions Architect Associate, Udemy, 2021 Certified Kubernetes Administrator (CKA), Acloudguru, 2021 DevOps Fundamentals, EPAM, 2020 Daily responsibilities: Building automated processes wherever possible. Monitoring and troubleshooting. Experience with: • Git (Github, GitLab, Gerrit) • AWS (EC2, VPC, S3, RDS, IAM, EKS and etc.) • Ansible (configure instances in AWS, GCP) • Terraform/Terragrunt (IaC for AWS) • Docker • CI/CD pipelines (Jenkins, Gitlab CI, Teamcity) • Automation with p"
e1f50f4c-5ed6-5cdc-b498-24859ab97c66,"HTML верстальщик, FE Developer",JavaScript,backend,5.0,mid_3_6,intermediate,3.0,.net;git;javascript;project management,4,,"Markup: HTML5, CSS3, LESS, SASS/SCSS, BEM, Flexbox layout, Grid layout, SVG, CSS3 animation, Twitter Bootstrap, Pixel perfect, Landing pages, Responsive and adaptive websites Basic knowledges and skills: Gulp, Pug (Jade), JavaScript, jQuery, Adobe Photoshop, Adobe Illustrator, Wordpress Version control: Git, SVN Environment: Sublime Text, Brackets, Atom, Visual Studio Code, Dreamveawer, PhpStorm Project management system: Redmine, Jira, Wrike, Basecamp, TFS Other: FishEye and Crucible, Code Reviewing, XML Languages: English (Intermediate) Portfolio: 1. http://wellnessliving.com/ 2. http://vsey"
9a637531-e60c-59c5-90e8-806d6501fa9c,Web Developer (Laravel),PHP,frontend,5.0,mid_3_6,intermediate,3.0,api;flutter;laravel;php;react;rest,6,,"Developed: - E-commerce projects with Laravel - REST API for SPA and mobile applications - Small projects with React and ReactNative - Small projects with Flutter (not commercial) - Complicated CRM for medical center Implemented functionalities: - Payment methods (integration with third-party services) - Shipping methods (integration with third-party services) - Web-scrapping/parsing - Import/export data (XML, JSON, XLSX...) - Export data as documents (PDF, DOCS) Not interested in CMS"
d961a686-c224-5502-875a-ef3d7edcd899,iOS Developer,iOS,mobile,1.5,junior_1_3,intermediate,3.0,.net;api;ci/cd;git;ios;swift,6,part_time,"- 1.5 years of Objective-C experience; - 1 year of Swift experience (3 projects created completely by me for freelance work); - Strong knowledge of popular native (Core Data, Core Location, CoreAnimation and etc.) and open-source (Alamofire, Whisper, RxSwift) frameworks; - Understanding of Design Patterns and Architecture Patterns (MVC, MVVM); - Experience in Continuous Integration (Travis CI, Appveyor); - Desire to learn and to be on the crest of the wave of the constant tech growth; - Student of NTUU ""KPI"", speciality - Software Engineering. Additionally: - Basic knowledge of C# and .NET; - "
bb17c90b-e63b-58b3-8433-26c52318eac5,"Data Scientist, data engineer",Python,machine_learning,1.0,junior_1_3,fluent,5.0,data analysis;machine learning;python;sql,4,,"Several courses in the internet connected to data science, data engineering, machine learning. ########################################################################################################################## No experience, only online courses. Гражданин Украины. Data science, data analytics, data engineering, visualisation, mathematics, statistics, machine learning, sql."
254e3cdd-ecd7-5144-8331-aedc0c3d814a,Web Designer | UI/UX Designer,Design,design_ux,2.0,junior_1_3,intermediate,3.0,figma;ui/ux,2,,"50+ projects for websites and apps 1000+ illustrations 60+ infoproducts 40+ customers English B2 Hi! I have been in UI/UX design for 2 years now. I specialize in this from analytic and test to a human-centered design. All time i work as a freelancer. My strength is analyzing competitors and qualitative user research, wireframes, and complex design system, creating a useful and enjoyable experience for user interaction with the interface. I understand customer and user needs. My customers are from different countries: Ukraine, Europe, the USA, Australia etc. Niches I worked with: - websites for"
a3b1e4d4-e9f1-5de8-b7a0-54ee17ded21a,web designer,Lead Generation,design_ux,5.0,mid_3_6,fluent,5.0,figma;ui/ux,2,,"I have worked with Faith Heroic Generation as a digital marketer and I designed eye-catching and functioning websites. I used CRM platforms such as Kajabi, WordPress, Clickfunnels, and ESp platforms like MailChimp, and Get Response. For my graphics design, I use Canva. I am improving my use of Figma for UI/UX design and Photoshop for better design."
fc825257-3569-5f16-8498-185c09318894,QA Engineer,QA,qa_testing,1.5,junior_1_3,intermediate,3.0,qa;scrum,2,leadership,"I'm working with Scrum and was a Scrum Master in learning projects Jul 2022 - until now - Luxoft Apr 2022 - Jul 2022 - Mate academy I'm ready to take on challenging tasks, improve my technical skills and grow as a team member and leader. Looking for a friendly team in which I will grow and develop on interesting projects"
20ae6ecb-108c-5be8-b11d-8698e03e56fb,Junior Data Scientist,Data Science,machine_learning,0.5,junior_0_1,fluent,5.0,flask;git;machine learning;mysql;numpy;pandas;postgresql;power bi;python;scikit-learn;sql;tensorflow,12,,"* 1-st place at the science competition 'Young Scientist International' 2019 (Kyiv, Ukraine) * 3-rd place at the NeuroHackathon 2019 from Ciklum (Kyiv, Ukraine) * My own project about human diagnostics based on a liver sonography image analysis (texture analysis and machine learning techniques such as random forest, multilayer perceptron, XGBoost and EFA, PCA, Kernel PCA and others) I have a B.S. in Computer Science (NTUU ""Igor Sikorsky Kyiv Polytechnic Institute""). Python, R, Matlab, C/C++, SQL (MySQL, PostgreSQL), Github, Jupyter Notebook, Power BI Python: pandas, numpy, scikit-learn, visual"
88bc4c49-2b74-55b7-b5bf-8da95de2463a,Trainee/Junior QA Engineer,QA,mobile,0.5,junior_0_1,intermediate,3.0,mysql;qa,2,,"Finished QA courses: StartIT, QaTestLab. Have knowledge in software testing theory. Was working on small startup product as a manual QA Engineer. The product has a mobile client and small landing page web site. Used Trello for bug reports, MySQL, postman for requesting APIs."
2f3b600f-2427-50fe-84a8-4128b833d15b,Fullstack Web / Blockchain Deleloper,Python,fullstack,4.0,mid_3_6,fluent,5.0,blockchain;python,2,blockchain,"Company experience includes working with blockchain technologies: using Solidity to develop smart contracts as well as testing them. Bachelor degree in software development and Unit Factory / 42 Kyiv student certificates. Mathematical background includes linear algebra, mathematical analysis, discrete mathematics, algorithms etc. I would like to work on real world blockchain projects with strong technical concepts behind them."
13ef6265-afa4-5a9f-bb58-177a25196e69,React Developer,JavaScript,frontend,7.0,senior_6_10,intermediate,3.0,angular;ci/cd;git;javascript;jenkins;node.js;react;typescript,8,,"Front-End Developer at Santander: Santander is a Spanish bank that has coverage in different countries, when I was working in the Santander team I developed together with my team the web application that allows users of the Samsung Members application to create a bank account in Santander without leaving Samsung Members application, I was responsible for checking that the git flow was applied correctly during development and in each deployment of the application to production, as well as validating that good practices are applied in the Front-End and add new features to the application using A"
ce1e1e18-38c8-51dd-9f35-2a467626bb34,Junior Project Manager,Project Manager,product_project,0.5,junior_0_1,intermediate,3.0,agile;project management,2,,"Bachelor degree in English-Bulgarian language and literature. Worked as commissioner in B+S logistics company in Germany, Bielefeld (6 months). Also, has an experience of sales work (6 months), was mentor for one person, took part in sales strategy. Interested in IT industry and marketing projects, learning agile methodologies. Passed courses at IT school Hillel. Can consider first work as an intern or PM assistant. Looking for friendly teamates."
cd514d62-9061-5660-ab42-3789b42c13e9,Middle PHP Developer,PHP,backend,3.0,mid_3_6,intermediate,3.0,api;docker;git;go;laravel;linux;microservices;mysql;php;postgresql;redis;rest,12,,"- Architecture development for the web applications and database in Yii2/Laravel/MySql/Redis - RESTful API development - Mentoring Junior developers - API integration with Google API (people API) - Developing statistic and admin module - Creating REST API - Working with gRPC - Working with CardDav server for the booking system - Developing Mail Client - Working with Twilio API (calls and sms) - Working with web-sockets (Workerman, soketi) - Assisting in installing projects for the new employees - Deploying an app on prod and dev - Creating own SMS system with a gsm gateway (dinstar) - Working "
760c8b12-19d2-5e56-a561-fbca9b2e21ec,Cybersecurity Specialist,Security,devops_cloud,3.0,mid_3_6,fluent,5.0,azure;linux,2,,"I am currently working as a Cybersecurity Specialist. My experience and skills are listed below: - I have acquired Security+ Certification with C |EH in view. - I conduct Risk Assessments and KRI on Application, Web and Database Severs and Firewalls like Checkpoint, Cloudflare, ThreatArmor and MDATP. - SIEM and SOAR. - Firewall Management and Policy rules including Password policies and Network protocols. - Network and Cloud Security and Infrastructure for Azure environment. - VAPT for Internal and external penetration testing using Fraudsniper, Appspider, InsightVM and Kali Linux. - Penetrati"
279d5198-c03b-5198-9f08-5c6449efb8c0,HR || People Partner || IT Recruiter,HR,data_analytics,4.0,mid_3_6,fluent,5.0,data analysis;git,2,,"I’ve been working the last 4 years mostly with IT startups and IT product companies. HR tasks: - Employee lifecycle management (onboarding, T&D, retention, 1-1 meetings, offboarding etc) - Internal processes (HR and company policies, procedures, handbook, FAQs and guides) - Performance management (PDPs, talent matrixes, succession planning, competencies matrix, talent matrix) - Talent acquisition (full cycle team and processes setup) - Analytics (recruitment metrics, eNPS, employee turnover, employee replacement cost, human capital risk etc) - Culture (creating a values led culture, employee e"
ba2c60ee-34db-5cdf-a13c-f634936e508d,Middle Java Developer,Java,backend,2.0,junior_1_3,fluent,5.0,aws;java;javascript;mysql;spring,5,,"Some succesful student pet-projects, fresh-graduate, experience being to USA and Europe. Different types of projects in commercial IT. Maintanance and creating from scratch. MySQL, JavaScript, HTML, CSS, Java, Maven, Gradle, Groovy, Oracle, C#, JUnit, Spring, Ember, Ratpack, AWS Opportunities, interesting projects, highload."
2b5d5d2c-80fd-5c34-9adc-59bf245a7191,Data Analyst,Data Science,machine_learning,1.0,junior_1_3,fluent,5.0,computer vision;data analysis;machine learning;power bi;python;sql;tableau,7,,"As a Data Analyst (Volunteer Experience) I organized and reported training results to a company-wide management, conducted data analyses to leverage the results to drive brand decision making and survey development, presented tools and recommendations to directors and executive staff. Some of the projects are listed at the bottom of CV. Python ( I have 3 Machine Learning projects) - Wrote scripts to clean the data, analyze large data sets, discover hidden relationships between variables and build a training machine. SQL (I have 5 SQL Database projects) - Wrote advanced SQL queries to extract a"
cea7e753-ee77-5237-829d-728e389e7e70,Розробник .Net,.NET,fullstack,1.5,junior_1_3,intermediate,3.0,.net;javascript,2,remote;research,"Achievements: • Successful reorganization of parsing service after changes in document pattern and website design; • Modifying of custom Database based driver in project with DB core; • Creation of script to control clipboard on remote browsers (cross link between client browser and server browser); • Maintaining of research and implementation of js test coverage analyzer; 01.2019 - 05.2020 Full stack .Net developer Apriorit, Dnepr • 3 projects with different subject areas; • Implementation of project solutions of different levels: back-end, front-end, database solutions and parsing scripts; •"
3e46f153-d557-525e-b7c4-66ce9a37acda,Billing Manager / Account Manager,Other,product_project,6.0,senior_6_10,fluent,5.0,project management;scrum,2,leadership,"- maintaining almost zero chargebacks in the project; - building fraud/risk teams from the start; - working in a start-up, was covering support, risk, operations, business analysis, product marketing and project manager's duties. Oct 2016 - Feb 2017 Customer Support/Sales representative: - answering chats and phone calls, communicating with English-speaking clients; - helping to place orders, converting leads into sales; - solving issues with the clients' accounts; - following up clients' orders; - handling clients' complaints. Feb 2017 - Oct 2017 Senior Support/Sales representative: - handlin"
11189ef4-b7f4-5859-91ed-afe24de92e9d,DevOps,DevOps,devops_cloud,11.0,senior_10_plus,intermediate,3.0,aws;git;github actions;kubernetes;terraform,5,,"- Move current AWS infra to Terragrunt - All AWS changes only via Terraform/Terragrunt - Build CICD process for Terraform - Build Git flow on GitHub actions + ArgoCD - Configure observability stack (prom, elk, sentry) to monitor state of product and infra services - Building from zero cloud native infrastructure. - IaC approach to configure any things. - Making strong Git flows to improve and speed up the development process. - Observability. All product and infrastructure services should be visible. Creating Observability ecosystem to control all: Users experience, health of services, AWS bil"
1150871c-1ae6-52dc-a6f0-1f27ad917a53,UI/UX Designer,Design,design_ux,0.5,junior_0_1,intermediate,3.0,figma;ui/ux,2,,"As a passionate and newbie UX/UI designer, I thrive on creating exceptional user experiences and visually captivating interfaces. With a background in user-centered design principles and a keen eye for aesthetics, I am dedicated to crafting intuitive and delightful digital products. My journey in the field of UX/UI design has equipped me with a comprehensive skill set that includes user research, wireframing, prototyping, and user testing. I am confident in industry-standard design tools such as Adobe Creative Suite, and more proficient in Figma, allowing me to bring my creative concepts to li"
97e4d469-d911-5e97-8813-2512b9f3e90a,Middle Front-End Developer,JavaScript,frontend,2.5,junior_1_3,intermediate,3.0,git;javascript,2,,"- JavaScript, jQuery, HTML5, CSS3, SASS. - BEM, DRY. - Compass, Grunt. - PhpStorm, Photoshop, Avocode. - Git, JIRA, Bitbucket, Confluence. - Mac OS,Windows. - English B1/B2 - Personal growth - Learning new technologies - Wise management Not interested in: - CMS (Wordpress, Joomla, Drupal etc.)"
fe7ca0fa-31c2-5699-a3fc-6ef74af47eb6,QA Engineer,QA,mobile,2.0,junior_1_3,fluent,5.0,agile;api;blockchain;cypress;git;javascript;jenkins;qa;selenium,9,,"Throughout my career, I've excelled in projects where I created detailed checklists and both manual and automated test cases for financial and blockchain web applications. I'm skilled at crafting realistic test data that covers different user scenarios. I'm proficient in various testing methods such as regression, performance, cross-browser, and UI testing, ensuring web apps work reliably across platforms. I collaborate effectively with development and design teams, providing clear bug reports for quick fixes. My proactive communication style fosters teamwork, improving product quality and tes"
f1dcc40c-7495-5967-b383-fadfeee799be,Scrum master/Project manager,Project Manager,data_analytics,7.0,senior_6_10,intermediate,3.0,product management;project management;qa;scrum,4,leadership,"Summary of Qualifications • Project Manager/Business Analyst with 4 years of experience • Experience in performing requirements engineering, eliciting complete business and solution requirements using various BA techniques (User Stories, Use Cases, State Transitions Diagram, Data Model, Prototyping, etc.) • Understanding of Waterfall, Scrum and Kanban. • 2 years of experience in quality assurance testing of software applications, including analyzing and understanding business and technical requirements. - PM Hard Skills - IAMPM - онлайн курс по IT-менеджменту - PM Hard Skills 2 - IAMPM - онлай"
c88722f7-0374-5abd-9f4c-e797039839bd,Product Manager,Project Manager,qa_testing,11.0,senior_10_plus,intermediate,3.0,agile;product management;project management;qa,4,,"- 15+ years of professional experience in IT - strong personal and communication skills to function as a liaison between IT divisions and customers at all project levels - proficiency in software development methodologies (Waterfall, Agile family) and their appropriate application - strong experience in a project planning, requirements and business analysis, business process optimization, production delivery processes, teams building, QA. Project management, Requirements Analysis, Delivery management, QA Management, QA Engineering, Usability testing, Customer Support Posibility to work with di"
954ca34f-6d26-5c5d-a340-41ee7be88f9f,DevOps engineer,DevOps,devops_cloud,5.0,mid_3_6,intermediate,3.0,aws;azure;ci/cd;git;jenkins,5,,"DevOps engineer with 5+ working experience. Have experience in deploying application on cloud infrastructure (AWS, GCloud). Configuring CI/CD Pipelines: Jenkins Pipelines, Gitlab CI/CD, Bitbucket Pipelines. Configure development and production environment using config management automation: Ansible. Configure monitoring&logging systems: Graphite, Grafana, ELK, Prometheus, AWS CloudWatch. I would like to develop CI/CD pipelines and create automations. I prefer to work with AWS and GCloud Cloud Platforms. Try to avoid working with Azure and Windows."
0e82cfb0-3ead-5906-badb-ae708743aa3e,Data Analyst,Data Analyst,data_analytics,0.0,junior_0_1,intermediate,3.0,git;power bi;python;selenium,4,,"I wrote my projects while taking courses in Data Science. You can find them on my GitHub. I wrote them in Python using Selenium and Requests libraries. I also did visualization using Power BI. I have experience with SQLite 3 in Python, and I also took a separate Udemy course on PostrgreSQL."
1ebc49c7-a6bb-595a-b23e-49dd3b4b352b,Junior Full Stack Developer,JavaScript,fullstack,0.0,junior_0_1,intermediate,3.0,api;javascript;mongodb;node.js;react;rest;scrum,7,part_time;remote,"During my studies, I worked as a scrum master on a project. Project: Your Pet [SCSS, React, Redux, Node.js, MongoDB, Express] App for pet owners. Team project. Role: developer. Development (markup and logic) of a search bar and a filter with a custom checkbox. NoticesSearch component, NoticesFilters component. Phone-Book [React.js, Redux Toolkit, HTML, SASS, JS, REST API] Individual project: An application for creating a contact book with the ability to register, log in and update the user, as well as working with a private collection of contacts; interaction with the backend for storing conta"
890c4ec7-59f7-59de-b910-0b15ebe8edd5,Senior Product Manager,Product Manager,design_ux,8.0,senior_6_10,fluent,5.0,data analysis;product management;ui/ux,3,research,"[About me] - 6 years of experience as a product manager. Before that - I worked as an analytical and IT market researcher for 2 years. - I worked both with improving existing products and launching products from scratch. - strong analytical background, skilled in tech design and UX/UI. [My previous projects hightlights] 1. Growing SaaS BI product for data collection by 30%, then launching a new big data service for a new group of users. In this way, we reached customers with x3 higher ARPU and closed the deal with 5 new prestigious enterprise customers. 2. Increased retention and user satisfac"
6bf54dc8-6267-54a2-8205-d4e08846d672,Content Manager,Support,qa_testing,3.0,mid_3_6,intermediate,3.0,data analysis;figma;git;project management;qa,5,,Project management of new landing page for sales team. It was big project for bank and team deliver page on time. Content management including new web-page deployment on top 3 Ukrainian bank: 1. BA role - responsible for new web-pages development with IT team. Preparing user-stories from internal customers for deployment. 2. Creating Jira tickets and controlling deployment stages (dev/test/production). 3. Collecting feedbacks from internal customer for bug fixing on web-pages. Tickets creations coordinator. 4. Support QA with internal testing new web-pages: A/B testing Using technologies: Goog
58df76aa-6fd7-59dd-8444-9d5c0752c82b,Project manager | Product owner | Innovations Lead,Project Manager,product_project,9.0,senior_6_10,fluent,5.0,product management;project management,2,leadership;startup,"- lead the development of software, which is used by 32,000 employees in on over 40 companies; - launched an in-house startup accelerator that helped to develop a corporate entrepreneurship culture in a company with 5000+ employees - optimized labor costs by 36% in the service unit - increased the speed of approval of internal documents by 2.7 times - optimized the number of positions in the MDM system by 34% (spare parts and construction materials) - increased NPS from 0 to 7.8 in the service unit. I have spent the last 7 years working in the field of innovation and business development in co"
07b53622-c7a6-523d-8e28-dca1d428d9e0,Senior Java Developer,Java,backend,5.0,mid_3_6,intermediate,3.0,agile;java;scrum,3,,"5 years of work experience as a Java Developer. Strong experience in the development of web-based projects. Skilled in enterprise system development including estimation, design, implementation, debugging, deployment, integration, testing, refactoring, and maintenance of concise technical documentation. Good knowledge in web-enterprise systems with an in-depth understanding of presentation (web), business, and persistence (data access) layers. Experienced in working with Scrum and Agile methodologies. Proactive and self-motivated team member. Diligent and hard-working."
0486197b-e1bb-5dd5-b418-b2f5945d2d78,QA Engineer,QA,mobile,0.5,junior_0_1,intermediate,3.0,agile;git;javascript;qa;scrum;sql,6,,"Successful completion of courses ""QA Engineer from scratch (Artsiom Rusau): Web, mobile, postman, SQL, git, bash"". Successful completion of courses Start IT ""QA Start cource"". Successful completion of basic courses Sololearn ""HTML, SQL, CSS, JS"". StarLightMedia - Starlight QA Practice, Feb 2021-Mar 2021 Black-box testing; Test documentation preparing; Experience in Trello; Team communication; QA Start course. Start IT Training Center, Dec 2020 - Jan 2021 sdlc and waterfall model; black-box and grey-box testing; test types and testing techniques; test documentation; agile/scrum; experience in J"
79e2e06b-4e33-5659-9f4e-fca7a4212a0d,Lead Data Scientist,Data Science,machine_learning,8.0,senior_6_10,fluent,5.0,gcp;machine learning;numpy;pandas;python;pytorch;scikit-learn;sql,8,,"Hello, I'm a high-skilled Data Scientist with over 8 years of expertise in e-commerce and ad- tech. Prototyping and deploying scalable machine-learning (ML) models to drive product enhancements and boost business results through data-driven insights. Successfully guiding and collaborating with cross-functional teams from concepts to implementations. Operationalized metrics to measure the progress of business areas. Presenting data-backed recommendations to senior VP level. Proven track record of driving profitability. Published research papers and intellectual property ML patents, awarded with"
e0f6940f-3675-5e6f-b2dd-f2e6c08eec5d,Front-End Developer,JavaScript,frontend,0.5,junior_0_1,intermediate,3.0,api;git;javascript;react;react native;rest;scrum,7,remote,"I have personal achievements in IT education, learning necessary technologies and methodologies. My skills are in HTML, CSS, JavaScript, AJAX, React-beginner, React Native-beginner, Git, GitHub, and Scrum. Received training certificate from Global Logic company for completing the ""IT Switch Course"". I am a Front-End developer with knowledge of HTML, CSS, JavaScript, and React. Participated in several educational team projects as a developer and Scram-Master. Project Experience: - Filmoteka [HTML, SASS, JS, REST API, AJAX, Parcel] Team project Movie website, application for choosing a movie. Ro"
abca2838-488d-5f3d-9432-459d68b9d986,UI/UX Designer,Design,design_ux,1.0,junior_1_3,intermediate,3.0,figma;ui/ux,2,,"Hard skills: Website and App design Ability to search for information Building wireframes (low-fi and high-fi) and prototypes Thorough knowledge of Figma Google Material Desing and Human Interface Guidelines Experience in creating clickable animations Experience in creating clickable animations Drawing skills Visual design knowledge (composition, consistency, modular grids, trends and styles) Ability to work with components and variants The portfolio includes two landing pages (a bicycle website and a barbershop), a financial app, and a dashboard. For each of them, the Ui Kit was broken down, "
ac3f76fb-c507-5336-8977-99250b8124db,Team/Tech/Lead/DevOps/SRE engineer,DevOps,devops_cloud,9.0,senior_6_10,fluent,5.0,aws;ci/cd,2,leadership,"So, I... - Was a speaker on a few meetups. - Was a mentor and teacher - Tech Lead and Inspirator for the infrastructure team. Built, not one resilient, cost-efficient infrastructure, brought devops/sre culture in companies. Wrote cool software and tools. <Who I am?> Passionated engineer, believer, and implementer of the DevOps culture. I was working on both sides, startups and worldwide enterprise companies. Build and spread SRE culture across infrastructure and developers teams. Used to work with Getting Shit Done approach. Also, I like to work with Open Source tools and fix bugs or add new b"
81703765-5e0a-594b-a9eb-9d2a68f57d2b,Senior iOS Developer,iOS,mobile,5.0,mid_3_6,fluent,5.0,ci/cd;ios,2,,"2nd place in hackathon in HackYeah Warsaw 2018. Having more than 5 years of professional experience in European companies, I worked with many different project and technologies. My main responsibilities were to implement business logic, write Unit, UI and integration tests, designing software architecture, CI/CD and deliver the final product to users. Being an iOS Software Engineer in one of the biggest fintech start-ups in Europe, I have had a tremendous experience when it comes to deliver a high quality code for tens of millions of users around the world."
4418c51b-cc82-5e5b-a92f-847d30186db5,Data Analyst,Data Science,data_analytics,9.0,senior_6_10,intermediate,3.0,power bi;sql;tableau,3,,Betvili - Data Analyst (Feb 2021 - May 2021) * Creation of live dashboards of company's KPIs in BI Tool (Metabase) * Preparation of periodic reports for TOP management of the company * Participation in planning of marketing campaigns * Analysis of marketing campaigns' performance Vendoo - Senior Analyst (Nov 2019 - Aug 2020) * Management of periodic reports for TOP management of the company * Participation in planning of marketing campaigns * Support of digital marketing unit with analytical resource * Analysis of marketing campaigns' performance * Leading the team of analysts Bank of Georgia 
fbf512fc-75aa-5467-adc6-85ce72ce3b2c,Java Developer,Java,frontend,1.0,junior_1_3,intermediate,3.0,java;javascript;react;scrum,4,,"HILLEL JAVA PRO 2021, HILLEL JAVA ENTERPRISE 2022, HILLEL JAVASCRIPT FRONT END PRO 2022, CRASH COURSE ""JAVA FUNDAMENTAL"", HILLEL JAVASCRIPT REACT 2023, CRASH COURSE ""JAVA FUNDAMENTAL"". TEAM PROJECT STAGE, HILLEL DevOps 2023. Experienced software developer with a background in working in a team environment and utilizing the Scrum methodology. I possess a deep understanding of development principles and strong communication skills, enabling me to effectively collaborate with teams and achieve set objectives. I am ready to take on new challenges and contribute to your team. I look forward to disc"
3a6b6656-c208-52ba-a084-3445e282bd9c,Project Manager,Project Manager,product_project,2.0,junior_1_3,intermediate,3.0,agile;product management;project management;qa,4,part_time,"2018-2019 Product Owner in the e-commerce project Worked as PO in the distributed 8-10-members team on the online shopping web-based project. Responsibilities: — Work with Project managers and Development Team to coordinate the agile development (Iteration Planning, Daily Stand-ups, Reviews, and Retrospectives); — Tracking projects team reporting, team velocity, ensuring key performance indicators reaching success level values; — Support continuous improvement of the development and delivery practices and processes — Work on the requirements; — Prioritizing backlog. 2011-2019 QA/QA lead on var"
def6c692-012c-569d-9995-cb0d793f4d7b,junior java developer,Java,fullstack,0.5,junior_0_1,intermediate,3.0,angular;api;computer vision;git;java;postgresql;rest;spring;typescript,9,,"Hi everybody. Every time I improve my knowledge. • Full Stack Demo-pet-project Java REST API application developed with Spring, Hibernate, Angular, PostgreSQL. • Commercial Graduating Project (after studying) - project for universities – bugs finding, developing new features, performed unit testing of the application by developing and applying test cases in JUnit. (Please see my CV). Self-Education, IT Courses, small commercial experience. I'm studying Java Core, Spring, Hibernate, TypeScript and develop my pet projects (Please see on GitHub)."
9fdedddf-6751-5ed3-98e2-6aab210d28de,Junior .NET Developer,.NET,backend,0.5,junior_0_1,intermediate,3.0,.net;api;git,3,,"Former videomaker, currently .NET developer Passed a Online C# Marathone in SoftServe I have no commercial experience so far, but I have experience in teamwork using GIT on ASP.NET and Entity framework. At the moment I am writing my API under the supervision of senior."
874f18a0-cc3a-5fdd-bcca-a72fd1d74fcb,QA Engineer | Expertise in Automated Testing (Java),QA Automation,qa_testing,2.0,junior_1_3,intermediate,3.0,api;figma;git;java;mysql;qa;selenium;ui/ux,8,,"- Successfully designed and executed comprehensive test cases, resulting in improved test coverage and identifying critical issues in software applications. - Implemented automation strategies for UI test cases using Java, resulting in significant time and effort savings during the testing process. - Successfully conducted regression testing to ensure the stability and reliability of software releases, resulting in a reduction of post-release issues and improved user experience. - Actively participated in code reviews, providing valuable feedback and suggestions to improve code quality and mai"
d63990f5-51db-5d46-a2f9-70c862da0409,Data Scientist,Data Science,machine_learning,2.0,junior_1_3,fluent,5.0,machine learning;nlp,2,,"Data scientist with specialization in data mining, processing, and building machine learning models to solve data challenges and inform strategic business decisions. I have experience with projects involving: - Fraud detection. - Sentiment Analysis (NLP). - Customer Segmentation. - Customer Churn prediction."
ea7eb4ce-30a1-5039-bac9-c1d1f5e8ef33,Full Stack Developer,Node.js,fullstack,4.0,mid_3_6,fluent,5.0,api;docker;flask;gcp;javascript;node.js;pandas;python;redis,9,,"I consider myself a hard-working person. I want to learn and improve my skills. Full Stack Developer - Developed API endpoints with Python, using Gunicorn and Flask framework - Implemented data caching mechanism utilizing Redis to improve performance by storing frequently accessed data from Firebase database, reducing response time and database load. - Leveraged spaCy library for text classification tasks such as Named Entity Recognition (NER) and rule-based text search capabilities to perform complex text searches based on customized complex rules - Implemented algorithms to transform text in"
a7363c05-8305-59b3-a78b-7a97ce1ee893,QA Automation Engineer,QA Automation,data_analytics,1.5,junior_1_3,intermediate,3.0,android;api;aws;cypress;git;javascript;jenkins;mysql;playwright;qa;ruby;typescript,12,,"10.2022- 03. 2023 QA Automation Engineer | Centtrip Responsibilities: - Automated scripts execution and maintenance - Identifying and documenting defects and bugs found during testing. - Test supporting - E2E testing - API testing Technologies and tools: TypeScript, WebdriverIO, Jenkins, Git, AWS, MySQL, Kibana, Test Rails, Allure 02.2022 - 09. 2022 - QA Automation Engineer | Infomedia Ltd Responsibilities: - Maintaining and updating the automation testing framework. - Testing process and team members monitoring and control - Participating in code reviews - Automated scripts execution and main"
66e6b72b-4c70-5d9c-8ad4-e33d30a53740,Project Manager,Project Manager,product_project,3.0,mid_3_6,intermediate,3.0,agile;project management;scrum,3,,"Managing complex projects for a long period, resolving conflict situations, helping to optimize the project for the customer. Development of the company's products. - more than 3,5 years as PM - more than 3,5 years of Scrum, Agile, Waterfall, Kanban experience - Experience in managing numerous projects in various segments, ranging from the implementation of small LMS to large high-load systems or CRM. - Experience in managing multiple teams of up to 15 people. - I have extensive experience working with different clients and teams (conflict resolution), both in the product and outsourcing envir"
d60bd9b7-fa29-5f5f-8ee8-ed4e012e5811,hybris Enterprise Engineer,JavaScript,design_ux,7.0,senior_6_10,fluent,5.0,git;java;javascript;linux;rest;spring,6,leadership,"certification: hybris core developer v4, v5 team player, leading qualities, communicative person, successful closing of 4 projects in hybris, cooperation with English speaking partners since 2004 Programming experience: Web Development (since 2004) HTML/CSS/JavaScript Java (since 2010) Core, Swing, Applet JavaEE (since 2011) EJB, Web services, JMS, REST, SOAP, JSON, XML Spring Framework (since 2011) MVC, Security, Transaction hybris (since 2012) core dev, e-commerce, accelerator, integraiton Useful stuff: Linux (since 2009) Patterns (since 2011) SVN, Git (since 2005) JUnit, TDD (since 2013) Lo"
dc92fae2-cc37-518d-b9d6-4fd348517e0d,UX/UI Designer,Design,mobile,8.0,senior_6_10,intermediate,3.0,android;ios;ui/ux,3,remote,"Achievements: - Optimized the design process for better quality and rapid changes by creating user UI kits and design systems. - Improved productivity, collaboration, and quality of work in the design team. Successfully completed more than 150 projects, including: - more than 40 online stores; - 3 major services. - Development of web interfaces and mobile applications (for iOS, Android); - Development of UI kits, development of Design Systems; - Development of user scenarios, writing user stories (together with the development team); - Generation of ideas for improving the product and their im"
75c05e76-3309-5915-9420-ea57efb75990,Scala developer,Scala,frontend,11.0,senior_10_plus,intermediate,3.0,.net;angular;api;docker;javascript;microservices;python;react;scrum;sql;ui/ux,11,leadership,"* Designed and implementd distributed feed analisator for Credit Risk Engine.(Cloudera, Scala, Hadoop, Spark 1.6.0) * Strong knowledge in Scala/Spark and C#/.NET Framework (7 years of experience) * Possesses to work with front web JavaScript frameworks: ReactJS and Angular (as example juramint.com Angular1.5 + Akka.Http + PostgreSQL9.4) * Working with back-end side services: microservices built with Docker, Web Api, Akka.http and Spray * Delivered many as a whole from start to end * Certified Scrum Master and Team Leader with proven delivery track record Scala, Apache Spark, Scalaz, Big Data, "
77188c59-9626-5294-accf-c00391edc5af,DevOps engineer,DevOps,devops_cloud,11.0,senior_10_plus,intermediate,3.0,api;aws;ci/cd;data analysis;elasticsearch;gcp;git;kubernetes;microservices;mysql;python,11,,"Engineering Manager: Communicate system requirements to software development teams Oversee assigned programs (e.g. conduct code review) and provide guidance to team members Assist with solving technical problems when they arise Ensure the implementation of agreed architecture and infrastructure Address technical concerns, ideas and suggestions Controlling solution development and change management Solution Architect: Understand company needs to define system specifications Defining the principles, concerns, and requirements for a future architecture Design the MicroServices Architecture Defini"
b34a60cd-2819-591f-9ec2-782567e07437,c# developer,.NET,backend,4.0,mid_3_6,intermediate,3.0,.net;sql,2,,"Currently using: C#, WPF, WCF, .NET, WiX toolset, ReSharper, PostSharp, Hyper-V, Powershell, TFS, SQL Server, CCNet, Active Directory. Currently, I work on watchdog server product for email protection. I participate in all parts of product development wich include the development of service, UI, autotests and web utils for autotests, building and CI scripts, installer etc. Friendly environment and interesting tasks ideally in all parts of product development."
87b2858b-1d32-52d1-a977-2420afdf7cd7,Automation QA Engineer,QA Automation,qa_testing,3.0,mid_3_6,intermediate,3.0,api;java;qa;rest;selenium,5,,Total experience in testing - more than 6 years. Great experience in manual testing different application (both desktop and web). Also have almost 3 years experience in Automation testing using Java in both UI and API testing (using Selenium WebDriver and REST API)
58dc901a-d170-568d-b0c9-52f4b5621b9f,"Data Engineer, Data Scientist",Data Engineer,machine_learning,4.0,mid_3_6,fluent,5.0,aws;data analysis;gcp;machine learning;power bi;sql;tableau,7,part_time;remote,"- Led and developed numerous BI projects that were used to find anomalies, to optimize data warehouse / ETL processes, logistics and resource management for DAX companies - Saved costs and operational overhead by supporting migration from Power BI, Tableau, Cognos and Superset to Qlik Sense - Received positive feedback and 5* reviews from the happy clients on Clutch - Led several business development initiatives to help the company expand their client portfolio PROFILE: I have 4+ years of building Data Analytics for different business departments of the DAX companies as well as 5 years of work"
2ec5ab44-9cd3-55d3-ae7d-dee403918c4e,Full Stack Developer,Node.js,fullstack,2.0,junior_1_3,intermediate,3.0,javascript;jenkins;mongodb;node.js;react,5,,"Result-oriented developer, I have good knowledge in web programming, in JavaScript, HTML5/CSS3, React, also working as Back-End dev with such technologies as Node.js, MongoDB, Jenkins. My last project was related to healthcare, where I established myself as a responsible worker. I am keen on writing clean and maintainable code and finding user-friendly solutions. Problem-solving and team-work are my strong points and I can prove myself as a responsible and committed person. I'd like to grow as a Full Stack Developer in a friendly team, every day improving myself and the product I will work on."
fa6d0ab5-2bbb-5025-b2a8-03d3818a349c,Junior UX/UI Designer,Design,design_ux,0.5,junior_0_1,intermediate,3.0,figma;ui/ux,2,,"Independently learned to use Figma, Adobe Photoshop, Affter Effects, Blender. I have been working as a designer for over 6 months. In my portfolio you can find examples of logos and websites that I have created. Completely open to work, ready to gain new experience and develop my skills."
e2f4a773-4f1f-5a7a-8378-59c12eebf0f4,"Team Lead, Software Engineering",PHP,backend,6.0,senior_6_10,intermediate,3.0,mysql;php,2,,"I started my career as a one-man team handling the backend and the cloud infrastructure of the business, so I never had the opportunity to work in a large team. But in my most recent role, I was a member of a ten-person team. When I joined the team, we were able to design and develop 2 major applications - their CRM and Automatic Customer Notification System which has been on for than 4 years before I joined Current Roles are Team lead, Software Engineering *DragnetScreening* A recruitment platform was developed to accept job vacancy applications and manage and help shortlist candidates to the"
f7f0b7d0-9b02-5889-ba87-d6a231eb17c9,Project Manager,Marketing,product_project,3.0,mid_3_6,fluent,5.0,product management;project management,2,,"CRM Manager/Product Manager - Conducted analysis of markets and competing projects. Coordinated project launch on iGaming platforms. - Found and configured the optimal CRM platforms for communicating with users. - Created a hiring list for each project. Took part in recruiting, created and reviewed test tasks and held interviews. Trained new team members to work with the iGaming platform, CRM system, CMS system and task management (Jira, Confluence). - Trained Support and VIP teams: helped the Support team in solving issues; set the appropriate tasks for the technical team in case of errors in"
48d37270-d397-5d89-8467-d9fbce43da03,Senior Java Developer,Java,frontend,5.0,mid_3_6,fluent,5.0,agile;ci/cd;gcp;java;mysql;rest;scrum;spring;sql,9,,"Google Cloud Engineer Certificate ISTQB Certified ium · On-site Developing and maintaining Java applications using the Spring Boot framework. Designing, implementing, and documenting RESTful APIs for seamless integration with front-end systems. Utilizing Spring Data JPA for efficient database access and management. Designing and optimizing database schemas in MySQL for high performance and scalability. Writing efficient and optimized SQL queries, stored procedures, and triggers. Implementing security measures such as authentication and authorization using Spring Security. Collaborating with cr"
c09f2ec9-8ae3-5cde-ab5a-baa52023b39e,Manual QA Engineer,QA,data_analytics,1.5,junior_1_3,intermediate,3.0,agile;api;qa;scrum;sql,5,,"-Types and levels of testing -Agile,Scrum basic -Client-server app understanding -Understanding the test documentation -Testing theory -Understanding Bug Lifecycle -Experience to make bug reports and test cases -Experience to make bug tracking system - Jira -Knowledge of Software Development Lifecycle and Software Development Methodologies -Knowledge of Test design techniques -Basic SQL -Basic HTML -Basic CSS -Achievement: Improved product quality by 5% in the Genex company Website testing GOIT: -Analysis of the specifics of the GOIT website -Search for bugs -Create test case and bug reports T"
813e3a49-1f40-5166-85ba-2985a303e2a5,Business Analyst/Product owner,Business Analyst,mobile,5.0,mid_3_6,intermediate,3.0,product management;project management,2,,"I started to pay attention to the UX in the technical tasks on my own initiative. Later I finished design courses in Projector and became responsible for the design of the new interface of the main company's product. Since 2014, I have worked in different roles in the company that develops a core banking system (CBS) - started out as a support engineer, later became a business analyst and for the last 2 years my main task was to develop a new CBS design. I took part in such projects: 1. Finance mobile and web applications for European individuals and companies. My role: part-time business anal"
0738eda5-5729-56d3-9f0a-776e66b19627,Data Analyst | Data Scientist,Data Analyst,machine_learning,2.0,junior_1_3,fluent,5.0,machine learning;python;sql;tableau,4,,"I am Farid Karimli, a data analyst/scientist with two years of work experience and an engineering background. Currently working as a data analyst/scientist at Kapital Bank, the largest bank of Azerbaijan. I use Python, DataIKU DSS and sometimes R for ML, and for data visualization, I use SQL and Tableau. In addition, I have almost one year of work experience as a data analyst at State Oil Company of Azerbaijan Republic (SOCAR), largest company in Azerbaijan."
8ab719aa-a70a-58de-9a6d-5a07c4361239,CTO / Director of Engineering / Lead DevOps,Lead,devops_cloud,11.0,senior_10_plus,fluent,5.0,aws;azure;ci/cd;gcp;jenkins;kubernetes;linux;mongodb;mysql;postgresql;python;redis;terraform,13,,"10+ years of experience as a System Engineer, administration of Windows, Linux, and FreeBSD operating systems and servers; 6+ years in DevOps practice, administration, automation, and support of virtualization platform and cloud infrastructure, building, analyzing, and troubleshooting scalable distributed systems; 5+ years as DevOps Tech Lead/Head of Infrastructure; Work experience and understanding of technologies: - Cloud Platforms: Google Cloud Platform, Amazon AWS, Azure, etc - Container orchestration systems: Kubernetes(EKS, AKS, GKE, Bare-metal), Mesos/Marathon, Cloud Foundry, OpenShift "
6741b2df-99ce-5fbc-afe4-9e2705cce6a9,"tester, QA",Other,qa_testing,1.0,junior_1_3,intermediate,3.0,git;qa,2,part_time,"experience: - software (entertainment, visualising, office, web, media) and hardware manual testing; - writing test-cases, bug reporting (Google sheets, Github, Redmine, Jira, Mindjet); - basic knowlege html,css, Qt creator; - communication with developers&engineers&project managers; - psycology&writing&law. I`m looking for a freelance (part-time) projects and also ready to consider full-time job. Ready to learn more languages if it`s need (exept English, Ukrainian, Russian also can quickly brush up my Germany and Polish)."
02b620c0-ffcb-5cf2-b783-589821176505,Senior Front End Developer,JavaScript,frontend,6.0,senior_6_10,intermediate,3.0,javascript;react,2,,"Front-End Developer that has 6+ years of strong experience in UI development. 4+ years in ActionsScript 3, Adobe Flex in enterprise gas-oil web-based solutions and 2+ years of experience in ReactJS, Redux in financial/investment banking area. Experienced in building diagnostic systems for gas-oil equipment and systems for internal documents flow. Participates in systems architecture and code inspections, supports system users."
d6b25c6f-d546-5bd4-8574-f227c4019b33,Manual QA Engineer,QA,qa_testing,2.5,junior_1_3,intermediate,3.0,agile;api;figma;qa,4,,"I am a Manual QA Engineer highly motivated and detail-oriented. I have knowledge of software development and QA life cycle processes, including test planning, test case design, execution, defect tracking, and reporting. I am knowledgeable in Agile methodologies and have experience with bug-tracking tools such as Jira, TestRail, Worksection, ClickUp. I am skilled in various testing techniques and types, such as functional, GUI, usability, system, and integration testing. I am a quick learner and am willing to expand my knowledge to enhance software development's quality throughout its lifecycle"
bca3b6dc-1d5f-50d7-bcae-9e0c5730219c,Data Scientist,Data Science,machine_learning,1.5,junior_1_3,fluent,5.0,data analysis;numpy;pandas;python;scikit-learn;sql,6,,"Currently working as a BI Developer at a gaming startup located in Berlin. Previous experience in Data Analysis, Machine/Deep Learning. Education: M.Sc. in Statistics at TU Kaiserslautern, Germany. Tech: Python (numpy, pandas, pyspark, scikit-learn, requests), SQL (MS SQL, Snowflake), R, Matlab, Looker (BI tool), Databricks, HTML/CSS."
79ee4279-f0ee-588a-a231-c17235a24ff5,QA Engineer,QA,mobile,4.0,mid_3_6,intermediate,3.0,agile;android;java;qa;scrum;selenium;sql,7,,"SUMMARY OF QUALIFICATIONS: Experience in software QA: 5 years manual testing of embedded systems, web and mobile app.. • Experience of working in agile projects (Scrum framework). • Experience of working with bug tracking systems, good understanding of bug life cycle. • Experience of working with tasks management systems, working with requirements, creating QA documentation. • Understanding of levels, types and methods of SW testing. • Understanding of QA and software development processes. • Intermediate level of spoken and written English and Germany. • Familiar with SQL, understanding of OO"
1fa99470-c2e7-518a-b7d9-5746ac4c4cd5,PHP Developer,PHP,backend,11.0,senior_10_plus,intermediate,3.0,api;laravel;php,3,,"PHP and Laravel developer, I have experience developing various kind of projects and api services with Laravel framework. In the past also worked with CMSes like Wordpress and Drupal 6/7/8, ecommerce solutions like PrestaShop and Yii2 framework. Additionally can write unit tests (PHPUnit), can do code reviewing, trying to follow modern coding practices."
f8e83c12-45ab-5013-b5de-49271146c66d,UI/UX Designer,Design,design_ux,2.0,junior_1_3,fluent,5.0,blockchain;ui/ux,2,,"Web Designer The Sole Company · Full-time Jun 2022 - Present · 9 mos Skills: Art Direction · Interaction Design · Visual Design · User Interface Design User Interface Designer AbitPay · Contract Aug 2021 - Dec 2021 · 5 mos I was responsible for the e-commerce feature on the blockchain app. • Worked on improving how users can easily use their crypto(Tatcoin) to buy items online with ease. • Developed wireframes, hi-fi designs and working prototypes based on user's goals and needs • Collaborated with teammates to meet product goals and timelines."
184570c1-1e69-53aa-9b7c-f23b171f24b8,Project Manager,Project Manager,product_project,2.0,junior_1_3,intermediate,3.0,linux;project management,2,,"Im open 3 brand retail store - Sumy, Kremenchug, and temporary store in Konotop (Sumy dist.) Coordinate teams, teach a new leaders by self wrtitted program for new teams leaders and managers. For the last year KPI of my Team grow up till 20% 75% of my team has a promotion. For a present time im on position of Store (Territory) Manager in Brand Retail Store of Philipp Morris Sales and Sitribution company - IQOS. Im a leader of a team. What i shoud to do ? KPI, analysis, targeting, Multitasking, Planing , Motivate and Coordinate team. Wekly briffings, daily huddles - plan, perform. Business call"
57be8ca7-bd6e-53d6-8fb5-fdfd879cbe8f,DevOps Engineer II,DevOps,devops_cloud,4.0,mid_3_6,fluent,5.0,api;docker;git;github actions;java;kubernetes;microservices;python;spring;terraform,10,,"Built and maintained infrastructure serving over five million users. Built pipelines that enable the organisation to list crypto tokens every week DevOps Engineer with experience building CICD, and Microservices for Distributed financial applications for Crypto Exchange Organisations. Successfully created and deployed platforms serving over five million users with scalability, security and resilience. DevX - Developer Experience Improved Developer experience and tooling through Build, Test, Deploy & troubleshoot Daily troubleshooting & resolving deployments of different kubernetes’ environment"
2dbdb2a0-6e86-5341-a953-bd57eecdf55c,CMO | Head of Marketing | Product Manager | Product Marketing Manager | Growth Hacker,Marketing,data_analytics,11.0,senior_10_plus,fluent,5.0,data analysis;product management,2,,"MY ACHIEVEMENTS I would like to mention some facts supporting my application: Created marketing strategies and launched 10+ products internationally Acquired 60,000,000+ users for those products Introduced a systematic approach to marketing and analytics WHEN I CAN BE USEFUL You need to create an effective marketing department from zero You are unhappy with your current marketing results and seek improvements You plan to scale your business and require someone to guide your growth You need someone trustworthy who can work autonomously You are just looking for CMO, Marketing Director or Head of"
3d17c591-4f80-56cc-8650-44722ee13171,Senior Software Engineer,Node.js,fullstack,5.0,mid_3_6,fluent,5.0,api;ci/cd;data analysis;javascript;node.js,5,,"I am seasoned software engineer focused mainly on backend with some fullstack experience with 4+ years of experience. I have been working commercially in different domains such as real estate, fintech, analytics, delivery, aggregation public API, slot/casino games . I have mainly be using NodeJS, but I have strong knowledge of necessary concepts in system design, API design(working on public api), databases, automation and CI/CD, also understanding not just api development, but how your code changes once it gets deployed. Apart from that I am huge product person with high sense of ownership, e"
ee0ac636-039a-56c0-9b6b-8efc78470533,Python Developer,Python,backend,0.0,junior_0_1,intermediate,3.0,django;flask;git;linux;postgresql;python;qa;rest,8,,"finished the course Softserve academy Practice and all testing Сertificate: link to the certificate I`m very open-minded person, quickly educating, can work with team, always open to something new and always move forward. I`m self-motivated so I can do my best . and I have these Soft skills Open-minded Hard-working Self-motivated Teamwork Study in Softserv Academy At first they learned the basics of Python programming. In the next course, the Django and Flask frameworks were studied, as well as practical tasks were performed. Student on the course: “Python Fundamentals” and “Practice Pythone” "
87741d7c-e748-526e-8c9d-fa21ac1fd7f7,Blockchain: CTO / R&D / Pre-Sales / Technical Manager,Lead,machine_learning,11.0,senior_10_plus,fluent,5.0,blockchain;computer vision,2,blockchain,"As Blockchain Architect and Presales Engineer took part in 50+ projects, including F500 companies. Managed team of 5-15 ppl. Headed 7 projects in blockchain sphere (both, Public and Private). I not only develop blockchain projects but fill them with sense and value as well. ~ I’m a tech guy with 10+ years of experience in commercial development. Have been working in the blockchain/fintech industry for already 7+ years. Worked with AI (CV). Worked a lot on the business and economic (tokenomics) aspects of the projects. Managed teams of 5-15 specialists. Fluent in English and Russian. - Started "
8e16db38-acdd-57b7-954e-0c45e004262c,Front End Developer,JavaScript,frontend,3.0,mid_3_6,fluent,5.0,javascript;laravel;mongodb;mysql;node.js;php;project management;react,8,,"Build an application that is being used by more than 5 million plus people React ( 3 years in production) Node js (2 years in production) PHP ( 4 years in production) Laravel (1 year in production) MYSQL (4 year in production) PostgresSQL (2 years in production) MongoDB (2 years in production) Heroku ( 2 years in production) Netlify (2 years in production) I have worked remotely for more than 2 years I'm able to communicate with my team members using Slack If a problem persists I can set up a meeting using Team viewer/Zoom/Google meet I have worked using task management app like Clickup, Jira,"
e4d85506-a454-5e0c-a74b-8d2f25d7962c,junior UX/UI Designer,Design,design_ux,1.5,junior_1_3,intermediate,3.0,figma;ui/ux,2,,"I have previously been gaining UI/UX basics on my own for approximately a year. In 2020, I decided to join the UI/UX course. While 4 months that I’ve been attending this course I improved my knowledge and skills in this area on every lecture. Next step in my career was working with ‘Hypanemo Agency’ team. Mostly I was working with rebranding web - sources, their IA logic, did UX research to create a convenient product and worked with site’s conversion raise up. Also I worked on developing the application e‒Key, which makes a smartphone ‒ an intercom key, using technology NFC. General in the pr"
4cb747b7-313f-5b95-93a7-39aec5867694,Customer support representative,Support,data_analytics,2.0,junior_1_3,intermediate,3.0,javascript;linux;sql;swift,4,,"I have been working in the support service for over 2 years. The support is mostly product related, but I am familiar with HTML, CSS. Basics of JS, Swift, Linux, SQL, networks. According to the Skyeng test, the level of English is Upper Intermediate."
8153d066-3521-5dcc-a8cd-771765c94f24,Senior WordPress Full-stack Developer. Elementor | ACF | WPML,PHP,fullstack,5.0,mid_3_6,fluent,5.0,data analysis;figma;javascript;php,4,remote,"Full-stack WordPress developer with 5+ years of experience. Have been working on various projects - from minor adjustments to creating themes and plugins from scratch. 300+ WP websites: shops, news, portfolios, presentations, meeting and listing services, catalogs, questionnaires, and others. I usually do: - Custom data structures: questionnaires, projects, jobs, profiles, and similar listings. - Functionality to manage, limit access, search and compare custom posts and DB tables. - Multilingual websites, including RTL and translating services integration. - Design with visual builders, use ex"
2bbc5e69-fb84-5e5a-9fa6-dc6662aef841,Cloud Architect,Lead,devops_cloud,5.0,mid_3_6,intermediate,3.0,azure;docker;sql;terraform,4,,"Certifications • Microsoft 365 Certified: Enterprise Administrator Expert • Microsoft Certified: Azure Solutions Architect Expert • Microsoft Certified: DevOps Engineer Expert • Microsoft Certified: Azure Administrator Associate • Microsoft Certified: Azure Security Engineer Associate • Microsoft 365 Certified: Teams Administrator Associate • Microsoft 365 Certified: Security Administrator Associate Experience in implementation, integration, migration and support of Microsoft products – 12 years • Experience with Exchange Server 2013-2019, Skype for Business Server, SharePoint server 2016-2019"
7178edf0-570f-51e2-b3de-eb725bbd9cc6,Project Manager,Project Manager,product_project,4.0,mid_3_6,fluent,5.0,agile;computer vision;project management;scrum,4,leadership,"more info in CV pmbook, jira, agile, scrum implementation,work with team up up 50 people, time tracking management, simultaneous control of 25 projects in parallel, scope definition Core Competencies - Project management - Team management - Business delivery - Risk management Looking for big challenging job with interesting projects to develop myself further as a project manager."
3c7e9af7-431f-5fca-86ca-c17744a124a7,QA Engineer,QA Automation,mobile,10.0,senior_10_plus,intermediate,3.0,android;api;java;qa;rest;selenium,6,,"Started from scratch the automation process on the project. Developing own android projects. Quality Assurance Specialist with more than 10 years of enterprise software product quality assurance experience including test planning implementation and execution. My skills: * Web apps testing * Functional and Non-functional testing * Cross-browser testing * Android apps testing * Developing of QA documentation (Test cases, Test plan, Checklists) * Bug reports (detailed bug reports with screenshots or video), experience in Jira, Redmine, TFS, Trello, Asana * Work with REST API using Fiddler, Jmeter"
7b9f059f-aa41-5e93-a294-8e6365a3dca4,Senior QA Engineer,QA,qa_testing,4.0,mid_3_6,intermediate,3.0,qa;scrum,2,,"- Software development life cycle (SDLC) - Testing Process - Testing (Functional, Regression, GUI, etc) - Manual Testing of desktop and web applications, device testing - Requirements Analysis and Testing - Test Planning, Test Design, Test Cases development - Issue tracking - Bug reporting - Software testing techniques - Traceability Matrix Development and Tracking - Waterfall development model - Scrum methodology"
bf7ff134-e789-5d56-a07b-42ed6cb13b2d,QA Engineer,QA,qa_testing,5.0,mid_3_6,intermediate,3.0,figma;git;jenkins;qa;scrum,5,,"- testing WEB application, AR app - daily support activities with real users - working with Jira, Notion, Figma, Slack, github, jenkins - analyze/discuss requirements with team, sprint planning/review, backlog refinement meeting, working according SCRUM - pre-release testing - create and review test documentation (checklists, smoke/regression test plans, test cases, project logic description"
805634a8-4bd3-5066-a1b3-7120221c727a,Junior UX/UI Designer,Design,design_ux,0.5,junior_0_1,intermediate,3.0,figma;ui/ux,2,,"Graphic Designer (Mar 2016 - Dec 2022) - communication with clients and partners; - create individual photobook designs; - approval layouts and making changes; - pre-press. Graphic Designer (Dec 2014 - Mar 2016) - communication with clients; - designed posters and banners; - created personalized parties decorations, invitations etc. I am looking forTrainee/Junior UI/UX Designer position. As a Graphic Designer with eight years of experience I’ve found myself drawn more and more to user-focused design. I’ve graduated from the ""Web Design Basic"" course for focusing on creating rich user experienc"
08e148f8-7552-56c7-9613-e63ad8cde1c7,Data Scientist,Python,machine_learning,2.5,junior_1_3,fluent,5.0,computer vision;machine learning;nlp;python,4,,"With a Master's degree in AI, a background in computer engineering, and experience as a Software Engineer at Uzinfocom, I am confident in my abilities to contribute to your team and make a positive impact. During my Master's program in AI, I had the opportunity to work on various small AI/ML projects that allowed me to apply and deepen my understanding of Python programming, machine learning algorithms, and natural language processing (NLP) techniques. One notable project involved developing a Text-to-Speech (TTS) module for the Uzbek language, where I implemented NLP models, data preprocessin"
880afc5c-8ced-5ef9-9c3c-786d83ba5870,Senior QA Automation Engineer | AQA Lead | QA Architect,QA Automation,mobile,9.0,senior_6_10,fluent,5.0,api;ci/cd;qa,3,,"Reduced regression testing time from a few days to a few hours. Provided transparent visibility on major QA activities for all the stakeholders. Reached 0 escaped critical bugs for the project I joined since the beginning of it. Build QA team of 5 and all related processes from scratch. I have more than 8 years of experience in building QA processes and automation frameworks from scratch for Web, Mobile and API levels. Transformation of the existing testing processes and SDLC. Was doing set up of CI/CD on various platforms. Also had an opportunity to lead QA teams of up to 5 people. Do not loo"
cd812a10-eb8c-5e77-9291-88086795aec7,React JavaScript developer,JavaScript,frontend,5.0,mid_3_6,intermediate,3.0,docker;graphql;javascript;kotlin;node.js;react;typescript,7,,"CAREER OBJECTIVE To use my 5 years of experience as a front-end developer in developing and maintaining both public and internal projects, with a focus on writing high-quality code and meeting deadlines. Searching for opportunities to use my expertise in coding based on strict business rules and providing internal systems for managing the banking sphere. Additionally, looking for sharing my skills in optimizing code within the constraints of computing resources to create fast and efficient e-market sites. Overall, my goal is to continue advancing my career as a developer by delivering high res"
d1e45ad4-10dc-5de0-8b4e-2dc66d3b0a5a,Junior Frontend developer/ Junior Full-Stack developer,JavaScript,fullstack,1.0,junior_1_3,intermediate,3.0,api;data analysis;docker;javascript;mongodb;node.js;react;react native;rest,9,,"Proficient in React and Redux: I have extensive experience working with React and Redux, two of the most popular frontend frameworks. I have successfully built several complex and interactive web applications using these technologies. By leveraging React's component-based architecture and Redux's state management capabilities, I have created seamless user experiences and optimized performance. Contribution to Collaborative Projects: I have actively participated in team projects where I collaborated with fellow developers to build robust web applications. Through effective communication and tea"
928bcab8-df21-5b13-9bc7-743c4f72b054,Project Manager,Project Manager,product_project,3.0,mid_3_6,fluent,5.0,agile;project management;scrum,3,leadership,"Due to managing the projects one of my clients increased his sales by 32%, and another increased his sales by 28% through the new way of his product usage we had explained to the customers. I have managed simultaneously 7 projects. I am all about Leadership & Project Success. I work to get the best possible business result, also I am able to work alone and collaboratively, with multiple tasks, under deadline pressure, and with people from different artistic and technical disciplines. I have worked remotely as a PM for 3 years, have extensive experience working with remote teams, and have manag"
85ca7da3-778c-563f-8fdc-2c519bcdc85d,Junior Project Manager,Project Manager,data_analytics,1.0,junior_1_3,fluent,5.0,product management;project management;qa,3,,I am a Junior Project Manager/Junior Product Owner with previous work experience as a Manual QA Tester in a start-up in the audio/gaming industry and as a Product Data Analyst for a Google Shopping project. I also worked as a Customer Success Specialist in a marketing automation company.
646d30ea-12b8-5d27-b264-3908ef7bdbe3,Java Developer,Java,backend,2.0,junior_1_3,intermediate,3.0,ci/cd;git;java;kubernetes;microservices;mongodb;postgresql;spring,8,,"Backend application for mobile app about coins collecting (Java 17, Spring boot + other solutions, Apache Kafka, k8s, Postgres DB, Mongo DB, Amazon s3) Creating architecture according to the technical documentation Implementing Google, Apple, Facebook authentication Development 6 microservices with different DB and messaging Creating deployment configuration for k8s and Gitlab CI/CD I am looking for an opportunity to work on an interesting project with the latest tech stack to improve my skills and development experience and learn new interesting features."
4859d287-f12c-5ce5-a266-2d6eb2bc08f9,Senior DevOps Engineer,DevOps,devops_cloud,10.0,senior_10_plus,intermediate,3.0,aws;kubernetes;scrum;terraform,4,,"Mostly I prefer to work with AWS cloud provider with Kubernetes (EKS). Currently, I got 2 international certificates so I would like to continue working in this area. I have about 10 years of experience in information technology. During this time, I had the opportunity to participate in many projects of different sizes and complexity from e-commerce to business decisions. For all projects, I have used solutions that help to better develop and maintain the project in a stable state. I understand cloud infrastructures well with the use of tools such as Terraform, Helm, Ansible, and another. Most"
d1ce1e8e-29bf-5400-97b3-e979053ffc71,QA Engineer,QA,frontend,2.0,junior_1_3,fluent,5.0,api;qa;sql,3,,"Hello, I am looking for a QA position. My work experience is 1,5 years. I was working with both web and mobile apps, testing both frontend and backend. I'm familiar with API testing, postman, basic SQL."
9cf3acf0-ec9a-5225-9abe-01f33bb6ea6b,Data Scientist,Python,machine_learning,0.0,junior_0_1,intermediate,3.0,python;pytorch;scikit-learn,3,,"Implementation of Naive Bayes Classifier and Project with real data “Naive Bayes Classifier vs Neural Network to detect English book genre” (Scikit-Learn, Keras, Matplotlib) in IT Hillel School, Kyiv, Ukraine Age-Gender Classification for Video Recognition in Diploma Project (NN, PyTorch)"
61d43a1c-6743-5c16-a665-4eef69711071,.NET developer,.NET,backend,6.0,senior_6_10,fluent,5.0,.net;agile;machine learning,3,,"Have 1,5 years of experience in web development on ASP.NET MVC, Web Forms, Core. Worked for several data science(machine learning) projects. Have finished and supported open source projects and implemented couple of business websites using different CMS. — Experienced with issue tracking systems(Jira, Asana, Trello, VSTS) — Solid understanding of engineering practices — Excellent communication and negotiation skills (fluent English) — Experience of working with Agile approaches"
26db4c53-e227-5006-9445-e2216ee05fa9,PHP Developer,PHP,fullstack,6.0,senior_6_10,intermediate,3.0,microservices;php,2,,I've 6 years experience. Worked as in outsourced and in a product company. Open for learning new programming languages. Used Go in microservices and actively closed tasks but my main programming language is PHP. First looking for remote of half-remote work. cms and full stack are not interested
9459c1d3-2c87-5f62-939b-9b0464df402b,Product manager,Product Manager,product_project,3.0,mid_3_6,fluent,5.0,blockchain;product management,2,,"connected with creation of a new product, where both creative & technical skills required. My personal mission is to be proud of the fruits of my creation, that makes people's lives bette 2018 - Recereum (blockchain-based platform for turning waste and recyclables to real value) - CTO 2019 - W2V Eco Solutions LLC - CIO 2021 - SP GameDev Team - CIO"
84548677-9910-5604-9523-56f8ce3b0b49,DevSecOps SRE engineer,DevOps,devops_cloud,5.0,mid_3_6,fluent,5.0,api;aws;azure;ci/cd;cypress;docker;git;github actions;java;javascript;jenkins;kubernetes;playwright;python;qa;ruby;selenium;terraform,18,startup,"• Azure, AWS Resources Cost analyzing and optimizations in huge organization • Observability platform setup • bringing infrastructure for Security assessment ready state • built framework for `S`SDLC process with parametrized scanning different SAST, DAST tools (mostly opensource) • integrated security checks to 5+ product teams • analysing scanners results in vulnerabilities management system • integrating experience and other Security activities to team (security champions, business metrics, BB) • providing, analyzing load testing • implementing SRE Practices • more than 5 years experience i"
cb5b0f45-6110-5508-a26e-7b06f3a40723,Data Analyst,Data Analyst,data_analytics,1.0,junior_1_3,fluent,5.0,data analysis;python;sql;tableau,4,,"Certificates Successfully completed virtual internship by Accenture. The Complete SQL Bootcamp issued by Udemy. SQL Courses for Data Analysis issued by Data Camp Hands-On Tableau Training for Data Science by Udemy. Due to little experience in the field I have done numbers of personal projects showcasing my knowledge. EDA/Data Cleaning in SQL • Handled missing data using advanced SQL statements such as CASE, JOIN, and Temp Table. • Fixed structural errors and incorrect data types. • Performed EDA to analyze customer behavior and sales performance. • Analyzed menu performance and ingredient usag"
3c4cf199-9ee5-5850-8e7f-ecc3d8317ab4,Junior QA Engineer,QA,qa_testing,0.0,junior_0_1,fluent,5.0,api;qa,2,,"Postman (sending requests GET, POST, creating environment variables, JSON structure, code status, API testing) Jira (Issue type BUG, TASK, ENVIRONMENT, EPIC. Creating overview and tracking bug reports, re-testing, security testing, functional testing)"
f75394a3-083e-5158-8353-3f94f0fc4460,Project Manager,Project Manager,design_ux,5.0,mid_3_6,fluent,5.0,ci/cd;linux;project management,3,,"• Linux-based server support; • Maintenance and administration of the corporate website; • Maintenance and administration of the NAK Service application; • Work on implementation of CRM Protrend 2021; • Optimization, development and implementation of new information systems. • Automation based on Microsoft subscriptions (Creation of IT Help Desk - for processing IT requests, creation of prescription module for technical supervision department); • Work on implementation of a new electronic document management system. 1) Head of KYC, EXMO RBK LTD • Performing the due diligence on new Clients, re"
6556d368-49a3-5fe1-b447-d12d665ce3c8,Middle Android Developer,Android,mobile,3.0,mid_3_6,intermediate,3.0,android;api;git;java;kotlin,5,,"- Native Ukrainian/Russian Speaker/ English B1/ Polish A1 - UP2IT 2019 conference speaker/ winner - Have my own G Play account - Have patent for mobile app Android Developer with over 3+ years of experience with full Android software development lifecycle (Java) and 1+ year (Kotlin) Tech stack used in projects: Android Architecture Components, RxJava/RxKotlin, DI(Dagger2), Retrofit2/Jsoup/Regular request, Fresco/Glide/Picasoo, SQLite/Room/Shared Prefs/, View/Data binding, Loaders/Services/Jobs/WorkManager, Firebase APIs (Database, Auth, Pushes, Remote Config, Dynamic Links, Vision, etc), Augme"
256c2ad1-b028-527e-99b0-19ad64dcaf25,Data Annotator,Data Engineer,machine_learning,1.0,junior_1_3,intermediate,3.0,computer vision;machine learning,2,,"One year experience in computer vision machine learning as a video annotator. Familiar with bounding boxes, interpolation, key frames. Can do image or video annotation both. Please feel free to contact me any time."
d6adf618-8df6-5211-8e5c-922ed4cc2aaf,"Software Architect, Tech Lead, Senior Developer (Java/Scala/Python)",Java,data_analytics,11.0,senior_10_plus,fluent,5.0,data analysis;java;linux;machine learning;python;sql,6,,"I'm able to solve complex tasks that require research, analysis and code/algorithm design. Over the last 15 years, I have participated in successful projects on all stages (requirements analysis, technical design, implementation, testing, and support) as an architect, senior, and lead developer. I believe that people skills and communications rule projects to success. Java: 10+ years Scala: 5+ year Python: 1+ years SQL: 10+ years Linux: 10+ years Looking for a project that involves highly scalable application development, machine learning, and data analysis."
af9726dc-db66-581c-b57a-a1a1fa7aabbc,Senior iOS Developer,iOS,mobile,4.0,mid_3_6,fluent,5.0,android;api;ci/cd;git;ios;rest;swift,7,leadership;startup,"- for the past two years been working as a team lead of average 2-3 people (max 5) - usually am given the responsibility to communicate with client directly - have experience working with startup projects as well as supporting existing code - have experience configuring CI/CD, publishing app to AppStore, creating certificates/provisioning profiles etc - paying a lot of attention to code style and following patterns - a code review is always a must have in a team Some of published apps: https://itunes.apple.com/us/app/quest-gl/id1376032050?mt=8&ign-mpt=uo%3D4 https://itunes.apple.com/us/app/udb"
bade638e-959d-55fd-aef6-bbbd770466e1,Graphic Designer,Design,design_ux,3.0,mid_3_6,intermediate,3.0,figma;ui/ux,2,,"I have been working in the field of design for 3 years, I know Photoshop, Illustrator, In design, figma, effects. I know UX design and I can work with large projects. I know animation and integrate it well into my projects. I know how to find a common language whether it's a client or a manager. Worked for two years as a freelancer with various projects: • logo • typography • website design • tablet design • worked For a year in a pharmaceutical company worked on projects: • animation • website design • outdoor advertising • typography • and much more. I really like my job, I help people bring"
9212de4f-0f7b-5603-ac40-49edc6d3948e,Project Manager,Project Manager,product_project,1.0,junior_1_3,intermediate,3.0,.net;project management,2,remote,"- Development of training projects from scratch; - improvement of the product sales strategy; - development of products for foreign markets; - creating the most effective communication when moving to a remote work format. September 2022 Ajax Systems Project Coordinator January 2022 – September 2022 Holding «SІMPATІK-group» Project Manager (internal organizational projects) Workflow control, project effectiveness analysis, organization of meetings, result quality check, recruitment of new employees to the team, holding meetings to plan the timing of tasks. August 2019 – September 2022 Holding «"
d92f3336-8641-5783-82b6-7475e34ec637,DevOps engineer,DevOps,devops_cloud,1.0,junior_1_3,fluent,5.0,aws;ci/cd;docker;linux;python;terraform,6,,"As a dedicated DevOps engineer, I am well-versed in a wide range of tools and technologies, including Docker, Terraform, AWS, Linux, and many more. Whether you need help with building small APIs in Python, packaging web applications, or implementing CI/CD pipelines, I have the skills and knowledge to deliver results. Working as a freelancer i got opportunity to develop myself as a DevOps engineer and gain new skills. I would like to join team where i can use my knowledge in order to achieve ambitious results and grow as a professional"
51f74688-f71b-57ba-8401-4add7789f554,Junior Web Developer,JavaScript,frontend,0.5,junior_0_1,intermediate,3.0,api;javascript;react;rest;sql,5,,"This year I enrolled in an Algorithmics course to improve myself. There I studied front end web development. In the projects I worked on, I used HTML, CSS, Bootstrap, JS, Rest API, React, Redux, REdux-Toolikit. It is also available in the Pharmacy project I created using WinForm + SQL because I used to go on a backend. I want to put the theoretical knowledge I learned into practice in the workplace."
a4081030-643f-5f4b-ad93-1564335b097b,DevOps Engineer / System Administrator,DevOps,backend,11.0,senior_10_plus,intermediate,3.0,aws;git;javascript;linux;microservices;mongodb;mysql;node.js;postgresql;python;redis;ruby;terraform,13,,"- Deployment automation for the end-user — a python script with Ansible under the hood, which spins out dev or production environment in the cloud as well as prepares and starts application. Different countries, different satisfied customers - Migrated medium-sized (more than 2Tb+ of video and image data) microserviced project to AWS - Developed event-based application deployment automation solution (node.js + ansible + aws) - Migrated a project deployment from Chef to Ansible - Developed billing and AAA solution for ISP - Impressive telecom background (VoIP, IPTV, xDSL, GPON) TL;DR Amazon Lin"
c898cd68-f14b-53b2-bf92-731e862b7f3c,Automation QA Engineer,QA Automation,qa_testing,2.0,junior_1_3,intermediate,3.0,jenkins;qa;scrum,3,,"-Review requirements specifications and technical design documents to provide timely and meaningful feedback -Create detailed, comprehensive and well-structured test plans and test cases -Estimate, prioritize, plan, and coordinate testing activities -Design, develop and execute automation scripts using open source tool - Developed automation and deployment utilities using Bash, PowerShell, Perl; - Worked with developers to ensure new environments both met their requirements and conformed to industry-standard best practices; - Analyzed requirements, created/updated jobs on Jenkins; - Created te"
2545eae1-1b66-5a50-9558-2eebef6ee86c,Full Stack Developer,JavaScript,fullstack,6.0,senior_6_10,fluent,5.0,agile;api;blockchain;elasticsearch;javascript;mongodb;node.js;postgresql;react;rest;scrum;vue,12,blockchain;startup,"-Developed a synchronization trigger that channels data from PostgreSQL to Elasticsearch, increases full-text search speed by almost 90%, and makes a list of suggestions available for website search needs. -Researched blockchain technology, smart contracts, and cryptocurrency exchange systems. -Refactored the existing code to improve the performance of a heavy Vue front end by talking to a Node.js and Express.js via REST API. -Updated a Socket.IO piece of application to handle multiple connections and user disconnects. -Improved the mobile user's experience by making applications, charts, and "
54e10e93-da3d-5363-80b6-0351ea79effb,Content Contributor / Localization Specialist / Technical Writer,Marketing,design_ux,8.0,senior_6_10,fluent,5.0,linux;nlp,2,part_time;remote,"8 years experience in academia / translation / content contribution. - Translation (technical, legal documentation, localization of web-sites, EN-RU, EN-UA); - Copywriting (texts for case studies, promotional brochures, etc). - Proofreading, copy-editing; - Technical writing (tutorials, How Do I instructions); - Academic writing (some 20 publications in scientific journals of Ukraine and abroad in Ukrainian, Russian, and English); - Collaboration tools: Jira, Confluence, YouTrack, Redmine; - Windows, Linux (Ubuntu); - Google Docs, Office 365; - Experience with various libraries and frameworks "
235d6a52-103b-5040-bb53-49fe98b84db4,Python Intermediate Software Engineer,Python,backend,4.0,mid_3_6,intermediate,3.0,django;flask;python;rest,4,,I am motivated and ambitious specialist with a strong will to develop and implement skills and knowledge in software developing. I have good knowledge in Python development with Django/Flask and them Rest Frameworks. While working on a projects I worked with a stack of technologies that helped me to improve my skills in development and testing. These were such technologies as Python 3.7/Django/Flask/SQLAlchemy/Unit Tests. I would like to continue developing myself as a backend developer and to continue to improve my skills and try myself at working with the python core.
000c1fe0-8031-5c00-99a2-70c79a34c810,QA Automation Engineer,QA Automation,data_analytics,8.0,senior_6_10,fluent,5.0,api;azure;git;java;jenkins;qa;rest;selenium;sql,9,,"- Building automation from scratch - UI automation - API automation - 9+ as QA - 5+ as QA Automation - Java, Selenium, Cucumber - RestAssured, Karate - HTML, CSS, Xpath - TestNG, JUnit - Maven, Gradle - Git - Allure - HTTP, Rest API - JSON, XML - GitLab, Jenkins, Azure DevOps - Postman, JMeter - SQL - JIRA, TFS - ISTQB certified - QA Documentation, Test design - Fluent English Professional growth as QA Automation"
81b51be6-1445-5392-8516-711a6fe58236,"Senior Product manager, Head of product, CPO",Product Manager,mobile,11.0,senior_10_plus,fluent,5.0,agile;product management,2,,"Hello, I am a product manager who helps the online and mobile businesses to increase their profitability. Based in Sweden I am looking for global opportunities for my next career move. The positions I am interested in are Product Manager, Head of Product or CPO. I like the Ukrainian IT for both exciting technical challenges, highly professional teams as well as competitive benefits. An extra advantage is that I speak Russian (along with Swedish and English) at native level which helps making additional bridges between teams and stakeholders. Strength of my experience and professional interest "
e8757378-81da-512a-b766-6c64dd6ef233,Product manager/Product Owner/Delivery Manager,Product Manager,machine_learning,6.0,senior_6_10,fluent,5.0,agile;data analysis;machine learning;product management;project management,5,startup,"• Co-founded and managed the software product which became a Product of the Day on Product Hunt: wordbook • Co-founded and led an AI startup product to automate parking operations in the city by providing real-time information about free parking spots. • Successfully managed and delivered more than 30 products/projects with different complexity and business domain • Trained 50+ non-IT professionals on the Agile methodology and its frameworks in one of the outstanding Armenian IT training center: ISTC Product manager offering 5+ years of product and project management expertise, through foundin"
33cf61e4-5efe-5f65-92d7-7f06eb639433,React Developer,JavaScript,frontend,3.0,mid_3_6,fluent,5.0,git;graphql;javascript;node.js;react;ui/ux,6,,"I have been able to make meaningful contribution in the development of the extrademy application both frontend and backend, which has been able to attract users all over the world. 1) Frontend Developer GLOBAL PERFORMANCE INDEX, LAGOS NIGERIA, October 2020 - June 2021. Responsibilities; Implementation of web applications from concept through deployment, standardizing all output with a new, responsive, mobile-first approach and strategy, collaborating with frontend team members to implement new feature developments. Technologies: Javascript, React, Github. 2) Fullstack Developer, EXTRADEMY TECH"
12c96076-1172-5572-8a47-b608b06a71ca,Full Stack Web Developer,JavaScript,fullstack,6.0,senior_6_10,fluent,5.0,agile;aws;blockchain;gcp;git;graphql;javascript;react;typescript,9,blockchain,My typical work examples include these projects. Cygnus Core Cygnus Peripherals Cygnus Dapp Cygnus Front-end Zakiro NFTs Azuki NFTs Shinobi-inu NFTs Battle Punk Arena Punky DEX * Design the Cygnus protocol for leverage farming based on Impermax * Smart contracts in solidity on ethereum chain * Co-work with Starknet team to build the smart contracts in cairo * Build front-end for Cygnus (including DApp) with atomic-design and typescript * Web3 integration with smart contracts with ether.js and web3.js * Write secure test script and complete audit script * Build front-end (including mobile versi
68a7d650-a21d-5a39-b06a-8372834af6ae,Product Owner/Product Manager,Product Manager,product_project,8.0,senior_6_10,intermediate,3.0,api;product management,2,,"Project and direction: Twitch banner - development of a hypothesis, collection and analysis of requirements, formulation of technical specifications, decomposition and control of implementation. Acceptance testing and implementation. Purpose: to increase the conversion of users from the stream to the site. (+ 35%) Statistical and news site CS: GO, all dashboards and charts generated on real data. Development from idea to MVP. Website design and architecture development. trading tool - optimization of processes of 2 departments (anti-fraud, bookmaker center). Analysis of existing processes and "
cfc82f91-e183-5522-b02b-f26d6e833eae,Automation QA Engineer,QA Automation,qa_testing,2.5,junior_1_3,intermediate,3.0,api;playwright;qa;rest;selenium;typescript,6,,"Rewrite some test suites from the puppeteer test library to the playwright, involved in the migration process from the Serenity framework to the Selenide. Wrote multiple team solution for the request blocking using Selenium 4. Wrote easy maintainable framework with Selenide and Groovy First year of my career was mostly in the Developing, it were little projects. Last 1 year and 9 months working on a big media project. I was involved in the process of the maintaining autotests, writing regression suites using Selenide, Groovy 3/4, updating API tests with rest assured. In some cases used Playwri"
9717f7fa-3461-5202-9545-9d3aa9155636,Senior Software Test Automation Engineer,QA Automation,devops_cloud,5.0,mid_3_6,intermediate,3.0,java;qa;rest;scrum,4,,"Software Test Automation Engineer with 5+ years of experience Projects: Project1: Web Application with private infrastructure for DevOps Customer: USA Description: Project1 is a provider of hyper-converged infrastructure (HCI) and platform as a service (PaaS), which combines storage, compute, and networking solutions that help organizations combine everything into a single device. Technologies: Java17, Junit5, Selenide, Rest Assured, Allure, Lombok Position: Senior Software Test Automation Engineer Role: - Writing automated tests, fixes and adaptation for project needs; - Regression support an"
e90707ef-ec1e-5de0-bff1-0e833efda7b9,Middle Project Manager,Project Manager,design_ux,4.0,mid_3_6,fluent,5.0,agile;android;figma;ios;javascript;php;project management;python;scrum;ui/ux,10,,"* Completed PM certification; * PRINCE 2 Foundation certificate; * Advanced English/Polish languages; * Experience in working abroad and in big multinational corporation. Professional IT Manager with over 3,5 years of valuable experience in monitoring project performance to ensure company success. I have the experience in leading middle-size teams (up to 15 members - devs, QAs, UI/UX designers) and evaluating project progress to achieve results in a timely manner. Confidence and constant self- development are the pillars of successful career. I am fast- learner, open to new experiences and fle"
c72051c8-8f4e-5290-95ce-573c64b959c7,Machine learning/data science team lead,Data Science,machine_learning,11.0,senior_10_plus,fluent,5.0,data analysis;machine learning,2,,"15+ years experience in development of methodology, architecture, high- and low level system design, algorithms and experiment design in analysis of uni- and multivariate multimodal data 10+ years of experience in engineering management of business-driven cutting edge R&D projects: presales, marketing, community development, recruitment, competency models development, project and program management, audit, concept and architecture development, shaping the team capacity and expertise. Teams and processes control and coordination, vertical and horizontal, external and internal business communica"
cdd28653-8271-58cf-8553-9722d159e927,Senior/Architect Cloud/DevOps engineer,DevOps,devops_cloud,11.0,senior_10_plus,fluent,5.0,aws;docker;git;jenkins;kubernetes;microservices;scrum;terraform,8,,"Full migration of legacy monolithic platform into AWS under EKS. Bringing it through POC/MVP into PROD. With the daily usage of 1 million active customers on average. Improving and speeding its development lifecycle drastically as well. I have more than 11 years of overall experience in IT. I am experienced with SDLC in cloud environments and I am proficient with AWS, CircleCI, Jenkins, Git, Terraform, Kubernetes, Docker, Ansible, Chef etc. I enjoy managing/leading small teams. During my DevOps career, I used to work with different kinds of infrastructures and products. From highly available s"
323b9b41-b991-5cc4-a072-9c26f42196d3,Junior Strong Manual QA Engineer,QA,data_analytics,1.5,junior_1_3,intermediate,3.0,api;qa;scrum;sql,4,,"PROFESSIONAL • Experience in WEB testing • Functional, smoke, regression, exploratory testing • Experience in creating test cases, checklists, test plans, bug reports; • Experience with databases, ability to write SQL queries • Experience in API testing (Postman) • Understanding of QA theory and software life cycle (SDLC) principles. • Knowledge testing methodology, principles, levels, types, and testing techniques. PERSONAL • good communication and organizational skill; • open for new; • self-discipline. I am a Manual QA Engineer with more than 1.5 year’s experience in Manual testing web-base"
a192d50e-6e94-5bb3-9a33-e2e08b88a9fc,Java Software Engineer,Java,mobile,2.0,junior_1_3,intermediate,3.0,android;docker;git;java;linux;mysql;redis,7,,"Master of Computer Science, KPI, Department of computer science Java trainer, lecturer in spare time Native language - Java Technologies: - JavaEE (Servlet, JSP, EJB, JAX-RS) - Java 8 - Android - Play! Framework (Java) Databases: - MySQL - Redis Build tools: - Gradle - Maven Infrastructure: - Linux - Docker Testing tools: - JUnit - Mockito Web - HTML, CSS, BootStrap, JQuery, AnguarJS Design patterns - GoF, SOLID Other tools - Git, Linux, bash Do not offer legacy code maintenance Looking for Scala position"
daafe51d-87d9-5328-badb-4925f115876b,Manual QA Engineer,QA,qa_testing,0.0,junior_0_1,intermediate,3.0,api;qa;rest;selenium,4,,"Adept at designing, creating the following types of test documentation: test cases, test suites,checklists, bug reports, summary report for the Calculator REST API testing Swager, Postmen Selenium IDE testing saucedemo.com Created a personal website HTML/CSS"
bf6d0765-b213-56a7-8695-52fce6fdb7f4,Full Stack Web Developer,Node.js,fullstack,5.0,mid_3_6,fluent,5.0,javascript;linux;node.js;react,4,,"7 years in IT, good German and perfect written and spoken English, 4 years in EdTech. I have international business experience and understanding of how to minimize costs for an IT company. A Linux distro - Build Automation Shopify and React development LMS admin"
e5bc8173-2207-5bef-ab5e-9e0a4b417a38,Junior Python Developer,Python,backend,0.5,junior_0_1,intermediate,3.0,git;python,2,,"Junior Python Developer with strong post-course skills. Former project engineer of power supply automation systems. Knows what it's like to work in a team on a project from idea to implementation. Knows how to find answers to questions and what is ""independent task solution"". Just finished a Python development course. Have some projects on GitHub page. Opportunity to learn, master new technologies and grow in professional terms."
29b1fe3f-8c1f-54dd-a7ce-05a3f0d5ba39,Project Manager,Project Manager,product_project,8.0,senior_6_10,fluent,5.0,product management;project management,2,leadership;remote,"- Delivered the risk management system for Egypt Customs - Implemented complex e-gov projects, including the Integrated Taxation System for the Royal Government of Bhutan - Worked on the implementation of the Electronic Cash Register Machines Application for the State Revenue Committee of Armenia - Created and delivered to corporate clients an integrated software solution for digital handwritten signatures - Created and launched a chat solution powered with a bot to facilitate customer support from different social media channels - Delivered e-commerce solutions for the customers in the US As "
3a9e8cff-e0fd-5596-8127-1098e9322c99,Front-end Developer (React / Next JS),JavaScript,frontend,2.0,junior_1_3,intermediate,3.0,git;javascript;react;typescript,4,,"My progress and the key strengths that I possess includes: - good knowledge of HTML5, CSS3, - JavaScript - React (Hooks, Router) - Redux, Saga - WebSockets - applying Sass, Git, Bootstrap in developed projects - experience of team work (using Git) - hard worker, positive minded, active person able to achieve goals. I have experience building long term React projects. --- WTT-Solution | Feb 2021 - nowadays---- React/ single spa micro frontend/ typescript - Development Startup project (creating a web application with the ability to connect to a room where you can have an online programming inter"
53a2094c-2a48-5928-812a-b86d5636684b,C/C++ developer,C++,design_ux,0.5,junior_0_1,intermediate,3.0,git;linux,2,,Experience with C/C++ project(pet / university / course) Cmake/Make practice Git practice Linux/Windows STL OOP Algorithms and Data Structures Hard-worker and highly-motivated to get new knowledge
cfa75777-2274-5cf6-890a-8ee76cfe9790,Project Manager,Project Manager,product_project,4.0,mid_3_6,fluent,5.0,project management;scrum,2,,"- 5 years of experience in product and service development for key clients at my current company - Advanced level of English, fluent Polish, Russian and Ukrainian - Proficient with project management frameworks (Scrum, Kanban) and development tools (Trello, MS Office etc., Google Sheets, Jira, Confluence) - 10 years of professional customer service experience - Excellent communication skills, ability to work with people on different levels, leadership by examples - Knowledge of resourcing, risk and, budget management to achieve desired results in terms of budget/scope/timeframes As a Team Lead"
5cccd2b3-ba05-5107-9374-e68275676788,Senior/Lead PHP Developer (Laravel),PHP,backend,10.0,senior_10_plus,intermediate,3.0,api;aws;ci/cd;docker;git;javascript;laravel;mysql;php;postgresql;redis;rest,12,,"Laravel Enterprise Development Commercial API Development Skills: PHP (purePHP, Laravel) OOP, MVC, SOLID, KISS, DRY, PSR, Composer MySQL, PostgreSQL, noSQL Queues, Design patterns FE: HTML, CSS, JavaScript (jQuery), npm (build only) AJAX, JSON, Redis, Memcached API Development experience (RESTful, JSON-pure) Integration: Payment aggregators, other 3d party VCS Git (Gitlab, Bitbucket) + CI/CD, Docker (Local), AWS, Kubernates (Learning) Modern project without legacy code Great professional team"
c7f2fdc6-e17d-5c67-b1f6-c9341687ee15,Front-end developrer,JavaScript,frontend,3.0,mid_3_6,intermediate,3.0,api;javascript;php;react,4,,"• NTUU KPI COMPUTER ENGINEERING, FICS Master • JavaScript courses • React courses • Visiting English courses at “English Prime” SMELO Front-end JS Developer, since 2019 - 2021. Developed currency exchange, online stores, landing pages, survey sites. Technologies: HTML \ CSS \ JS \ JQuery \ PHP for WordPress Some of the last works: - phyris.com.ua - muma.com.ua - smelo.com.ua - rustorg.de - phyris.com.ua - wp-dominanta.smelo.com.ua - pcu.socmedia.com.ua - csai.smelo.com.ua Full project: - 1dollar.best - landing.averlex.com.ua Own projects Technologies: React JS, JS, html, css - React. Web Site "
da5bc547-917d-5a6e-b66b-911386c3cd15,junior DevOps engineer,DevOps,devops_cloud,1.0,junior_1_3,fluent,5.0,ci/cd;linux,2,,"DevOps Engineer RISK - Baku 2022 to present Work with fellow DevOps engineers. Identify and fix bugs that appear within devops-related code. Ensure pipelines are not creating bottlenecks for rapid deployment of code. Provide support to software developers who use the CI/CD pipelines. - Configure and manage Linux Servers. - Responsible for Business Application reliability. - Involved in the rollout of software updates and patches. Systems Engineer RISK - Baku November 2021 to 2022 As a systems administrator, my job duties include updating hardware and software packages revising documentation, i"
0f8c9f66-ac67-564f-aa02-37c6c22fc078,QA Engineer,QA,data_analytics,1.5,junior_1_3,intermediate,3.0,linux;mysql;qa;selenium,4,,"Jira, VirtualBox, FireBug, Jmeter, Linux (knowledge of command line), MySQL, HTML, CSS, Selenium IDE, Jmeter experience in: testing of web-based applications (smoke testing, functional, usability, regression, exploratory testing), cross-browser testing, test cases design execution and results reporting, bug reporting and fixed bug verification, user guide creation and maintenance, creation of acceptance testing documentation. Friendly team, English classes"
a71ec364-9b73-5886-bed5-fad08029e229,Middle Manual QA Engineer,QA,qa_testing,2.0,junior_1_3,intermediate,3.0,agile;api;git;javascript;project management;qa;scrum;sql,8,remote,"- General experience in IT industry is more than 2.5 years; - Experience as QA engineer: 1.5y; - have experience working in a team of QA engineers as well as alone QA in a project - everyday communication with clients and team members from Israel, England, Netherlands, Saudi Arabia - used different tools for test cases management, like: Zephyr, TestRail, Qase - experience in API testing using Postman, Swagger - experience in JMeter • Knowledge of test design techniques, testing levels, types of testing; • Knowledge in different project management methodologies, like Agile Scrum, Kanban, Waterf"
4670d731-a460-5264-8716-0eb49330ca30,"Product Design Lead, UX design Lead, Product manager",Design,machine_learning,11.0,senior_10_plus,fluent,5.0,product management;ui/ux,2,,"Prototyped from scratch, designed and launched: 1) an adtech AI tool to optimize ad campaigns with $100mm budget. International 2) a banking ecosystem for mortgage wholesares in US 3) a utility payments web app for senior people with total audience 50mm people in UA and RU Portfolio: on demand. Platform design for SAAS, eCommerce, AI, legal- and fintech. Skills: design thinking workshops, customer research, user and business research, business analysis, project and scope management, coaching, mentoring, UX and UI design Making difference. Creative freedom. Customer-driven environment"
c3286d1a-0151-5ba4-a4f5-cd5b28c6b0f9,C/C++ developer,C++,mobile,0.5,junior_0_1,intermediate,3.0,android;c++;git;jenkins;linux,5,,"Developed a native part of a multi-threaded client-side Android application, which optimizes mobile traffic to reduce its cost and battery consumption (new product features, application support, code refactoring). Employment summary: July of 2013 – January of 2014. Programming languages: C/C++ (STL, Boost, C++11 – basic knowledge). Perl – basic knowledge. Tools: Eclipse with CDT and ADT plugins, MS Visual Studio. Subversion, Perforce, JIRA, Jenkins, Git. Linux, Android. Design patterns. I want to help develop new products, through a challenging and rewarding position as a C/C++ developer in a "
a1ec31e1-38cb-5372-8627-afdc060afc87,Full Stack Software Engineer,JavaScript,fullstack,3.0,mid_3_6,fluent,5.0,aws;graphql;javascript;mongodb;node.js;postgresql;react;terraform;vue,9,,"— Created a chalkboard content generator that allows restaurants to generate a personalized table menu in 15 seconds compared to the initial 5 minutes. — Refactored the media platform plugins that improved page rendering(FMP) by ~30%. Key Technologies: Vue.js, Node.js, MongoDB, Fabric.js, Express.js — Optimized a p2p video-conferencing tool by reducing overall latency by 10%. — Implemented recording and real-time streaming for the p2p video-streaming platform. Key Technologies: WebRTC, Node.js, Postgres, Kurento, WebSockets, HLS — Developed and supported backend for the high-loaded service tha"
0f25b819-543d-539b-8bb6-ad7c87e4ac0b,iOS Developer,iOS,mobile,2.5,junior_1_3,intermediate,3.0,api;ios,2,,"- API and server request handling - User interface development - Development and debugging - Cocoa Pods, Package Dependencies - AppStore, Test Flight - MapKit, CoreBluetooth - Permissions, Remote/Local Notifications"
5e471ca1-5850-5772-885a-fbad4fad87d9,Senior Java Developer,Java,backend,9.0,senior_6_10,fluent,5.0,aws;java,2,,"<p>Developed two startups from scratch and led it to be ready for production. Built a team from scratch.</p> <p>Participated in: development of multiple projects for a European bank. development of a fintech project with high load. Acted as a lead for two startups.</p> Passed AWS Solution Architect Associate exam Passed AWS Developer Associate exam Currently I'd like to find a position of senior java engineer in a stable company. I'd consider outstaffing companies as well. I'd participate in projects that are already in production, not startups. I am also ready to relocate to USA. It'd be a gr"
f59550b3-e238-5d81-99bc-e99c60b6e1d5,QA Engineer,QA,qa_testing,0.0,junior_0_1,intermediate,3.0,api;qa,2,,"Work in team, open mined, fulfillment of assigned tasks. During my QA courses, I was testing web projects for 4 months. My responsibilities included web platform testing, writing test documentation, API testing. I want to find an evolving team and become a part of the professional community, where we will solve various tasks related to software development and testing. I'll consider all interesting project except gambling."
b133504a-a783-5fc9-ae82-7a73477fa3f9,devops engineer,DevOps,devops_cloud,8.0,senior_6_10,intermediate,3.0,ci/cd;gcp;git;microservices;terraform,5,,"successfully, migrated couple of projects in the cloud, and built CI/CD for it Last project - GCP GKE, 15 microservices, helm, gitlab, terraform Microsoft tech stack not work for me"
89e350d5-d157-5d57-8326-2e405ffde81a,Senior Software Engineer,JavaScript,fullstack,6.0,senior_6_10,fluent,5.0,flutter;javascript;laravel;mongodb;mysql;node.js;php;postgresql;react;react native;vue,11,,"Hi! I am a Senior Full Stack Developer with a strong background in Vue,js, Node, React.js, also PHP, Laravel, Yii. I have 6+ years of experience in creating and maintaining web-based applications and SaaS Systems from scratch. I am interested in this opportunity and I am available full-time for 40+ hours a week to work on your project and start it on an immediate basis. Also, I am proficient with MySQL, MongoDB, PostgreSQL, Firebase. Have huge experience with mobile app development too (Flutter and React Native). Will be happy to cooperate! I would like to get interesting project full of new c"
1fbf3687-a714-5e9b-a8b5-fd553ef650f5,UX/UI Designer,Design,design_ux,1.0,junior_1_3,fluent,5.0,figma;ui/ux,2,,I’m proud of myself because I graduated both from school and university with honors. I like learning things and I’m open to new experience. Once I coordinated the work of a huge team of 20+ people (that team worked on an unfamiliar topic for me - the creation of educational resources in the field of Environmental Studies and it made that even harder). That was a huge boost in the formation of my communication skills when I was in my 20s. That was the first time I realized the importance of soft skills at work. I am sure there are no limits to growth. MentalHealthy App was my first project and 
f023b14d-959f-556e-9366-b50e084574c8,Senior .Net + Angular Developer,.NET,frontend,6.0,senior_6_10,fluent,5.0,.net;angular;api;aws;javascript;node.js;postgresql;sql,8,,- Saved a customer from costs outage on AWS Dynamo DB by decreasing write/read capacity units. - Successfully built a real project completely from scratch with technologies that I have never used before (that's why I say that I'm a universal soldier in IT). - Able to pass interviews in English and take part in communication with the customer. - Built synchronization feature between cloud and desktop app. - Took part in upcoming projects estimation. -Took part as a mentor in Programming Bootcamp where all top 24 students got Junior job positions in customer's company (one of the biggest banks i
ce985e06-6552-5ef4-aa00-941342179821,Manual QA Engineer,QA,data_analytics,0.5,junior_0_1,intermediate,3.0,mysql;qa,2,,"Logos IT Academy for successful completion of 169 academic hours online course on QC/QA,HTML/CSS,MYSQL, PROGRAMMINGBASICS, SYSTEM ADMINISTRATION 12/27/2022 Go It English HTML 10/01/2023 Now, I continue to develop my hard skills and have a practical course at QAX Camp. Personal Banker PrivatBank 05/2013-09/2022 My responsibilities include: opening and savings accounts; helping clients with banking investments; offering ancillary products to account holders; assisting clients with retirement and college planning. Teacher of English Secondary School 09/2009-05/2013 My responsibilities include: Pl"
505fe496-db23-5cd6-a331-ef01e2145bdf,Project Manager,Other,product_project,0.0,junior_0_1,fluent,5.0,product management;project management,2,remote,"I have got a Certificate in Advanced English (CAE), issued in May 2021. Moreover, I spent four months in Rennes 2 University in France, where I studied business English and commercial negotiation. This experience allowed me to improve my communication, English, French, and networking skills. Hello! I am a linguist ready to learn and implement all my experience and skills into a new job! First and foremost, I am fluent in French and English and know some basic Polish and German. I have an aptitude for learning languages and acquiring them quickly! I started my career as an English teacher to ki"
8694113e-7847-55b3-b87a-cfb9d3d70fab,Data Scientist,Data Science,machine_learning,2.5,junior_1_3,fluent,5.0,api;aws;computer vision;data analysis;docker;flask;machine learning;nlp;pandas;python;pytorch;scikit-learn;tensorflow,13,,"I am an experienced Data Scientist with a strong background in Python, Machine Learning, Deep Learning, and NLP. In my previous projects, I have developed and supported various AI-based pipelines that demonstrate the capabilities of NLP-related technologies mostly, but not only. I also have experience in participating in pre-sales activities, estimating development efforts, and communicating with project stakeholders and business owners. For example, I developed an AI-based pipeline showcasing the capabilities of NLP-related technologies. The pipeline included text statistics calculation, summ"
fd64560c-df2a-5c78-bac6-4d36016edc51,"Product Manager, Business Analyst, Product owner",Product Manager,machine_learning,10.0,senior_10_plus,fluent,5.0,angular;java;machine learning;microservices;mongodb;php;product management;project management;scrum,9,,"- Executing 5+ projects (from scratch to production) - Managing a team of 100+ people - Work experience: 7 countries, including 2 years in the US 10 years in business analysis/product/project management. MSs in Applied Math. Latest projects - Web platform for the world-leading medical company that collects data from 5+ million patients on a daily basis. - Multifactorial marketplace in social discovery. 1 mln WAU. - ML antifraud solution from sсratch. Skills - Product vision/roadmap - Use Cases, User Stories, BRD, SRS - Project risks management - Strong international communication skills - Work"
bdd99aee-8155-565f-b59d-85629c9d00ee,Angular Developer,JavaScript,frontend,2.5,junior_1_3,intermediate,3.0,angular;javascript;typescript,3,,"Built CMS Dashboard with Angular2+ (using AngularMaterial, AG Grid, and Typescript). Built CRM Dashboard with Angular2+ (using AngularMaterial, AG Grid, Akita, and Typescript). Fix and develop Portal. Created landing pages (using HTML, and CSS)."
1eb1dca5-3928-5597-b01c-39b228f7ce67,System administrator,Sysadmin,devops_cloud,2.5,junior_1_3,intermediate,3.0,aws;azure;linux,3,,"I have more than 10 years of Linux System Administration and Cyber Security Management experience. Skills: - Writing bash scripts for system optimization and automation. - Cloud Deployment Solutions - Administration of Web and Application Server (Tomcat, Nginx, Apache) - Familiarity with traditional Enterprise infrastructure, virtualization hypervisors (eg. VMware), and working knowledge/experience with Cloud architectures – Public (AWS, Azure) and Private Cloud solutions. - User account management - Hardware setup and troubleshooting - Familiarity with Zabbix or other IT infrastructure monito"
102036fe-ee6f-5df3-98e2-2b2f18cd3f39,Junior QA Enginee,QA,qa_testing,0.5,junior_0_1,intermediate,3.0,agile;api;javascript;qa,4,,"Three month courses in TechMission IT education academy. One month practice on Qwasar Silicon Valley learning platform. Practice on MasterDynamix education platform. - Understanding of client-server architecture. - Basic experience with API testing (Postman). - Basic experience with HTML, CSS, JavaScript. - Good knowledge in QA theory. - Understanding of Agile methodology. - Knowledge of SDLC/STLC. - Experience with Chrome DevTool. - Manual Testing. - Writing checklists/test cases. - Writing bug reports. - Work with bug tracking systems like: Trello and Jira."
5a31ed09-beaa-53a1-97ec-14e4b5c9f264,"Delivery Manager, Engineering Manager",Project Manager,product_project,11.0,senior_10_plus,fluent,5.0,agile;project management,2,,"Building teams from scracth. TechLeading Multiple projects delivered successfully in complex technical environment and under tight deadlines. 20+ years in IT, 10+ years in management, former developer. Experience in handling complex delivery projects involving distributed delivery teams. Strong experience in technical leadership. Excellent interpersonal skills. Successfully managed multiple complex projects in software development, integration, data migration. Working knowledge of SDLC and software development methodologies. Agile, Waterfall. Manage several teams/projects simultaneously."
52a20124-22b2-5f20-942a-ebeb9b2004b4,UI/UX Designer,Design,design_ux,3.0,mid_3_6,intermediate,3.0,android;flutter;ios;ui/ux,4,startup,"Joined a startup at the beginning of development as a designer. Complete redesign of UI and UX, support of developers, collection and analysis of statistics, commitment to promoting the application, as a result of which the application has more than a million downloads and a rating of 4.7 on Google Play. I have an innate sense of composition and color. I understand the user well and how to make the interface better. Always come to work with UX methodology and creativity, because any craft that people do is cool work. Hello, I’m Vladyslav, a UX/UI Designer. Worked as a freelancer for 1 year. La"
72325071-8b2f-5824-992d-ed5c2b2a11ec,Full Stack Developer,JavaScript,fullstack,6.0,senior_6_10,intermediate,3.0,api;flask;git;javascript;laravel;linux;microservices;mysql;node.js;php;python;react;redis;rest;vue,15,part_time,"writing parsers to sites with private content (make mini price-aggregate site) (using CURL, phpQuery or json), writing REST APIs (in Yii2), connecting third-party APIs (Zendesk, Nova Pochta, Robokasa, Interkasa, Liqpay and others). Worked with Microservice architecture. Languages: PHP (v5.5+), JavaScript, Python (Junior) Frameworks: Yii1/2, Flask (Python), NodeJs, AngularJs, Symfony, Laravel, React, VueJs Databases: MySQL, Redis Libraries & Technologies: Websockets, AJAX, jQuery, Twitter Bootstrap, RabbitMQ, HTML\CSS, SASS OS: Linux (Ubuntu), Windows Working with Git, Composer. Developed REST "
a64be470-f0c7-5bcb-b7e9-f9ae70cf8e9a,Middle Python developer,Python,backend,3.0,mid_3_6,intermediate,3.0,flask;numpy;pandas;python;rest,5,,"3 years experience with Python. Experience in database design and development. Experience with pandas, numpy. Experience in testing(pytest, unittest). Experience in requests, https, websocket. Experience with flask, flask-restful, flask-sqlalchemy"
2de22f46-2ad2-53ba-8df8-4d6e22d33b61,Flutter Developer,Flutter,mobile,2.0,junior_1_3,intermediate,3.0,flutter;rest,2,,"Hi, my name is Pasha, I'm 19 years old. I have experience in commercial development over than 8 months. I performed tasks of varying complexity. From a simple page layout to working with web sockets. My responsibilities included: • Tasks with web sockets • Adding custom markers, clustering, auto-complete(Google Maps) • Tasks with Notifications • Tasks with Rest(DIO) etc. Want to work with others flutter devs. Good team. Opportunities for growth"
9ece8249-54df-507e-96de-ae4a2f83a767,QA Engineer,QA,data_analytics,3.0,mid_3_6,fluent,5.0,api;qa;rest;sql,4,gaming,"Happy clients = happy me) ISTQB Foundation level certificate Web/Desktop/Mibile testing. API testing (REST/SOAP). SQL basics. Test analysis & design; implementation, execution, test closure activities; monitoring and reporting. Metrics gathering. Manual QA/ QA Lead on the project. Future development plan: BA; Automation testing. Not interested in Gamedev."
0d27d53f-b35a-5975-ae9d-9a8f1ca1d18a,DevOps engineer,DevOps,devops_cloud,2.0,junior_1_3,fluent,5.0,ci/cd;jenkins;linux,3,,"Transferred a project to Jenkins, thus saving time to get to production. Manage different linux servers, Setup CI/CD pipeline to automate deployment process and curb out some human errors, setup Different pipelines to make sure codes are well checked before they are deployed A good work culture, Room for growth and learning, mentorship."
9ecd0c5a-6993-5b02-bc6d-8f340ec795d2,Data Scientist,Data Science,mobile,1.0,junior_1_3,fluent,5.0,project management;python,2,,"Versatile skills along with 3.5 years professional experience in Business Development as well as having a successful past performance as an ERP Project Manager writing algorithms & test scenarios, managing the coders & processes and training end users. Leading departments on the way of sales while holding a healthy communication with customer. Deep knowledge in costing and pricing beyond being only a salesperson. Taking initiatives when it comes to urgent incidents. System approach and seeing the big picture whilst handling any problem besides of a perfectionist perspective. Understanding othe"
b0fa4b86-59a7-58f3-989a-c83226024c9c,Staff / Lead Machine Learning Engineer,Data Science,machine_learning,8.0,senior_6_10,fluent,5.0,computer vision;machine learning;nlp,3,,"* Top 5% in > 5 Kaggle competitions, both solo and as a team over a wide range of tasks (Computer Vision, Natural language processing, tabular data) Machine Learning Engineer with experience in both classic ML and DL. Implemented and deployed projects for NLP (sentiment analysis, customers' reviews classification), DL (user behaiviour prediction for Ads), DL & CV (text detection and recognition, different image classification). Kaggle Expert (best rating - top 300) Flexible schedule, async communication."
d7999c99-2715-5ba5-8482-448e0efc02b8,Junior QA Engineer,QA,qa_testing,0.0,junior_0_1,intermediate,3.0,agile;javascript;python;qa,4,,"Education: • National Technical University of Ukraine 'Kyiv Polytechnic Institute', 2010-2014 , Bachelor degree in Heat engineering • National Technical University of Ukraine 'Kyiv Polytechnic Institute', 2015-2016 , Master degree in Energy management • Bionic university in specialization QA:Standart, February 2015 - March 2015. • Online courses: Codeacademy - python, JavaScript Prometheus - Programming Fundamentals Theoretical knowledge in QA: • Lifecicles and methodologies (Waterfall, V-model,Iterative ,RUP,Agile); • Testing types ( ISO 9126/ISO 25010) • Test cases, Use cases. • Test case de"
73968a63-8231-5bd6-b86d-516a7851804e,Frontend Developer,JavaScript,frontend,1.0,junior_1_3,fluent,5.0,git;javascript;node.js,3,,"- Developed my own automated gulp.js front-end workflow, that includes: Image minification, image spriting (svg, png), jade and stylus compilation (nib, rupture, lost), css minification, sourcemap creation, coffeescript compilation, javascript minification, gzipping, livereload). Developed own templates for handy code output for svg and png spriting gulp-plugins. - Developed an 80-page front-end from scratch without design for a real-estate marketplace service. - Developed fully interactive UX-wireframe via UXPin for a real-estate marketplace service. HTML5, CSS3, Stylus, Rupture, Lost, PostCS"
e70bdc1e-a454-5b0a-9e83-408e3a0f7c7d,Agile Delivery Manager,Product Manager,product_project,5.0,mid_3_6,fluent,5.0,agile;ci/cd;java;product management,4,,"3 successful startups Winner - Teknofest 2x ACM International Collegiate Programming Contest honorable mention Abroedu LLC, Present Project: E-learning systems focusing on in-company training services for employees Senior Project Delivery Manager Drove an average annual savings of $150k in the cost-of-attracting talent over a year by creating, and integrating core company systems streamlining reconciliation processes Managed outreach to 30 companies in one phase to gather data requirements needed for migration of email, calendars, shared resources, and devices from various platforms for over 4"
42628a3a-0adc-5796-a1da-f9ada7f6b508,"Copywriter, Writer, Rewriter, Content-manager",Other,data_analytics,8.0,senior_6_10,fluent,5.0,data analysis;project management,2,,Employment History: Writer/Copywriter in IT-company SpdLoad September 2019 – May 2020; Main responsibilities: writing texts in English rewriting texts in English SEO copywriting market analytics Writer in IT-company Noosphere December 2015 - December 2016 Main responsibilities: writing texts in English rewriting texts in English Content-manager in IT-company Rich Media Systems since May 2015 Main responsibilities: writing engaging texts in English writing analytical texts in English filling the web pages with images rewriting texts in English analyzing products and services to create comparati
ff790df1-0fbe-5d31-8634-7bf38c725676,QA Engineer,QA,backend,2.0,junior_1_3,intermediate,3.0,azure;data analysis;git;java;python;qa;selenium;sql,8,,"TOOLS I WORKED WITH: WEB: Magento 2; Postman; Chrome DevTools; Google [Analytics/Merchant/Tag Manager]; Adjust; TrackJS; Browserstack; Recommend, OneSignal; GAMEDEV: Unity3D; ReSharper, VisualStudio; GitHub, Git; NON-COMMERCIAL EXP: MS-SQL Server, Azure Data Studio; VirtualBox; PyCharm, IntellijIDEA (+Selenium), CLion; Sublime, VSCode; bash, zsh; LANGUAGES AND TECHNOLOGIES: (academy) C++, C#; (just like) TSQL; (look promising) Python; HTML+CSS; (because of Selenium) Java; BONUS: Can joke funny (sometimes). Сan disassemble PC to a screw, put it back together and it will work. Can close Vim ) SO"
5a64ae3a-6c58-5207-820f-2752571db058,Full Stack Developer,Node.js,fullstack,4.0,mid_3_6,fluent,5.0,angular;api;aws;docker;elasticsearch;git;javascript;mongodb;node.js;redis;sql;typescript;vue,13,,"- Developed API and documentation that was sold to multiple clients for commercial use. - Migrated multiple APIs from JS to TS for improved code security and reliability - Led multiple features development, from planning to completion - Developed frontend and backend parts for 20+ business and company metrics and reports - Developed Google Chrome extension, Telegram Bots, custom SVG components As a Full Stack Software Engineer, I have extensive experience in developing APIs, leading feature developments, and improving code quality. My skills include proficiency in languages such as HTML, CSS, "
047798bc-a6ea-5012-b7ec-7a5cd66d4736,Project Manager/Scrum Master/Agile Project Manager,Project Manager,design_ux,0.0,junior_0_1,intermediate,3.0,agile;project management;scrum;ui/ux,4,,"Understanding of the SDLC process, experience with programming and Web-design Web design course completion certificate from Design Kitchen Studio (UI/UX) Development methodologies: Scrum, Kanban Time management: team progress tracking and enforcement of deadlines, projection delivery dates Planning: Sprint planning, quarter planning, strategic sessions participation People management: problem-solving, leadership, conflict resolution, team motivation Communication skills: facilitation of meetings, sharing feedbacks 2+ years experience of working as a SMM spesialist with a team of 4 people: cont"
a3bc6555-7007-5055-aff6-ee2721d6b373,Product manager,Product Manager,mobile,3.0,mid_3_6,fluent,5.0,data analysis;machine learning;product management;ui/ux,4,,"CUSTOMER PRODUCT MANAGER | JANUARY’19 - PRESENT (PaaS/Machine Learning/Automotive) - Leading portfolio of Product development activities for French-based major account - e2e product development lifecycle management (from ideation to final sign-off) - Custdev and workshops facilitation PRODUCT OWNER (MOBILE) | MAY’18 - JANUARY’19 - Roadmap and strategy planning, managing apps development - e2e product requirements management and backlog prioritization - Testing: UI/UX user testing, user feedback aggregating, application analytics tracking (Mixpanel, Firebase) PRODUCT OWNER (WEB, MOB) | 2016 - M"
f070693a-501a-54b6-a4b5-c2a72a8d368e,Java Developer,Java,backend,1.5,junior_1_3,intermediate,3.0,git;java;javascript;mysql;scrum;spring,6,,"Tools & Technologies: Java, HTML, CSS, JavaScript, JQuery, Maven, JSP, Tomcat, Git, MySQL, Mantis Bug Tracker, Basecamp, Scrum methodology. Java EE, Spring, Spring Security, Hibernate. Looking for interesting projects and frendly team."
477beb7b-8cb9-5355-bcbe-b4483f3e1b50,Junior Front-end Developer,JavaScript,frontend,0.5,junior_0_1,intermediate,3.0,javascript;react,2,,I have three month work experience with my friends' start up. This project is about art and how art react and changes while you move. It is built with Neural Network GAN under hood. And Front-End is built with React. I worked with Front-End logic for instance how the input to neural network is generated based on your pose and move. After that project I have strong foundation in building react components and perform user friendly responsive design.
c4fd2c01-a5c5-58ba-932b-b6b77657bd4c,"Principal Architect, Solution Architect, CTO, Chief Architect, VP of Engineering, Full-Stack Team Lead",Lead,fullstack,11.0,senior_10_plus,fluent,5.0,agile;project management,2,remote,"Technical redesign from scratch of one of the largest loyalty systems in the country (~5 million users). Built and operated from scratch a high-load e-commerce platform for a major online travel company (~£200m annual turnover). Built, coached and managed teams (~25 people). Expertise in Travel, HoReCa, NativeAds, Digital Transformation and Second Screen (interactive TV show companions). I am a solution consultant with over 13+ years of experience in high-level and low-level design, web and mobile development, and AI integration. I help startups and businesses leverage cutting-edge technologie"
5c99e8d6-00a5-5d82-82db-96d653eb46ee,Senior/Lead devops,DevOps,devops_cloud,11.0,senior_10_plus,fluent,5.0,aws;ci/cd;docker;jenkins;kubernetes;linux;microservices;swift,8,,"Architecture of complex systems in cloud, devops team management, migration of monolith platform to microservices and implementing of devops methodology. Rabbit isn't bunny. DevOps engineer with 10 years of experience managing infrastructure for applications with millions of users. I have helped save over $1M by reducing infrastructure costs while improving performance. Lead of platform team of 5 peoples. LInux - 10+ years Docker - 6+ Kubernetes - 5+ Ansible - 4+ AWS - 6+ Jenkins - 6 CI/CD - 6+ TF - 4+ Have valid aws certified architect prof and associate certs. Would prefer a job that is clos"
19045efc-6d55-5c1f-a6f1-2a67027f6599,Product manager/Business Analyst,Business Analyst,data_analytics,6.0,senior_6_10,fluent,5.0,data analysis;product management,2,,"Senior Business Analyst with 5+ years in Business/Data Analysis and Consultancy. - Hands-on experience in identifying Client's problems/needs through extensive business processes analysis. - Optimization of Client's business process. - Extensive experience in business analysis and product owner expertise. Defining scope, product features prioritization, requirements elicitation, user stories writing, design and documentation, challenge the solutions being developed. - Successful team leadership experience. - Great communication skills. Proven experience on different levels - management, develo"
99a294b7-b936-5ed1-8fbf-60d36f61a088,"Business Development, Lead generation, BA, QA",Other,qa_testing,3.0,mid_3_6,fluent,5.0,data analysis;project management;qa,3,,"Built the sales department from scratch, created and implemented the business and marketing strategies, successful experience with several companies New Business Development, Project Management, Lead Generation, B2B IT Sales Management, SMM, Upwork, Linkedin, Start-Ups, CRM, Marketing Strategy, Strategic Planning, Negotiation, Business Strategy, Operations Management, Team Leadership, Contract Negotiation, Account Management, Data Analysis, Problem Solving Opportunity to innovate and discuss any ideas on any level, Professessional growth, Business trips abroad"
5e59e902-7560-51a3-ad26-14d1a10f9713,"Graphic, UI/UX designer",Design,design_ux,5.0,mid_3_6,intermediate,3.0,figma;ui/ux,2,,"Professional skills: I am currently developing in the field of UI / UX design. 1. Freehand drawing - over 15 years 2. Adobe Photoshop 3. Adobe Illustrator 4. Corel Draw 5. UI/UX - Figma, InVision. 6. Zeplin, Wordpress, Tilda, Adobe Premiere - basic skills - made more than 5000 creatives; - team player; - always glad to get new experience and skills; - know the composition and color science; - I can work with a brief and have my own; - quickly process information; - attention to detail and requirements; - sense of taste and style. Experience: 5+ years of development graphics and 1 year of UI/UX"
6f7756c7-b3e7-514c-b5f4-52edb6654d9e,"Scala dev, Deep Learning Engineer, C++ dev",Data Science,machine_learning,11.0,senior_10_plus,intermediate,3.0,blockchain;java;php;tensorflow,4,,Deep Learning a 5-course specialization by deeplearning.ai Deep Learning Engineer Custom low level microcontroller development for machine deep learning applications. Integration application with tensorflow framework as computation device. DLT Scientist / RnD Solution Architect Design supplychain framework for enterprise industry. Make MVP DLT project using HyperLedger Fabric . Organize work for people on bench. Make company internal training and sharing DLT expertise. DLT/Blockchain TeamLead Design new cryptocurrency fork from bitcoin. Improvement of atomic swap protocol. Design DEX. Managmen
8374d32f-3b51-575e-84b4-e3bae1371b23,Project Manager,Project Manager,product_project,4.0,mid_3_6,fluent,5.0,agile;product management;project management,3,,"• Experience in project and product management. • More than 5 years of managerial experience and motivation of a team • Experience of working in an international environment and with colleagues at different levels of organization • More than 10 years’ experience within the banking industry (risk management, SME business development and analysis) • Mentoring and training of new employees in the field of credit analysis. • Agile methodology • Experience in project and product management. Successful implementation of projects: “Process of reviewing credit requests” which led to automation and imp"
44e8b494-cfad-5cc1-8317-77be2254517e,Front-end developer,JavaScript,frontend,2.0,junior_1_3,intermediate,3.0,angular;git;javascript;typescript,4,remote,"I have experience in creating websites and web applications. In my projects I follow OOP principles, BEM methodology, use SCSS-preprocessor and JS ES6+(Angular). In projects I usually use: HTML5, CSS3(SCSS-preprocessor), JS ES6+, TypeScript, Angular, npm and system control version git(Bitbacket). In project I consolidated skills JS: OOP, scope, closers, prototype and classes. I gained experience working with DOM, Events, JSON, LocalStorage... I`d like to work remote. I want to find a place where interesting and complex projects are developed using the latest technologies, to consolidate and im"
556cd431-bdb5-58f1-a60d-8dda72f745be,Software Engineer,Java,backend,8.0,senior_6_10,fluent,5.0,agile;java,2,,--I am looking for opportunities in Singapore only.-- Hi! I am a Software Engineer with nearly 8 years of experience. My primary area of interest is Java backend development. I have experience with working in large and distributed Agile teams. I am looking for opportunities in Singapore only.
1e027218-8708-5951-817b-a30c5e664db6,Data Scientist,Data Science,machine_learning,4.0,mid_3_6,fluent,5.0,data analysis;machine learning;nlp;numpy;pandas;python,6,blockchain,"Kindly check my LinkedIn 1. 1st Place Position AI Hack Tunisia 2022 2. Won the 1st position in the data category to solve health problems. 3. 2019 Axa Mansard Best participant in Insurance Hackathon(1st Position) 4. Won 2nd place position solving NFT's challenge using Natural Language Processing. About me: Hi, I'm Nasirudeen, an experienced data scientist who loves solving health and financial problems. I have been able to work in a financial institution by building a sustainable machine learning model to increase customer satisfaction and solve a global health hackathon predicting the likelih"
f70d1f3d-1b84-542b-b657-7add98a5c609,Account Manager / Project Manager,Marketing,product_project,5.0,mid_3_6,fluent,5.0,agile;project management;scrum,3,,"Completed my bachelor and master studies in Germany. Holding an international master degree with a ""very good"" grade and a multilingual certification German/English. Managing a team of sales and account managers as the head of business development department. Increased the revenue growth in the respective market by 50%. Managing a big integration project with third software supplier (Top European ECM Software Solution). Result-oriented PM, marketing and sales professional with a proven track record of managing highly successful projects and increasing revenue growth in competitive markets. I a"
da7d9a89-59a1-500e-9361-703b2ee75cb9,Project Manager,Project Manager,qa_testing,8.0,senior_6_10,fluent,5.0,agile;project management;scrum,3,leadership,"Grew out of the tester to the project manager for the year 6+ years’ experience in IT project management: planning, budgeting, risk and change management, building sales and project team; Supervising projects from start to finish Good knowledge of Agile (Scrum, Kanban) methodology; Team management, Good English, Strong communication, problem-solving skills Strong analytical thinking, attention to the details, Dream team, various projects, competitive salary."
68c1e05e-0ca2-52bd-bd4f-f56a2611adb8,Android developer,Android,mobile,3.0,mid_3_6,intermediate,3.0,agile;android;scrum,3,leadership,"4 branded projects Team-Lead of Android department for half a year 2+ years of experience in Android development. I am involved in all development aspects: - analyzing customers requirements - designing applications architecture - implementing code functionality according to business requirements Perfectly understand Agile metodology (SCRUM) Strong management skills, experience in Team Leadership I`d love to work with friendly community aimed to result."
2d9b9f24-aa6c-533a-ada6-2957a2e0cc32,Product Designer,Design,design_ux,11.0,senior_10_plus,fluent,5.0,project management;ui/ux,2,,"Currently working as a product designer. From UX/UI, to product design/design strategy, understanding user and stakeholders project needs creating roadmaps, customer Journeys, facilitating workshops. Design project management definition and execution; creating solutions through UX, data driven design and Behavioural Economics best practices."
1fbf5766-e1af-5ab5-9f55-3e286389ad26,Technical Lead / Architect,Java,devops_cloud,11.0,senior_10_plus,fluent,5.0,agile;aws;ci/cd;elasticsearch;gcp;java;microservices;mongodb;redis;spring,10,,"• 20+ successful Java projects completed in outsource • 5+ successful Java projects completed in pure product enterprise • Certified Google Cloud Platform Architect • 12+ years of experience in software development • Solid background in Java technology stack • Good in designing and implementing high-load mission-critical systems • Experienced in doing successful R&D projects • Hands-on in designing and implementing microservices • Experienced in setting up effective CI/CD with respective quality gates • Agile practices fan • Focused on getting things done • Onsite experience • AWS, GoogleCloud"
f75b195d-3254-5471-9df4-1fc966145782,Product Manager / Product Owner / Business analyst,Product Manager,data_analytics,10.0,senior_10_plus,fluent,5.0,agile;product management;project management,3,part_time;startup,"- Working as a Product Owner, Project Manager, BA Team Lead, and Business Analyst for the last 10 years I have rich experience within IT, Retail, Finance, Supply Chain, Manufacturing, and Business Development domains. I am familiar with Agile methodologies as well as SAFe framework. Currently, I am looking for a challenging project to make the next step in my career. I have proven achievements and successfully completed projects related to the team’s establishment and team’s development, launching new products from POC to MVP through Beta/migration to general availability. Working in close coo"
a7388ab6-5a3c-58b2-8b28-8728de32ae3f,Full Stack Web Developer,PHP,fullstack,5.0,mid_3_6,intermediate,3.0,api;docker;javascript;laravel;microservices;mongodb;mysql;php;python;redis;rest;sql;vue,13,,"Because of my optimization and automation of processes, people are fired. • Development of microservices (PHP 8.1, Laravel 9, Vue, Sass Docker); • Optimization of processing incoming to the REST API (Codeigniter 3, PHP 7.4); • Expanding the functionality of the admin panel and fixing bugs (Laravel 8, PHP 7.4); • Development of the company's internal product. (JS, PHP, Laravel, SQL, Amazon API); • Development of extensions for google chrome; • Automation of routine processes; • Team lead (8 peoples); • Working with Amazon.com, amazon admin panel; • Implemented new functionality and design updat"
dd2f99c7-f5cf-5e7e-904d-f9930dc40964,QA Engineer,QA,qa_testing,3.0,mid_3_6,fluent,5.0,api;python;qa;selenium,4,,"Hello. I have 1,5 years of experience in game and web-testing, I worked on several projects with teams from all around the world. The main responsibilities are - functional software testing web-testing, regression, and smoke testing, development and support test-plans in Jira, reporting bugs, creating and maintaining test cases and checklist. Also, I have basic experience in developing an automation for daily basic action using Python + Selenium and Microsoft Powershell. I have good communication skills, attentive to details, self-motivated, fast learner, good team player. QA Engineer October "
ab627581-f307-522d-a5a6-ba7ff7fbb7ad,Full Stack Developer,Node.js,fullstack,4.0,mid_3_6,fluent,5.0,java;javascript;node.js;php;python;typescript,6,,"Throughout my career, I have gained extensive experience in various programming languages, including PHP, JavaScript, Typescript, Python, Java, C#, C++, Dart, HTML and CSS with various environments. However, my eagerness to learn has driven me to constantly expand my skill set and delve into new technologies. I thrive on the challenge of solving complex problems and believe that staying up-to-date with the latest programming languages and frameworks allows me to deliver the best possible solutions for my clients. One of the aspects I truly enjoy about programming is the opportunity to tackle d"
10e79305-c271-5dce-aa62-6c3af3090d9c,CTO/VP of Engineering/Solutions Architect,Lead,devops_cloud,11.0,senior_10_plus,fluent,5.0,aws;microservices,2,,"We've implemented the biggest fixed price in company history. I am a hands-on technical lead specializing in Microservices, DDD, and SOA. Most of my recent experience involves architecture refactoring efforts moving companies from monolithic applications to Microservices architectures, setup CD, estimation of efforts that are needed to change/implement new features. Also, I have quite good experience in AWS cloud I would like to start projects from scratch."
e5b28856-8d35-5738-872a-18f84f1cb4b5,UI/UX Designer,Design,mobile,0.0,junior_0_1,intermediate,3.0,android;ios;ui/ux,3,,"I studied graphic design, I have a bachelor's degree. Graduated from Projector courses in UI/UX and Mobile app design. I understand IOS and Android guidelines. I redesigned the website for Yappi Business English School and the Tote clothing brand as part of educational projects."
10fc8620-b21d-5836-9c37-b3f3937006e1,Developer / Team-lead / Software Architect,Python,backend,11.0,senior_10_plus,intermediate,3.0,aws;elasticsearch;git;python,4,,"I have open source projects on GitHub. I use some of them for practice and education. I carefully listen to Business and try to implement what exactly it needs. I managed my team and we build applications, which still successfully developing and working. I have experience in the next things: - to migrate infrastructure to AWS from 1 droplet (EC2, RDS, S3, ALB, ElastiCache, Elasticsearch, IAM) - to build OAuth for a single user account for several applications - to implement and understand Elasticsearch as a search engine - to migrate from python 2 to python 3 couple of big projects - some publ"
773d5eb6-e845-5985-a2aa-de05a2dd8633,Data Scientist / Analyst,Data Analyst,machine_learning,2.0,junior_1_3,fluent,5.0,python;selenium,2,,"* Creation and evaluating the impact of promo campaigns, calculating customers' LTV and other metrics * Automation of data gathering from various sources (Python + Selenium) * Building up complex, automatically updating models and visualizing them via BI instruments * Formulating tasks for developers for internal reporting portal improvement * Consulting the stakeholders on the M&A process, performing the internal investigations on money movements within the company complex corporate structure * Querying the missing documents and requesting valid information during the M&A periods * Preparing,"
0b89d767-50db-5197-a1b2-5b20b91732a3,UI/UX Designer,Design,design_ux,3.0,mid_3_6,fluent,5.0,figma;ui/ux,2,,"I have 3+ years of experience supporting businesses in building user-centric products by creating simple and seamless design solutions to complex problems. WORK EXPERIENCE Product Designer - Designed and implemented a cashback feature that resulted in a 65% increase in customer retention. - Worked closely with Co-founder and PM to decide on the best way to scope our KYC flow, Referral system and Cash back feature. - Consistently leveraged knowledge of our product and competition to propose market strategies that increased adoption by 24.3%. - Conducted usability testing to gather customer feed"
11c3a56f-6eeb-5cd7-b7b5-4d561e3d7a76,Front-end developer,JavaScript,frontend,2.0,junior_1_3,intermediate,3.0,ci/cd;javascript;react;react native,4,,"I can quickly learn new technology and quickly implement the acquired knowledge I can search for information on the Internet) I have extensive experience in technologies as a WEB developer, I was involved in both back and mobile Frontend Web Developer - 1 year 3 months of commercial experience Mainly engaged in the development of sites on React, and the support of projects of various levels of complexity. Developing my main project from scratch and switched between projects in the company, so I have good mobility when entering a project and familiarizing myself with everything necessary I have"
c4a2e646-0319-56eb-98c4-67395baf2e19,Project Manager,Project Manager,product_project,4.0,mid_3_6,fluent,5.0,.net;agile;docker;project management;react;scrum;typescript,7,,"- currently managing and launching a start-up of modeling, talent, and casting agency. - launched a subsidiary danish company of industrial and agriculture machines with all legal, financial, and planning support. - performed a successful project of a completely new design of an industrial machine for a US client that had been produced in China. - I would love to tell you a bit more about my achievements in the interview. Hi, Currently, I'm leading a team that is launching a fresh and unique start-up of modeling, talent, and casting agency. Technology stack: .NET, React, TypeScript, Docker if "
e1be6820-cc50-5915-94d0-cb83d81f16ed,DevOps engineer/Linux System Administrator,DevOps,data_analytics,10.0,senior_10_plus,intermediate,3.0,aws;docker;linux;mysql;postgresql;terraform,6,,"Linux, Docker, aws, ansible, terraform, Puppet, nginx, MySQL, PostgreSQL, elk, Zabbix, Grafana 8+ years of DevOps engineering Strong knowledge of Linux Experienced in work with high-load projects Good troubleshooting skills Open-minded individual committed to personal development Positive"
046d09b2-523d-5b0e-9efc-36ad6331977a,Project Manager/Business Anylist,Project Manager,product_project,4.0,mid_3_6,fluent,5.0,agile;javascript;mysql;project management;scrum,5,leadership,"Energized project manager with excellent communication, organizational and time management skills, documented success in planning, estimating and organizing the overall implementation of assigned projects. 3+ years of experience in successfully managing people to achieve performance goals. 30+ web projects closed last year. I used to be a team lead of support department in US hosting company for over a year, in addition to responsibilities as team leader coordinating development of billing system with embedded ticket feature, defining requirements, reporting, preparing policies and documentati"
ca34af57-c138-5ed8-a2c0-42cadf1093bc,Automation QA Engineer,QA Automation,devops_cloud,1.5,junior_1_3,intermediate,3.0,java;qa;selenium,3,,"Participated in development of new functionality of framework with a huge dedicated team in different around the world Web testing of UI cloud technologies using Java SE, Selenium Web Driver and JUnit Got experience with end-to-end testing Made the documentation based on requirements Took part in demo shows"
16e32ea7-302d-56df-8d58-0710aebbe4e6,Manual QA Engineer,QA,mobile,0.5,junior_0_1,intermediate,3.0,api;qa,2,,I am a QA Tester with 6 months of experience in testing web applicatons. Eager to obtain a position of Junior QA where I can apply and develop my skills for the benefit of a company. June 2022 - August 2022 Junior QA Madness. - Manual testing of web project; - Manual testing of mobile app; - API testing (Postman); - Creating test cases; - Writing bug reports (JIRA issue tracker); - Taking part in the meetings;
5dd2981e-5667-5c1f-b302-50f79b9ac2b2,C# Developer,.NET,backend,1.5,junior_1_3,fluent,5.0,.net;android;api;javascript;sql,5,,"I am an experienced .NET Developer. Using some of the design patterns, I have 2 years of experience with C#, MVC/WEB API, JavaScript, JQuery, SignalR and MS SQL servers. Worked with Ajax, Fetch, Axios. Strong knowledge of HTML, CSS, SASS I also know Unity Game Development. I made my mobile game MonsterHunter for android. Link for the game in my resume. 1. Joyful and friendly colleagues 2. Technology stack 3. Possibility of working remotely"
1380bd41-143e-5801-afa5-4cdb24d41da9,QA Engineer,QA,qa_testing,2.5,junior_1_3,fluent,5.0,python;qa;sql,3,,"My achievements probably one of the prominent ones is that I could climb as high as to work for such a big company as AT&T based on my English skills. Also I guess one of my prominent achievements is a success at maths and problem solving. I really enjoyed maths since around 3 years of age and developed that skill high enough. I'm quite a competitive and passionate online gamer (WoW, League of Legends, Valorant), but these achievements are more of a personal matter to tell if one's really interested as they have no relation to my professional career yet, which, I hope, changes one day. Interso"
adbb4f51-5a6f-5095-80c2-cb77b4ec80e0,UI/UX Designer,Design,design_ux,2.0,junior_1_3,intermediate,3.0,figma;ui/ux,2,,"Hello My name is Alex, I’m 29 yrs old from Ukraine. Currently I’m located in Minneapolis, USA. I was working with Ukrainian community almost 3 years. I worked as a content creator for social media networks (personal blogs and commercial). All of my works was made on iPhone, but I want to upgrade my level and I started learning UI/UX design (figma). I’d like to find a job as UI/UX designer, so I’d be glad to work as junior UI/UX designer in the beginning. I feel that it would be great experience for u and me. Tnx for ur attention."
4953107f-de54-5ea0-bf71-238688ca1ddb,Full Stack Web Developer,Python,fullstack,1.0,junior_1_3,fluent,5.0,.net;azure;docker;figma;graphql;javascript;node.js;python;react;react native;typescript;ui/ux,12,,"Freelance Software Developer: (Oct. 2020 – Present) Sample Projects: • eStore A front end web application (Desktop Version) for an e-commerce shop. Features: - loads all data, including product categories and available currencies dynamically from a GraphQL endpoint, - Parses product descriptions provided in HTML format and renders them as such. - Enables filtering of products by categories. - Ability to add/remove products and change their amounts in the cart including complex products, with multiple selectable attributes - Ability to change the currency of the store to one of the available cu"
6aec3f66-a547-5ad8-80e1-85bc95e0e085,NLP Engineer,Data Science,machine_learning,3.0,mid_3_6,fluent,5.0,microservices;nlp;python,3,,"• Deployed a high-load BERT-based microservice for an outbound voice bot that classies client intent, replacing 700 call centre managers and handling nearly 5 million calls per month. • Conducted an A/B test comparing the Rasa DIETClassier to a BERT, demonstrating that the BERT-based classier made a 7 percentage point reduction in errors from overall calls. • Fine-tuned a Large Language Model (LLama 2) using PEFT to generate personalized scripts for the voice bot, fostering more diverse and client-specific conversations compared to the previous one-size-fits-all script approach. • Optimized mo"
4013219c-b147-52f5-b735-77398a356a82,.NET developer,.NET,frontend,9.0,senior_6_10,intermediate,3.0,.net;angular;api;microservices;rest,5,,"Participated in development: - Internal infrastructure analysis dashboard (ASP.NET MVC, AngularJS) - Autotests launching and analysis dashboard (ASP.NET Core, REST API, RabbitMQ, Angular 2+, microservices) - BDD (Gherkin) based autotests framework (.NET, MSTest, Unity interception) for internal use - Services (windows services) for TFS work items (TFS API) automatic creation (for ex. after test failure) and distribution between team members I would like to work as a backend developer: ASP.NET Core, REST, gRPC, win services, etc."
ebbae2aa-b40d-5f43-8848-ca48a6d0db1a,Python/Django Developer,Python,data_analytics,2.0,junior_1_3,intermediate,3.0,django;postgresql;python;sql,4,,"I have 2+ years experience in Python, also 1+ years experience in Django/DRF. I have good SQL skills + PostgreSQL. And others skills you can check in my profile. At the moment, I am doing an internship at Uvik Software. Work experience is not extensive, worked as a system administrator in the Internet company Uteam."
ed6611ce-300b-525a-9343-2dbb63dd5bbc,Technical Program Manager,Project Manager,devops_cloud,11.0,senior_10_plus,fluent,5.0,azure;java;project management;python;qa;scrum,6,leadership,"Delivered cloud-based platform for orchestrating of service provisioning for leading Telecom Fortune 100 companies (30 000 mh). Implemented migration of identity card services from legacy platform to Azure (20 000 mh). Lead several telecom transformation projects for tier 1 telecom operators. Java, python, oracle. I manage software development projects for more than 10 years, using different techniques (Waterfall, Scrum, XP, Lean) . Certified PMP. Executive MBA degree. Having been a developer, tech lead, QA lead, and project manager, I know exactly what it takes to be successful in each of the"
2d474b92-aec3-5971-a3bb-4f6dd3b670f6,Trainee Data Scientist,Data Science,machine_learning,0.0,junior_0_1,fluent,5.0,agile;data analysis;java;machine learning;power bi;spring,6,,"I am a fast learner, and I'm eager to expand my knowledge in different ways, not only by studying at university. I have already attended several summer/winter schools such as Data Analytics School by JustAnswer, AI Product School by AI House, and Customer Lifetime Value Workshop by Genesis. During the summer, I'm also attending Quantum Optimization School and AI&Ethics School. Also, I have recently completed the Machine Learning course by Stanford on Coursera. My first work experience was gained at a startup called Mavka, which is a service for preparation for ZNO exams. There I led customer i"
33d7d052-f6df-5d14-91f8-ef221aee44bf,UX/UI Designer,Design,design_ux,2.0,junior_1_3,fluent,5.0,figma;ui/ux,2,,"MSc in Interaction Design from FH JOANNEUM in Graz, Austria I have more than two years of experience as UI/UX designer, both in-house and independently. I work on several b2b projects such as personal, portfolio and agency websites. As part of Trafficon, I worked on b2b solutions for transportation in Austria. My biggest project was a redesign of LKW Lotse, a web app designed for truck drivers to navigate a city. I use Figma for screen design, Miro for brainstorming and research, and Asana for planning. Adobe Creative Suite for everything else. I am currently working as a solo freelance UI/UX "
c278a107-9361-5ad2-ac36-596d9a169dff,Software Engineer,Flutter,mobile,5.0,mid_3_6,fluent,5.0,agile;aws;flutter;javascript;python,5,,"With three apps on the Google Play Store, two apps on the App Store, and one running as a web application, I have unmatched experience creating software applications. I am a Software Engineer with 5 years of Saas experience, specializing in technologies such as Python, AWS, Flutter, and Javascript. Over this time, I have successfully developed and scaled applications with thousands of users. My portfolio includes 3 production apps available on the Google Play Store and 2 apps on the App Store. I thrive in agile teams and am driven by a continuous desire to learn and explore new horizons. I am "
6f83888e-21c0-504d-ab2a-99cb62b53577,Full-stack Developer,JavaScript,fullstack,0.0,junior_0_1,intermediate,3.0,api;elasticsearch;javascript;mongodb;node.js;postgresql;react;sql;typescript,9,,"I workerd with javaScript,React,NodeJS,TypeScript,NestJS,Express,MaterialUI,StyleComponent, have 1year exprience worked as Full-stack Developer, worked with webScraping( Puppetter ), worked with any dataBase( SQL, PostgreSQL, MongoDB, ElasticSearch ) - Worked with project, where created an admin panel that solved the problem of interacting with the site, engaged in system refactoring, engaged in website layout. - Refactor old Video call service - Create a Map with GoogleMaps API - Worked with e-commerce projects similar to online stores"
abe20035-e7b9-5ae5-ad6e-fab5a5c4c859,Junior QA Engineer,QA,qa_testing,0.0,junior_0_1,intermediate,3.0,javascript;qa;ui/ux,3,,"I have more than 2 years experience as a web designer, 4 month experience in UX/UI I’m initiative, energetic, communicative, responsible for given work, tending to improvement. I love learning new approaches, and use this knowledge in my day-to-day work.I’m team-player, quick-learner with ability to share new knowledge with colleagues. My skills: • Graphic design • User Experience (UX), User Interface (UI) • Adobe Photoshop, Adobe Illusrtator • Axure • HTML, CSS, JS • WordPress Профессиональный рост. Неформальная обстановка. Сложные задачи. Дружелюбный коллектив. Адекватный менеджмент."
124a1030-135d-5e3c-8bc2-d37132d6c0dc,IT Recruiter,Recruiter,product_project,0.5,junior_0_1,intermediate,3.0,computer vision;git;project management;qa,4,leadership,"Hi! Nice to meet you. My name is Olya and I have been working recruiter about 2 years. My first step was a recruiter's course. And I've loved this profession. Then I worked on the outsourcing company and looked for different vacancies such as sales managers, shop assistants, accountants, analysts, administrators, data base managers. My second experience was job in digital company and there I was searching for positions of Project manager, SEO specialist, copywriter, PPC. Next step is job at Vodafone Ukraine as Recruitment specialist of mass selection recruitment operatops call-center, operator"
ba798dc6-b84d-56b4-8376-a12f2630c27f,Middle Manual QA Engineer,QA,data_analytics,2.0,junior_1_3,intermediate,3.0,agile;azure;qa;scrum;sql,5,,"Good knowledge of methodologies, tools and processes for software quality assurance. Regression, functional, UI, smoke testing, accessibility testing. Experience in Scrum/Kanban, Agile. Experience with various bug tracking systems and task management tools: JIRA, Confluence, Mantis, Azure Devops, Help Desk. Strong knowledge of SQL, experience in supporting banking test environments Strong sense of responsibility. Good analytical skills. Interesting projects, Good team, Financial stability, English trainings, Technology trainings,"
c3ddcbed-0734-53c2-b599-1716e983a2ab,Front-End Developer,JavaScript,frontend,7.0,senior_6_10,intermediate,3.0,javascript;react,2,,"I have experience as a lead front-end engineer in mobile and web app development from scratch using React/RN + Redux/Mobx. Also, worked on complex animations for different websites with PixiJS and Gsap I'm looking for an experienced team with a well-adjusted working process."
24fdeecd-828f-5f8d-9e25-2baaf5171c42,Senior Python Developer,Python,backend,3.0,mid_3_6,intermediate,3.0,aws;jenkins;microservices;python,4,,- Creating microservices in Python - Scraping Data - Developing python packages - Using Neo4j graph database - Creating of AWS Lambda functions - Creating deployment plans for python microservices in Jenkins - Creating custom test frameworks for microservices testing (based on pytest) - Conterization of Microservices written in Python - Distribution of tasks between 4 Python Developers
d9c9dd48-138b-576c-aa70-d51a5a9d6249,QA engineer,QA Automation,qa_testing,2.5,junior_1_3,fluent,5.0,qa;selenium,2,,Summary - 6 years of working experience - creation of test-cases and test-plans - automated testing with Selenium WebDriver - cross-browser testing web applications - detail-oriented with strong analytical and troubleshooting skills - the ability to communicate proficiently with excellent analytical skills - roles and activities in a project team - experienced in problem-solving - work effectively both as the team member and independently - enthusiastic and committed - high level of self-management
b9d662b4-cb68-5601-9b82-57ffaba862c3,Data Analyst / Data Engineer / Data Scientist,Data Science,machine_learning,2.0,junior_1_3,fluent,5.0,data analysis;python,2,,Recent achievements: • Developed an automated analytics solution via Python and Excel to predict optimal values of machine parameters. Increased the production speed of the machines by 18% • Built a system to classify thousands of products into a few categories based on their particle-size distribution ranges. Improved decision-making process in production planning • Analyzed thousands of products to gain insight into the most significant ones and modified their spectrum values. Obtained 8 tonnes less scrap out of 184 tonnes of production • Conducted a statistical data analysis to determine th
f5374248-7a8d-5c4e-aa28-1255b89de9d5,junior java developer,Java,backend,0.5,junior_0_1,intermediate,3.0,git;java;mysql;scrum,4,,"Сreated the e-commerce platform project where I applied the MVC design pattern. Experience in developing WEB applications for Java using DB. - Strong knowledge and using of the principles of object-oriented programming - Java Core - Databases: MySQL - Principles: SOLID, MVC - Knowledge of SDLC (Software Development Life Cycle) - Methodologies: strong understanding Scrum and Waterfall - Development tools: IDEA - Experience with Web servers and application servers: Tomcat - Assembling projects: Maven - Version control system: Git"
64084615-12bc-5131-9ccf-aacdff2e209f,DevOps engineer,DevOps,devops_cloud,10.0,senior_10_plus,intermediate,3.0,aws;ci/cd;docker;git;kubernetes;linux;terraform,7,,"- Build complex multi regional cloud infrastructure on AWS (EC2, ECS, Spot, ASG, LT, LB, TG, VPC) using Terraform (terragrunt), GitlabCI, Ansible. 6+ years of experience in DevOps, 10+ years in IT in general. - Linux: Ubuntu, Centos - AWS: ECS, EC2, RDS, EBS, EFS, Route 53, Cloudwatch, Opensearch - Configuration management: Ansible, Terraform - Containerization: Docker, docker-compose, Amazon ECS, Kubernetes - CI/CD: Gitlab CI stack - Monitoring: Zabbix, Cloudwatch, Prometeus, Grafana - Networking: VLANs, routing VPN - Virtualization: KVM, Proxmox I am looking for new challenges. And want to s"
73d146b5-a4cf-5e89-9adc-f9f6c9e937bf,React/React Native Developer,JavaScript,frontend,4.0,mid_3_6,intermediate,3.0,javascript;react;react native,3,,"I have over 4 years of experience in software development. During that time I have been involved in several major long-term projects, which gave me strong experience in various areas of software development."
45774571-2d2b-5abe-ac98-e5babbc230e9,Front-End Developer,JavaScript,fullstack,5.0,mid_3_6,intermediate,3.0,api;aws;git;javascript;laravel;mysql;php;react;redis;rest,10,,"An experienced Full-Stack developer with 5+ years of experience in creative responsive and user-friendly websites. Proficient in JavaScript, and have experience working with modern front-end frameworks like React. Also have a strong background in back-end technologies, including database management, server-side programming, and API development. Over the past two years worked preferably with back end stack. Eager to join a team that values creativity, collaboration, and continuous learning, and am excited to contribute my skills and experience to help create amazing products. JavaScript / React"
a08cb082-9d70-5454-8f48-3175fe85a0ae,Senior Software Engineer,Java,design_ux,3.0,mid_3_6,intermediate,3.0,git;java;linux,3,leadership,"I've participated in various kinds of embedded software projects as a senior software engineer/ subcomponent team lead. Was involved in the requirements specification and architecture design development. Have experience in mentoring and coaching team members. Java SE, C++, OOP, Multithreading, Algorithms, UML, Qt, Visual Paradigm, Atmel AVR, Mercurial, Git, XML, GCC, GDB, Eclipse, Ant, Maven, Tomcat, HTTP/HTTPS, TCP/IP, Linux"
1528a929-e37e-50ec-9e2e-478d82ae8e94,Product manager,Product Manager,product_project,1.0,junior_1_3,fluent,5.0,product management;project management,2,,"Cover letter I have 2 years experience in customer support at Picsart as a volunteer, between that 2 years also, I helped the team lead of the support department to make reports for his supervisor, helped new hires with onboarding process by giving them instructions about the work, rewrote FAQ section. After, I had 3 months contract with one of the United Kingdom’s online shopping application with the name of Buymie, where my title was operations representative however, except answering shoppers’ queries I also made onboarding documentation for new employees, this documentation helps new hires"
f4aba24d-0752-56f0-ad29-8dd629e320f5,QA Engineer,QA,data_analytics,0.5,junior_0_1,intermediate,3.0,agile;qa;scrum;sql,4,,"• Strong knowledge of QA theory; • Manual testing: web application testing, requirements analysis; • Understanding of SDLCs: waterfall, Agile and Scrum methodologies; • Writing test documentation (check-lists, test-cases); • Bug tracking systems: JIRA, Bugzilla, Mantis; • Working with Oracle VM VirtualBox; • Working experience with Windows XP/7, MS Office 2007 (Word, Excel, Photoshop, PDF files); • Browsers: Google Chrome, Opera, Mozilla Firefox, Internet Explorer; • Social Networking: Facebook, Linked In, VK. • Test automation knowledge • SQL syntax understanding (SELECT, JOIN, UPDATE, DELETE"
c9437654-60ab-5839-a6ec-0663bfb4b24d,Manual QA Engineer,QA,mobile,0.5,junior_0_1,intermediate,3.0,agile;api;qa;scrum,4,,"Understanding of SDLC Knowledge of test types and levels of testing Understanding of test design techniques: Equivalence Partitioning, Boundary Value Analysis, Pairwise Experience with QA processes: bug tracking/reporting, documentation, regression testing, re-testing, functional, localization, usability, cross-browser/cross-platform testing) Experience with bug-tracking system JIRA, TestRail, ClickUp, Trello Knowledge of the Agile methodology, Scrum framework Understanding Client Server Architecture Basic knowledge of API testing Experience in Web Testing, Mobile testing Experience of testing"
be3dd139-0cd2-5edf-8947-57836609eff1,"Разработчик .NET, JavaScript",.NET,frontend,7.0,senior_6_10,fluent,5.0,.net;javascript;php;sql,4,gaming;remote,"An interesting project that I have done is connecting a php-based web site and a secured Sharepoint system through web services. I own, develop and support a personal web site based on Orchard CMS. In background I'm trying myself in game development with Unity. C#.NET, JavaScript. During the last 6 years I've been engaged into web applications development, including backend (C#, ASP.NET, SQL Server) and frontend (Javascript, HTML, CSS). I have some experience with the following opensource systems: Drupal, Orchard, NopCommerce. My English is pretty good. I'm looking for a remote opportunity to "
589d0018-a608-5ccd-9b7c-82c96868295c,"Delivery Director, Agile Coach, Operations Executive",Project Manager,product_project,11.0,senior_10_plus,fluent,5.0,agile;product management;project management,3,,"CERTIFICATIONS • Certified SA-SAFe Agilist (2016, 2021) • Coaching Agile Transitions (ICP-CAT), 2020 • Agile Coaching (ICP-ACC) Certificate (2019) • Certified Kanban Management Professional (KMP2) (2019) • Lean Kanban System Design (KMP1) (2019) • Agile Team Facilitation (ICP – ATF) (2017) • ICP-PPM ICAgile certification (2017) 14+ years of managerial experience • Help teams to embrace various Agile Metrics that encourage improvement every Sprint / Release. • Coache and mentor Project Managers, Team Leaders, and Product Owners on How to focus on Business Goals and effectively deliver value and"
30e3b849-28ec-59b0-81ef-56bb37fa58dc,QA Automation Engineer,QA Automation,devops_cloud,5.0,mid_3_6,fluent,5.0,api;aws;ci/cd;docker;jenkins;qa;selenium;sql,8,,"At my current company, I've introduced Selenium Grid to my team, a smart proxy server, that makes it easy to run tests in parallel on multiple machines. Thus, reducing time for Regression testing. The reason for that: when a new version of the product is pushed by developers, they could easily run regression tests on their local machines for 15 mins and the final product had a very small chance for bugs. In order to run out tests on multiple VMs, we also used Docker, which I've introduced to my team, a tool that gives the ability for automation of application deployment and management in conta"
65dd5fff-270d-534b-afbb-de3779f39c27,Data Analyst,Marketing,machine_learning,2.0,junior_1_3,fluent,5.0,aws;python,2,,"My biggest accomplish is that I've successfully changed my profession. I'm fast learner and ready for more! I've worked for US based company Impel on Sales AI. My position was at first L2 Support Engineer and after that L3 Support Engineer and Logics. During this period, I've worked with Python, JSON, AWS. Now, I'm working in Bank Of Georgia, as Middle Data Analyst/Cloud Marketing Manager"
e9ea81bd-4e24-5492-b352-bd9a077a9773,Manual QA Engineer,QA,mobile,3.0,mid_3_6,intermediate,3.0,api;git;qa;sql,4,,"Skills: Knowledge of HTML, CSS; Understanding the SDLC/STLC; Knowledge of the QA methodologies and approaches; Experience in writing test documentation (test cases, checklists, bug reports, test plans, acceptance tests, regression/smoke plans); Understanding of test design techniques; Work with bug tracking systems Mantis, Jira, and the test management systems TestLink; Work with NoSQL Databases; GIT bash basic knowledge; SQL basic knowledge; Understanding of API testing; Understanding of mobile testing; Fast learning, persevering in finding solutions; Purposeful, team player, eager to grow pr"
f4be8f77-5a1d-5fc8-a0ad-b7f48dd8dac7,Middle UX/UI designer,Design,data_analytics,5.0,mid_3_6,intermediate,3.0,agile;scrum;ui/ux,3,,"I am currently working as a UX / UI designer in one of the most large technology companies in Azerbaijan. We are participating in a great team in the creation of products: Business Analysts, Scrum Masters, Engineers, Product Owners. We are working on Jira with Agile methodology."
1a799970-1402-5140-b210-1d2dcf7300f6,Разработчик java,Java,backend,1.0,junior_1_3,intermediate,3.0,git;java;mysql;spring,4,,"1 year of experience in back-end development. Project: network scanner Java Core, Spring, Hibernate, Git, Design Patterns, JUnit, Mockito, MySQL Professional growth, complex tasks, friendly staff, an interesting projects. Are not interesting in: legacy, support, and bug fixing projects."
f25189e3-1c9b-5fbb-a423-584273eb3e69,UX/UI Designer,Design,design_ux,1.5,junior_1_3,intermediate,3.0,figma;ui/ux,2,,"There is a Rising Talent on Upwork, I did not have time to get more achievements in this area in such a short time. I have worked in programs such as Figma, Adobe Photoshop, Pixelmator Pro, Final Cut Pro, DaVinci Resolve. I have a many projects in each of these programs, several of them - projects for companies. I am a fast learner and ready to synthesize your ideas into a product for users. Links to my works can be found in the profile description and in the resume. I definitely do not agree to do projects that will be aimed at deceiving people, advertising prohibited drugs or designing sites"
afee2ce8-e2aa-5d80-829b-a84a07b51f64,JavaScript/Node.js fullstack developer,JavaScript,fullstack,11.0,senior_10_plus,fluent,5.0,agile;aws;git;java;javascript;mongodb;mysql;node.js;python,9,part_time;remote,"Java 8 Core, JavaScript, Node.js, Python, RabbitMQ, MySQL, NoSQL, MongoDB, BigData, MapReduce, Git, Maven, AWS, Jira, Agile. I'm looking for ONLY a full-time/part-time remote position. Don't consider relocate to EU/CIS/US."
2612a22b-b2ad-529a-8077-8dae9260bcb9,Senior Automation Engineer (JAVA),QA Automation,qa_testing,8.0,senior_6_10,intermediate,3.0,ci/cd;java;qa,3,,Summary: Experience 8 years. Performing execution and analyzing test results. Implementation of QA education processes. Developing from scratch an automation framework based on the java stack. Organizing automation QA processes. Set up CI/CD processes. Preparation approach for performance testing.
83a14e20-4f40-5390-b3d5-7a379836adc6,Machine Learning Engineer / Data Engineer,Data Science,machine_learning,6.0,senior_6_10,fluent,5.0,aws;ci/cd;data analysis;machine learning;python;sql;terraform,7,startup,"Designed a serverless ML cloud architecture from scratch (AWS Cloud Formation/Terraform) FleetyFly: - Deployment and automatization of ML pipelines that optimize fleet efficiency and increase clients revenue - Design serverless ML cloud architecture from scratch (AWS Cloud Formation/Terraform) - Prepared CI/CD pipeline for ML projects (AWS CodeBuild) - Strategic decision about company data architecture Wind Mobility GmbH, Department: Data. - Created e-scooters rebalancing model that increases the revenue for the rebalanced e-scooters by 50% - Creating serverless ML architecture in AWS cloud (A"
b1a32460-146b-559c-86b8-eed8a8beb545,Project Manager,Project Manager,product_project,2.5,junior_1_3,intermediate,3.0,agile;project management;scrum,3,,"Greetings! My name is Artem. I will be useful to you! * I have experience as a project manager and sales manager (B2B, B2G) in the energy and real estate sectors. * I have completed a PM training course in IT and have a certificate. * I know and have used project management methodologies: Waterfall, Agile (Scrum, Kanban). * I work with MS Office suite (Word, Excel, PowerPoint, Project) and similar products from Google, 1C, Trello, and others. * I have experience in attracting contractors. * I love to communicate. I can find a consensus in difficult situations. I am motivated by money. Why do I"
308870f0-d656-5e70-baea-e70a00443dc1,Senior Software Engineer / Team Lead / Engineering Manager,Golang,devops_cloud,11.0,senior_10_plus,fluent,5.0,agile;blockchain;gcp;go,4,blockchain,"1) New supplier integration into online travel agency engine completed in 3 days (data import/export, search, book, amend/cancel) when supplier expected in at least 21. I bet and won 18 000 GBP (1k GBP for each day left to 21). If I did it in 21+ days, I'd lose 1000 GBP for each extra day :) 2) Converted Satellite Vessel tracker made on Scala/Spark into Google Cloud Big Table + Golang stack with performance improvement from days to hours. 3) Blazing fast astological aspects/transits search engine. European University's professor, who made previous version, said it would be impossible to make i"
efd993cd-3f3c-5ef4-ad2a-6e2037c79209,Manual QA Engineer,QA,qa_testing,8.0,senior_6_10,intermediate,3.0,linux;qa;sql,3,,"PURPOSE To occupy the position of Manual QA engineer (remote working is possible) SUMMARY • Good knowledge and understanding of Quality Assurance methodologies and approaches • Waterfall and Sprint methodologies experience and good level of knowledge • Functional and non-functional testing experience (e.g. regression, integration, smoke, installation) of web and desktop applications (manual and automated) • Experience producing key test assets (requirements gathering, test plans, test cases, reports, check lists) • Experience in communication with customers to support on analyzing customer iss"
a8ab87f5-a6e1-5db4-836f-3fdbafdab6bb,Senior iOS Developer,iOS,mobile,7.0,senior_6_10,intermediate,3.0,ios;swift,2,,"Experience working on the following projects: client application for media service, applications for managing devices via Bluetooth, client application in the field of health wellness, application for Apple Watch and some others. Swift and Objc programming languages were used; default iOS libs; frameworks RxSwift, Combine, Moya/Alamofire, CoreData, Realm and other. Worked as a developer on almost all projects. Played the role of Tech Lead on the last project I expect an interesting & challenging business idea and processes."
f3543ba4-b9d7-5280-8eda-d04ca9d86753,Junior Python Developer,Python,backend,0.5,junior_0_1,intermediate,3.0,api;git;go;mysql;python,5,,"I have four pet projects, namely: a telegram bot, a calculator for matrices and vectors, a programme for recognising a leaf on the surface, script that save battery power. GitHub name: kostiaserdiuk. Read more about the projects. Telegram bot: username AskAnswerTelegramBot, the main action is to answer users using chatGPT. The bot itself was written in GoLang, and MySQL was also used. The following libraries were used: telegram-bot-api, go-openai. Calculator: this is a laboratory work that was commissioned by a university student. Was written in python with GUI on PyQt5. You can view it on my "
797978ca-0dda-5c36-a4a3-742a0ab50933,Java Engineer,Java,data_analytics,5.0,mid_3_6,fluent,5.0,api;ci/cd;data analysis;git;java;microservices;postgresql;redis;sql,9,,"_____________ Achievements: Accelerated processing of batch data by ""divide and conquer"" and applying multithreading, impacted response time by 40% Created microservices ""from scratch"" with RabbitMq/Postgres/Redis connections and Gitlab CI/CD processes Optimised sql-queries on heavily loaded service that was using several RDBMS, reduced other services clients waiting time by ~30-35% Hello, dear Reader! Briefly: Netcraker, EPAM - from junior to senior. Communicated with customers to refine business requirements and deliver nice features to solve their problems. Sometimes convinced them if neede"
0217fa2b-09ef-5e2f-bd49-27c2a08d4fcf,Front-end developer,JavaScript,frontend,0.5,junior_0_1,intermediate,3.0,computer vision;javascript,2,,"I have knowledge and experience in developing different landing pages. I am good familiar with developing high-quality codes using modern HTML, CSS. Also, I am well familiar with Javascript. I actively seek out new technologies and stay up-to-date on industry trends. My soft skills are decency, responsibility, diligence, commitment, communicable, analytical mind. Please, find detailed information in the CV attached. Interesting projects and friendly staff. Flexible schedule will be a plus."
3c9f0f46-3d5b-5551-afe0-04ce408116e8,Junior UI/UX Designer,Design,design_ux,0.0,junior_0_1,fluent,5.0,data analysis;figma;ui/ux,3,,"UX/UI designer with a previous background in recruiting and interviewing people. Closely collaborated with cross-location teams within the biggest IT companies in Ukraine. Proactively participated in meetings with business stakeholders, including clients, to understand project requirements. Effective communicator with a data-driven approach to work. Do have experience in conducting user interviews, usability testings, surveys etc. Hands-on experience with Figma (prototyping, auto-layout, components). Strong fundamental knowledge in design. I am eager to find a company/role where I can apply th"
44798460-c39e-5318-9921-5d658a26036c,JUNIOR FULL-STACK DEVELOPER,JavaScript,fullstack,1.0,junior_1_3,intermediate,3.0,api;javascript;node.js;react;react native;rest,6,,"Master Crestron Programmer (American diploma) I finished FrontEnd course in DAN.IT. How is it for one girl to replace almost the entire development team? I know how it is: it is hard work, but nothing is impossible when you are passionate about your work. For 5 years, I have been the chief engineer-programmer of automation systems ranging from small apartments to huge buildings and offices with the automation of all engineering systems, as well as the integration of systems for presentations, home theater, etc. My duties are writing the program, creating the application interface, and testing "
f689a0f8-51ae-55e2-83c1-735ace32e04c,Junior Python/Django Developer,Python,data_analytics,0.0,junior_0_1,intermediate,3.0,django;git;javascript;python;sql,5,,"I have been learning the main aspects of Python, solving difficult tasks and practising to write correct code for the last five month very active. I wrote telerambot (by aiogram) and site (by Django). Graduated university, finished Python Core and Python Marathon in SoftServe. Don't have any experience of commercial development in Python. Know how to work with GIT, SQL and Django. Have been learning JavaScript little bit I expect to be able to start successful my IT career, find an environment where I will constantly move forward and can gain important experience."
5ace2cbf-6305-5084-9879-1476ce3cf0b3,Flutter Developer,Flutter,frontend,1.5,junior_1_3,intermediate,3.0,api;flutter;graphql;javascript;mongodb;node.js;react;react native;rest,9,,"I have commercial experience on three projects and I also have some experience with Node.js, Express framework, React Native I have 1.5 years of commercial experience My technologies: Dart, Flutter, React Native(basis), Node.js(basis) My Experience includes: • work with Architecture: Provider, Redux, Bloc, RxCommand • work with Database: SQlite, MongoDB, Hive • work with Rest API • work with GraphQl • work with Isolates, Dio and others."
a2b17d72-8141-5965-b2af-bed218b043cb,Project Manager,Project Manager,product_project,10.0,senior_10_plus,intermediate,3.0,agile;project management;scrum,3,,"Over 10 years in management (financial field). Successfully managed teams up to 15 members, I have significant achievements in business development and in projects in financial sphere. Agile metodologies, scrum (certificate in progress), testing (certificate), soft skills, bussiness development, strong negotiation skills, goal oriented, team building, employee hiring, risk management, coaching. I have strong analitical, maths background, quick mind, good spoken and written English. Current position: business development manager. professional team and management. Interesting projects."
69f527bd-b5de-5e87-a3e4-4112475c368e,Graphic Designer,Marketing,design_ux,1.0,junior_1_3,intermediate,3.0,figma;rest,2,,"I am a 3D Animator, Modeller and Graphic Designer with vast experience in BlockBench, blender, ZBrush, Figma, Illustrator, InDesign. Over the past year, I have done more than 300+ orders with modeling models for minecraft, animations and clips. Many of my employers were large companies with a one-time order, because their main employees could not have time to complete this or that task. I am the person you need on your team. If there is a task, I will complete it as needed and on time. The quality of my work is above all for me, since the rest are repelled from this with the idea of working wi"
c6b44705-33b8-5f71-9b68-a4fd84be2c94,UI/UX Designer,Design,mobile,0.0,junior_0_1,intermediate,3.0,figma;ios;ui/ux,3,research,"My main achievement is that a couple of months ago I knew nothing about design, and now I already know how to design web interfaces, mobile applications, landing pages, I conducted UX research for my work, created User Flows and Wireframes and started applying iOS guidelines. I am very familiar with Figma and use all the features that will make the work easier. I systematize, do everything conveniently and beautifully. Unfortunately I have no commercial experience, but I learn very quickly and then easily apply the acquired knowledge at work. I made designs for the portfolio, redesigning sites"
a16c301a-fd66-590a-8c4d-adc1c6656b31,Project Manager,Project Manager,qa_testing,5.0,mid_3_6,fluent,5.0,ci/cd;project management;qa;scrum,4,leadership,"-Coached the team members and clients in self-management and cross-functionality to adapt the Scrum and SAFe best practice - Incorporated Bug triage sessions in a team which helped us to lower the number of bugs and filter queries from stakeholders, so the plans were less affected - Implemented release coordination and improved CI/CD pipeline, branch strategy andapproach to QA and Production deployment - Improved PI planning procedure, reporting and forecasting of future sprints and PIs so teams were able to unleash Scrum and SAFe full potential Certified SAFe Agilist 5 and Professional Scrum "
a9735391-573e-5158-83d0-5c3870d48ddb,"Digital Designer, UI/UX",Design,backend,9.0,senior_6_10,intermediate,3.0,.net;ui/ux,2,,"Дизайн и запуск OLL.TV Cong Engineering UI/UX Senior Designer company product and mobile applications February 2016 - 2017 Dublin, Ireland Digital Screens LLC (OLL.TV) Middle Designer Improved video service design. Development of visual and technical service components for mobile applications. The introduction of advanced UI in the decisions that affect the usability and attractiveness of the project. Development of websites and promotional materials for the project. June 2014 - April 2016 Kiev, Ukraine Job UKR.NET Web & UI/UX Designer UI/UX design projects, interfaces, pages. Also accompanyin"
15b544ec-53cd-548c-836c-7343a4c2deb0,DevOps engineer,DevOps,devops_cloud,2.0,junior_1_3,intermediate,3.0,ci/cd;docker;elasticsearch;kubernetes;microservices;terraform,6,,"Continuous Integration/Continuous Deployment (CI/CD): One of my notable achievements was implementing CI/CD pipelines for a complex microservices-based application. By automating the build, testing, and deployment processes, we reduced deployment times, resulting in a significant increase in release frequency and improved software reliability. Infrastructure as Code (IaC): I am well-versed in Infrastructure as Code practices, using tools like Terraform and Ansible to provision and manage infrastructure. This approach not only enhances scalability but also ensures that infrastructure is version"
5514eabe-d68d-508d-886b-7784b5b118a2,Product Manager/Head of Analytics,Product Manager,machine_learning,5.0,mid_3_6,fluent,5.0,data analysis;machine learning;product management;python,4,,"Licenses & Certifications Deep Learning (Issuing authority IBM) IBM Data Science Professional Certificate (Issuing authority Coursera/IBM) Python for Data Science (Issuing authority IBM) Business Analyst/Data Scientist with 5+ years of experience. Highly competent in banking and financial technology sectors. Led and organized analytics department in multiple companies. Defined Business Strategy and conducted operational planning for the leading state-owned enterprise and the Swiss financial technology firm. Developed strategies and implemented solutions for effective data analysis, stakeholder"
3b4662f4-9a86-51bc-9578-673aa7a460e1,RoR developer,Ruby,fullstack,1.5,junior_1_3,fluent,5.0,api;cypress;javascript;react;rest;ruby,6,,"Ruby on Rails developer (1-2 years). Have experience developing Ruby on Rails full-stack applications, REST API, payment systems integrations (Stripe, PayPal) and third party APIs, AQA (Cypress, Capybara). I'm currently interested in the role where I could get more hands-on experience with front-end (React JS or other frameworks). Fluent in English and Japanese. Strong mentorship, personal development."
051b3d3f-87f8-50f0-b2ea-87f540c48704,DevOps engineer,DevOps,devops_cloud,1.0,junior_1_3,fluent,5.0,agile;aws;ruby,3,,"AWS Certified Cloud Practitioner, DevOps and Software Engineering Professional Certificate by IBM I have worked in Ukraine, Poland, Latvia, and Italy for companies ranging from 50 people to huge corporations. My most recent experience was in IT Operations at Nestle in Italy, where we implemented more Agile ways of working within the organization. Prior to that, I had a Ruby on Rails internship with SoftServe, where we built a website for a non-profit organization. I also served as a project coordinator for a non-profit Latvian media journal that encourages teenagers to speak up and share their"
7e6b7db7-9647-54e9-ae0d-6e1c6a5b6638,Lead Java/Fullstack Engineer,Java,fullstack,6.0,senior_6_10,fluent,5.0,android;java;javascript;kotlin;laravel;machine learning;pandas;python;react;scikit-learn;spring;swift;tensorflow;vue,14,,"Development and improvement of positioning system that connects over 2k IoT devices with customers Java/Fullstack backend developer with 6+ years of experience. Was working with XaaS solutions, IoT events aggregation, geofencing and positioning, and more I'm working with many different technologies: Spring, JavaEE, Netty, Jetty, Kotlin, Android I also work with a wide range of other languages/technologies: Python, Swift, JavaScript, React, Vuejs, Laravel. More info in the resume I'm looking for a JavaEE/Spring long-term project(with any additional technologies from the native mobile, frontend("
12440e6d-435d-5fb9-9776-b11a170aacf5,Scrum Master,Other,product_project,4.0,mid_3_6,fluent,5.0,agile;project management;scrum,3,,"As a highly experienced Scrum Master, I have been actively involved in driving the successful completion of various complex projects across diverse industries. With a strong passion for Agile methodologies, I have effectively utilized my skills to foster a highly collaborative and efficient working environment for development teams. My hands-on experience with cutting-edge technologies has allowed me to significantly contribute to project results and the overall growth of my teams. Work Experience: Agile Coach, Kapital Bank Facilitated Agile project management for multiple cross-functional tea"
bac03e33-b87d-575b-a4e3-2075bad0919b,"Support engineer, application support, customer support",Support,data_analytics,8.0,senior_6_10,fluent,5.0,linux;sql,2,,"Resolved 500+ complex technical issues with SQL, Linux, and web server logs. Received recognition for excellent customer service and high ratings. Streamlined incident management. Mentored junior team members, fostering a collaborative work environment. Awarded ""Employee of the Quarter"" for exceptional performance. Continuously developing soft skills to build strong relationships and drive success. With 7+ years as a Support Analyst, I excelled in troubleshooting, resolving technical issues, and providing exemplary customer service. Proficient in SQL, Linux, and web server logs. Skilled in inc"
4457e020-b8da-58d1-8084-aab3f8699d09,Project Manager,Project Manager,qa_testing,5.0,mid_3_6,fluent,5.0,agile;product management;project management;qa;scrum,5,,"Currently located in Spain, Barcelona because of the war in Ukraine. 5+ years of experience as a Project Manager/Scrum Master and 3+ years as a manual QA. I'm experienced in: - Leading several Agile teams simultaneously (Scrum, 10+ people); leading English speaking teams - Managing human resources - Working collaboratively with the Product Owner and with other stakeholders - Setting up Scrum processes for the team, empowering the team to be self-managed, taking control over team motivation - Coordinating and monitoring the team's performance-focused on delivery - Conflict solving and removing "
52f0af2f-d7c1-5cb1-8346-00f866f0611e,Junior QA Engineer,QA,mobile,1.0,junior_1_3,intermediate,3.0,api;qa;rest;selenium,4,,"I completed the QA Manual course in Beetroot Academy which included basis of manual testing. Please see the list of my skills below: Deep understanding of: SDLC и STLC Work with requirements Experience in writing Test Plans, Check lists, Test Suites, Test Cases. TestRail and TestLink Work with bug tracking systems Black-Box testing Basic knowledge of: GUI WEB (HTML, CSS) Xpath and СSS selectors Character Encoding API. JSON, XML. REST, SOAP testing API testing with Postman and SOAP UI Mobile Applications testing White-Box testing Automation testing (Selenium WebDriver) Relational databases, SEL"
d88f0e8c-bc78-5ab9-a168-2abf228b13e9,Computer Vision developer,C++,machine_learning,11.0,senior_10_plus,intermediate,3.0,computer vision;git;linux,3,,"Have experience in Computer Vision (stereo vision, obstacle avoidance, surface estimation) using OpenCV & CUDA on Windows and Linux, performance optimization. Have 10+ years experience in hydrological numerical modelling. Strong mathematical skills and algorithmical mind. - C/C++, Fortran, Pascal, VBA, Batch/Bash scripting - Parallel computing (CUDA, OpenMP, MPI) for Windows and Linux - OpenCV, ROS - MATLAB, AutoCAD, ArcGIS, Aquaveo SMS, DHI MIKE Software - MS Visual Studio, Eclipse IDE, Borland Delphi IDE, Git/SVN - Strong mathematical skills Looking for a Computer Vision/Applied Math job. Ha"
065253ce-2ba4-5230-a226-653a3328e935,Node.js developer,Node.js,frontend,1.5,junior_1_3,intermediate,3.0,api;javascript;node.js;php;react,5,,"I'm Simeon Chinweuba, and I have experience with HTML5, CSS, PHP, and WordPress development. I'm transitioning completely to Nodejs, Reactjs, and ReactNative for my mobile app. I am eager to learn more in order to become a great software developer. I recently worked as a support Engineer for the French company Mtarget, where I assisted clients in integrating and maintaining Mtarget API on their applications. I also created the website betensured.com with PHP and Bootstrap as a frontend. I am currently applying to universities in Europe to further my education."
039568ae-a8f1-57c6-8665-aee8664ded7d,Junior Java Developer,Java,backend,1.0,junior_1_3,intermediate,3.0,api;computer vision;git;java;microservices;mongodb;spring,7,,"Currently I am Trainee software engineer in IT-company. I have simple web API on my github, based on microservices architecture. Stack: Spring boot, Spring Cloud ,Eureka server, Spring Data and MongoDB. For more information look my CV with links on my LindedIn and github profiles or if you have any questions don't hesitate to ask me. I am looking for friendly team and interesting tasks, which will help me in my professional growth"
487afba3-bf11-505a-ac6f-d01f4bfcf317,Product Manager,Product Manager,design_ux,2.5,junior_1_3,fluent,5.0,product management;ui/ux,2,,"2.5 years of Product Management experience UX Design | Growth and Innovation | Customer Support - Leading streams/projects from the beginning to the end: managing resources, time and risks estimation, scope of projects to ensure project delivery is in line with the requirements. - Working closely with teams to ensure projects are delivered on time/budget and communication with key stakeholders is effective. - Identifying dependencies and priority with cross-functional teams for successful development and implementation of the requirements. - Ensuring effective communication within the product "
0da921de-68fe-531f-8a17-088356f17710,PM/BA,Project Manager,product_project,5.0,mid_3_6,fluent,5.0,product management;project management,2,,FOCO.Lab (Game assets studio) CBDO Prioritization and setting off tasks for the development of commercial relations with existing customers. Formatting of existing business proposals and procedures for involving new customers. Direct participation in the creation of prototypes of a new product line. Providing a detailed plan for the possibility of domain development of the company according to business analysis. Implementation control. (March 2020 - present day) DevToday. Vinnitsia BDM(contract) Supervised the process of creating a new office for the Software Development company. Created a dep
45356b61-de14-5533-8c6f-5fd74dab7b4e,QA Engineer,QA,mobile,1.0,junior_1_3,intermediate,3.0,android;api;figma;ios;qa,5,,"I have been working as a QA engineer since 2022 till present. I worked in popular dev tools such as confluence, figma, jira, test rail. I have also experience in mobile testing IOS, Android. And for sure API testing."
9b5674ba-2897-5774-9e02-9e56bebc1c13,Cloud Engineer,Python,devops_cloud,4.0,mid_3_6,fluent,5.0,aws;java;python,3,,"I have master's degree in Computer Science from Passau University. I have broad set of knowledge in development. I work on different project together with a team and also alone. I have have good communication skills as I work in consulting company and I often communicate with clients. As well I have AWS certifications to prove my knowledge. Also when I have time and opportunity I am a speaker for developer community. I have been living in Germany for the past five years, originally hailing from Ukraine. My decision to relocate was motivated by my strong aspiration for professional growth and t"
8fa6f38c-b436-59f0-a508-62eb94f9dcad,Senior QA Automation Engineer,QA Automation,data_analytics,11.0,senior_10_plus,fluent,5.0,docker;git;java;javascript;jenkins;kubernetes;linux;python;qa;rest;selenium;spring;sql,13,,"Senior QA Automation Engineer with DevOps, Software Development, and Business Analysis experience. I am specialized in building automated test frameworks from scratch. Prefer working with: Linux - shell scripting / Bash - Docker, Kubernetes - Git - Jenkins - Java / Spring Boot, Scala / Akka. Additionally, have experience working with: Python, Groovy, C, JavaScript, SQL, Selenium, Geb, Spock, REST Assured, SoapUI / ReadyAPI, Postman."
690e1ad3-337b-5684-a799-1b5173923d4b,Senior Xamarin Developer,.NET,fullstack,6.0,senior_6_10,fluent,5.0,.net;android;api;azure;ios;postgresql,6,,"Worked on 6 projects (4 Xamarin.Forms and 2 Xamarin native applications) for different domains. Was responsible for creating UI and interaction logic as well as back-end API in Azure Mobile Services. One project, especially interesting, was native Xamarin.Android application 'Lubelscy Kupcy'. It was undertaken by me alone where I managed to deliver a full functionality according to client's scope in 5 weeks. Currently working on a eCommerce project as a full-stack developer. Dealing with WinForms & WPF, and interaction logic, also rewriting back-end modules. Managed to increase performance of "
a0538439-aecd-5b2f-a0b8-4568d20ac2d1,UX/UI Designer,Design,design_ux,2.0,junior_1_3,intermediate,3.0,figma;ui/ux,2,,"My achievements include creating a short animated film that was shown at the Kyiv International Short Film Festival and the LINOLEUM Contemporary Animation and Media Art Festival, as well as creating a poster that won a grant from the Democracy Frontline organization, which I am very proud of. I also received a grant from IT Generation and completed training at Mate Academy. I would be happy to discuss the possibility of joining your team and answer any questions that may arise. My name is Yulia, a UX/UI designer with one year of experience. I work with programs such as Figma, Photoshop, Illus"
8bd47df5-8fa7-5267-ba6c-97a5eae815f0,Lead Front-end Developer,JavaScript,frontend,6.0,senior_6_10,intermediate,3.0,agile;git;javascript;php;react;rest;scrum,7,,"- Programming Languages: JavaScript (ECMAScript 6), PHP (basic knowledge for understanding code); - Frameworks and libraries: jQuery, jQuery UI, similar with ReactJS/AngularJS and lead project on this technologies; - Style Sheet Languages: CSS, knowledge of modular architecture for CSS (SMACSS, OOCSS, BEM); CSS preprocessors/postprocessors; - Build tools: Gulp, Webpack; - Version Control System: Git, GitLab; - Standards/Protocols: TCP/IP, HTTP, REST, XML, JSON, XSL, HTML; - Issue/Bug tracking: JIRA; - Other skils: OOP paradigm, design patterns; Agile (Scrum , Kanban) methodologies, SEO (basic "
64d6b4c7-2e9d-5b69-af58-fcc9a0d17170,Manual QA Engineer,QA,qa_testing,2.0,junior_1_3,fluent,5.0,qa;selenium,2,blockchain,"I have achieved the fuller understanding of the software testing, the advantages and the necessity of testing the project i am working on. Being the manual QA tester gave me so many opportunities to develop and improve my skills. I have practices working with the bug-tracking system Jira, which is very important while working on any project, also, i have refined my abilities for working with Postman, HTML\CSS, DevTools and many other. I have also enriched my knowledge in the methodologies and testing theory, which is no less important than evolving the hard skills. As a matter of fact, i think"
c4efe6d7-52e6-5958-8043-54737a74a757,Data Scientist,Data Science,machine_learning,0.0,junior_0_1,fluent,5.0,machine learning;numpy;pandas;power bi;python;scikit-learn;sql,7,,"- Bachelor degree in Economics - Data Science courses (Coursera, Codecademy, Dev Republik Bootcamp (150 hours)); - Independently developed a small healthcare application using Data Science tools to predict a probability of stroke a user has; - Create currently used financial models in exсel for companies in various industries. Coding - Python, SQL, VBA DS - data exploration, analysis and visualization, anomaly detection, A/B testing, Machine Learning algorithms (linear regression, logistic regression, k-NN, CART, SVM, boosting algorithms, NN, k-means, hierarchical clustering, PCA) Tools - nump"
81cf1594-bffd-5ace-99b5-01a7c4118126,iOS Developer,iOS,backend,11.0,senior_10_plus,fluent,5.0,android;api;ios;java;javascript;mongodb;node.js;rest;swift,9,remote,"AppStore(iOS): https://itunes.apple.com/us/app/bastion/id1109728073?mt=8 iOS, Swift, Objective-C, Realm, CoreData, SQLite, REST API, JSON, XML, HTML, JS, NodeJS, MongoDB, Firebase, UIKit, WebKit, MapKit+CoreLocation, Multithreading (GCD, NSOperationQueue), CoreBluetooth/EAAccessory iOS developer, ready for participating in big projects, including remote; consider relocation depending on job opportunity. Special interest in peripherals (Bluetooth), geolocation apps, travel, e-commerce, e-payments, corporate solutions; would like to improve my skills in backend dev. Strong experience in BizDev ("
2b7b757c-1a6f-590d-a97e-0755bf8b676b,Project Manager,Project Manager,product_project,6.0,senior_6_10,intermediate,3.0,project management;scrum,2,,"More than 30 successfully finished projects (Development, IT infrastructure, IT Security) One successful development project portfolio with 5 projects in. Automation of different business processes in banking area. More then 6 months English practice abroad. Scrum Master Professional (PSM I) Project Management, Program Management, Delivery Management, Scrum, CCPM, Waterfall, Managing team over 40 people, Software Projects, Information Security Projects, Implementation Projects Professional growth. Interesting projects. Complicated tasks. English speaking communication. Interaction with foreign"
91436aa0-204d-5559-9e36-201dd9710620,DevOps engineer,DevOps,devops_cloud,3.0,mid_3_6,fluent,5.0,ci/cd;docker;git;jenkins;kubernetes;microservices;terraform,7,,"Created and maintained fully automated CI/CD pipelines for code deployment using Jenkins, leading to an increase in the time to ship new feature releases by 15%. Implemented automation configurations using terraform, ansible, docker, kubernetes and Jenkins to efficiently manage over 5 servers with the latest version of required application. reduced deployment time by 50%, saving over 12 engineering hours per week and streamlining server maintenance process. Built and deployed Docker containers to break up monolithic apps into microservices, improving developer workflow, increasing scalability "
f60b0892-f84c-5ad6-85c9-5b721e8a6b42,Full Stack Developer,Other,fullstack,7.0,senior_6_10,intermediate,3.0,.net;android;angular;api;computer vision;ios;javascript;node.js;php;python,10,,"Building complex realtime iot systems, Web sites of any complexity. developing, Smart greenhouse development, Development of demonstration stands with computer vision Makebecool November 2016 — February 2017 Junior Web Developer MODX (CMF + php) - backend developer; Worked with custom API (PayPal / LiqPay etc); Adlive February 2017 — July 2018 Backend Web Programmer MODx programmer (Modx backend engine + frontend JavaScript + frontend custom templates); Backend side developer; CompAero July 2018 — May 2019 Web (CMF / Javascript) Programmer Sites development with different structure and complex"
ee3c569f-6bd2-5db2-af0f-7704f3c24aa9,Senior Software Engineer,Python,machine_learning,8.0,senior_6_10,fluent,5.0,api;aws;computer vision;django;docker;fastapi;flask;gcp;git;javascript;laravel;linux;machine learning;mongodb;mysql;php;postgresql;python;qa;redis;rest,21,,"Achievements: - Successfully completed a fleet management system using Redis, Python, PostgreSQL, and socket connection with GPS devices. - Udemy Course Completion Certificate ""REST APIs with Flask and Python in Jan 2023"" - Developed and Integrated MicroPython modules into an ESP32 microchip. - Developed Minimal machine learning(ML) for predictive Amharic text self-updating API with word prediction and phrase prediction APIs. - SIP-based technology simulation on the local machine as a preparation for external Voice Call API testing. - Gesture recognition gamified as ‘the Rock-Paper-Scissors Ga"
e0085ccf-fb11-5346-b337-a3a31b44d977,QA Engineer,QA,qa_testing,3.0,mid_3_6,intermediate,3.0,api;qa;rest,3,,"Creating applications package for deployment into customers environment. Create test plans and documentations, guidelines. Cooperation with customer. Test server/user part of product via DevTools or REST API (Postman). Bug hunting from server\user side. Delivering product to production side. Application virtualization and packaging engineer Responsibilities - Creating MSI and App-V packages. Testing application package. QA Engineer - server part. Responsibilities - Test server side of the product, test plans, troubleshooting, documentation, production deliveries."
ad1fc7fd-f936-5f81-9485-e15cd44c4f30,Lead Product Management / Product lead/PO,Product Manager,design_ux,8.0,senior_6_10,fluent,5.0,agile;data analysis;product management;scrum;ui/ux,5,gaming,"Successfully developed framework and documentation pipeline for updating client part of one of the top social casino application Hi! I am a Lead Product Manager with 7+ years of experience in Product management. I have experience in leading product development from concept to launch, managing cross-functional teams, define product strategy. I possess a strong understanding of Agile methodologies, data-driven decision-making, and stakeholder management. I am skilled in User Experience (UX) design, product design, process improvement, data analysis, and digital marketing. In my free time, I enjo"
d1ec1c82-397a-5387-b75d-9b0c8b2ea480,Middle QA Engineer,QA,data_analytics,3.0,mid_3_6,fluent,5.0,cypress;javascript;project management;qa;selenium;sql,6,,"Education: • National Aviation University 2014 – 2018. Bachelors degree, Micro- and Nanoelectronics specialization. • National Aviation University 2018 – January 2020 | Master’s degree, Physical and biological systems specialization • SkillUp - ‘Basic Web and SQL for software testing’ certificate. • SkillUp - ‘Software testing’ certificate • IT Education Academy - ‘JavaScript start' certificate. • Education QA Marathon - Test automation | participant. • Visual regression testing with BackstopJS | codeburst. • End to End Testing with Cypress | Andy Van Slaars. • Visual Component Testing with Cy"
84e2cf51-b8be-5d41-928c-c411d18003fd,Android Developer,Android,mobile,4.0,mid_3_6,fluent,5.0,agile;android;data analysis;java,4,,"feeedd Expert in Java and Android SDK Experience with Multi-Threading and Memory Management specific to mobile devices Architectural solutions and principles (MVP, MVVM, Clean) Experience with RxJava, Dagger, Moxy, modern third party libraries and frameworks Experience with In-app billing, Social / analytics SDK integration, Google APIs integration Experience in unit testing and automated Ul testing An extra point if you have an interest in looking for elegant UI solutions Excellent working conditions Powerful hardware, best software/tools Great agile teams of talented developers Large interna"
69af16f2-0bbd-57dd-8339-ff823e832413,"Unity3D, Games Developer",Unity,frontend,3.0,mid_3_6,intermediate,3.0,.net;api;git;javascript;mongodb;sql,6,gaming,"Half year of game development with Unity game engine (C#, game mechanics programming, path-finding, procedural meshes and voxel terrain). Over 3 years in development of complex web apps with .NET technologies and JavaScript frameworks (C#, JavaScript, T-SQL, ASP.NET Web API, Knockout, AngularJS, etc.) Programming Languages: C#, JavaScript, T-SQL Game Engines: Unity 4.3+ Programming Technologies and Frameworks: Vuforia SDK, Entity Framework, Mongoose, ADO.NET, LINQ Web: ASP.NET MVC, Web API, KnockoutJS, DurandalJS, AngularJS, etc. Databases: MongoDB, MS SQL Version Control: Git, TFS, CVS Lookin"
0948c5aa-9b50-56fb-8bec-55afa470ee19,.NET developer,.NET,backend,3.0,mid_3_6,intermediate,3.0,.net;api;microservices;rest,4,,"Middle .NET backend developer 11.2020-present AIHelps Development of RESTful API on .net Core 5 for marketplace system • Development main product • Development side project Identity Server 4 and Admin Tool • Writing Unit Tests with xUnit, FluentAssertions, Moq Junior - Middle .NET developer 03.2019-11.2020 Smart Innovative Technologies Development and support for the desktop application designed for creating orders, reporting, staff, planning. • Development main financial product(Web API, Microservices) • Development UI with Polymer • Development side project Identity Server 3 and Admin Tool •"
bcb2e461-6885-50f5-aeec-514b26022938,"Product manager, Project manager, PM",Product Manager,product_project,1.0,junior_1_3,fluent,5.0,product management;project management,2,,"Experienced Project and Product Manager, proficient in successfully overseeing multiple projects and effectively collaborating with multinational teams to achieve company objectives. Possess 11 years of experience working in the Chinese market, including conducting negotiations in both Chinese and English. Known for a strong drive to enhance processes and optimise outcomes. Passionate about personal and professional development, with a keen interest in furthering expertise in the IT industry. New interesting challenges in Product/Project management."
2498e239-ad82-5f9e-aa0a-e7a0f5d7eec3,UI/UX Designer,Design,design_ux,2.0,junior_1_3,fluent,5.0,figma;ui/ux,2,,"Hi there! I'm Doyinsola, a passionate and experienced UX designer with a keen eye for creating delightful and intuitive digital experiences. With 2 years of industry experience, I've had the privilege of working with a diverse range of clients and projects, consistently delivering user-centered design solutions that drive business success. My skill set encompasses the entire UX design process, from crafting wireframes and prototypes to conducting usability testing and iterating based on feedback. I'm proficient in using industry-standard design tools such as Sketch, Adobe XD, and Figma, allowi"
5bc771e4-bc78-5a86-ba0c-ccfb48bf2a88,DevOps,DevOps,data_analytics,11.0,senior_10_plus,intermediate,3.0,api;aws;jenkins;linux;mysql;postgresql;redis,7,,"Moved project core network from manual to Ansible managed infrastructure. Built the ClickHouse cluster to improve statistics database performance. Implemented DDoS protection to cover project API. Migrated project to AWS using the Cloudformation stack. Solid knowledge of Linux OS (Debian, Ubuntu, CentOS) Networking and network security (NAT, DNS, Firewall, OpenVPN, WireGuard) Monitoring systems (Zabbix, Grafana) Web hosting (Godaddy, DigitalOcean, Vultr) Web services (Apache, Nginx, HAProxy) Databases (MySQL, Postgres, Redis, ClickHouse) Cloud hosting (AWS, OVH) Automation (Jenkins, Ansible, C"
8298c250-906b-5b8c-bbbd-5dcd76aa2244,Data Scientist,Data Science,machine_learning,1.0,junior_1_3,intermediate,3.0,django;numpy;pandas;python;scikit-learn;sql,6,,"Worked mentor on Python free intensive for Beginners. Knowledge numpy, pandas, matplotlib, sklearn( Train & Test models, Linear and Logistic Regression, SVC, DBSCAN, K-means etc), SQL. Also have basic knowledge of Django Worked Mentor on Python Intensive. Helped students with the developments of the basics of Python. Checked their hometasks. Also made some project in kaggle (Titanic, WestNileVirus). For predict use Logistic Regression, DBSCAN, SVC, K-means."
a2de08de-3267-53f9-a97f-067ee2bfee00,QA Engineer,QA,qa_testing,0.5,junior_0_1,intermediate,3.0,agile;qa;sql;ui/ux,4,,"- testing documentation development (Test Plan, Test Cases, Check-list, Test Suite, Bug-reports) - write easy-to-follow Bug Reports and monitor their resolution status - working with bug-tracking systems (JIRA, Mantis, Redmine, 16bugs) - black-box, ad-hoc, specification-based, exploratory, smoke, functional, regression, UI/UX, load, stress, installation, compatibility, cross-browser, cross-platform, usability testings Knowledge of: - software testing theory, processes and documentation - software development life cycle - bug life cycle - Waterfall and Agile methodologies - HTML, CSS, SQL (basi"
c7d10f74-b3fe-56f7-a054-c0dd3c01845b,Junior Python Developer,Python,backend,0.0,junior_0_1,fluent,5.0,aws;data analysis;docker;machine learning;python,5,,"Average numeric grade from math and programming 98.7. Gold medal for excellent academic achivement. Maximum score on final evaluation exam. Won a grant on Mathematical conference. Active and motivated Computer Science student with strong knowledge in math, algorithms, logic and excellent academic achievements. Have experience in developing product that is used by real customers. Studied programming for more than 5 years. Ready to work a lot to contribute to the industry. Participate in Kaggle competitions on machine learning, data analysis, and data science topics. Have experience in developin"
9f01a3d4-4eeb-5410-81e6-ecb054a845d0,Laravel Full Stack Developer,PHP,fullstack,6.0,senior_6_10,intermediate,3.0,laravel;php,2,,"Passionate and skilled Senior Full-Stack Developer with 6 years of relevant experience in designing, developing, and implementing software solutions. Proven track record of achieving extraordinary results in various projects. Meticulous attention to detail and a strong focus on accuracy. Thrives in both individual and team settings, leveraging effective communication and collaboration skills to drive project success."
e668a726-b765-518f-b10a-8938640267b5,Front-end developer,JavaScript,frontend,1.0,junior_1_3,intermediate,3.0,api;javascript;node.js;react;typescript,5,leadership,"My team and I took part in the 2018 International Robotics Olympiad. We created a garbage collector robot and took 3rd place in Ukraine.I was the team leader. Managed both the process of writing the script in C++ and the assembly of the robot. Worked in a team on a Phone catalog project. Implemented using React, Redux, Typescript, Node.js, Express, and Sequelize.I was team lead on this project Front-end Developer with Intermediate English proficiency and a strong educational background in Robotics. Experienced in creating robots based on Arduino microcontrollers. Proficient in front-end and ba"
e3001a85-ce54-5c85-8a79-496666761b2b,Flutter Developer,Flutter,mobile,4.0,mid_3_6,intermediate,3.0,android;api;data analysis;figma;flutter;ios;rest;sql,8,,"Work experience: March 2022 - August 2023, EVDS, Flutter developer, Tech lead 1) Description: Application for control and management of networks and devices (Flutter web) The Clean Architecture, Bloc, GetIt, REST API, Dio, AutoRoute, Retrofit, Flutter Animation, Json server (for fake APIs) Main features: Network exploration, system logs, network map (using Iframe) etc. 2) Description: B2B project (android, ios, web) The Clean Architecture, REST API, GetIt, Dio, GoRouter, Firebase Auth, App Distribution, Hosting Main features: Barcode Scanner, Search by name, id, category, subcategory One activ"
f42ae421-2f81-53ee-89c8-6aad59e1fdb4,Project Manager,Project Manager,devops_cloud,2.0,junior_1_3,fluent,5.0,aws;project management,2,,- Facilitate AWS Cloud Transformation in cooperation with DevOps engineers team - Adapt project management styles to fit the parameters of the DevOps pipeline - Continuous improvement of people and projects in the team - Empower the team to excellence and to become self directed - Work with client to improve the build automation processes & branching concepts
28ce2674-558a-5833-941d-f0c2de839d56,Front-end developer,JavaScript,frontend,0.5,junior_0_1,intermediate,3.0,ios;javascript,2,,"• CRM system setup from scratch (bpm’online) • Work with MikroTik (setting routes) • Dealing with Synology NAS-server • Handle Unifi-based Internet network • Administrating Fingerprint Access Control System (ZK Access), smart home system Lutron and Trassir security system • Office equipment support (MacOS, iOS, Windows) • Maintenance of Victoria Museum website (WordPress) and ETIQKate studio website (HTML, CSS) • Support approximetly 150 employees • Technical support and setup of the PCs, laptops, net-tops, NUC, print-server, setup of network printers, scanners. • Network equipment maintenance"
b89c677c-5b58-5601-a572-25df5da70c22,Technical support/lead/sales/bayer/project manager,Support,product_project,1.5,junior_1_3,fluent,5.0,blockchain;project management,2,leadership,"Hard working, Performed duty of team leader, Easygoing, Stress resistant, Communicative, Organized, Persuasive, Creativity, Helpful, Stress resistance IT Company • Close cooperation with Development, IT and operations team • Close relation to windows & PCs configurations • Providing trainings for new employees • Creating meetings for customer support with development team • Checking and reading graylog • Close collaboration with the biggest clients in our compony (more than 200 stores) •Excellent communication - written and oral skills •Flexibility and ability to juggle a range of different Mi"
d9fcd44d-e74c-5ac8-9eaf-71d8b0984f53,PHP Developer,PHP,backend,4.0,mid_3_6,intermediate,3.0,api;php,2,,"Responsible for the development of new services and products, design database I have made different projects, small like landing page with connecting by API to another system, CRM with many roles, API server and parse server. Worked in a product company I improved my soft skills. I have experience with reading strange code Don't interesting: projects on CMS like WP, Magento, etc"
3918fef3-2fcb-56e7-acc6-051b94330455,"Machine Learning Researcher, Machine Learning Engineering",Data Science,machine_learning,4.0,mid_3_6,fluent,5.0,machine learning;python,2,,"PhD degree, solved interdisciplinary problem from Quantum Engineering and Applied Maths. Developed pioneering algorithms on that. . 5 years of software development experience in a US-based technological corporation, focusing on scientific computing and numerical algorithms R&D. This includes literature survey, algorithms prototyping, hypotheses checks, as well as the development of unique numerical algorithms from scratch. Programming languages used: Wolfram Language and Python. Also have a PhD degree in Applied Maths/Physics. Looking for Machine Learning Engineer roles, my goal is to shift fr"
8caebb9a-238d-5dcd-88c6-772ed7960489,Manual QA Engineer,QA,qa_testing,1.5,junior_1_3,fluent,5.0,agile;api;figma;git;microservices;mysql;qa;rest;scrum;tableau;ui/ux,11,,"- Implementation of API-testingon the project. - Developing working flow for new parts of the product which had been succesfully released and used by customers. - Improving the process of creating technical tasks for developers and web-designers. - Successful sprint planning and task prioritization for fast delivery of a new functionality to a customer. - Conducting the beta-testing process (selection of the target group, creating feature usage metrics, monitoring users activity, analyzing the results). - Making the user tutorials to let the customers easily use the product and reduce the invo"
4e24a955-49e5-548d-a73c-713da2da1d98,UI/UX Designer,Design,mobile,2.0,junior_1_3,intermediate,3.0,android;data analysis;ios;ui/ux,4,part_time,"I have 2+ years of commercial experience in UI UX design; The responsive sites design from scratch; The iOS and Android applications design; Working with the Design System; Design Thinking Process approach; Conducting interviews, paper and digital wireframing, low- and high-fidelity prototyping, conducting usability studies; Improving user experience based on Google Analytics data and user feedback; I wanna work in a company with a design team. Prefer a part-time position"
c56aa567-7dba-5cff-8710-d76f4e1aa4a6,DevOps,DevOps,devops_cloud,1.0,junior_1_3,fluent,5.0,aws;terraform,2,,"Recently I have done my RHCSA and Terraform Associate exams. Soon I will get CKA. My next plan is to get RHCE and AWS certificates. Currently and it is already 5+ years as I am working as a head of IT department. 15+ years experience in IT field as network and system design. Currently I am back to real work not as a manager and trying myself as a DevOps. I am okay to start as a junior DevOps cause it is already 5+ years that I am not doing tasks myself, I am managing that tasks."
5a4c0018-73dc-577a-82b7-e805b8149390,Graphic Design Ninja,Design,design_ux,7.0,senior_6_10,fluent,5.0,figma;ui/ux,2,,"+7 years of visual communications experience +100 completed projects +20 countries coverage +3 international teams +Top Rated and Rising Talent freelancer at Upwork Web, UI/UX, Print, Branding, Adobe Photoshop, Adobe Illustrator, Adobe xD, Adobe After Effects, Sketch app, Principle app, CorelDraw, Invision Studio, Figma, Invision, Zeplin I'm looking for a company with a permanent team to be able to focus on the quality of the product and bring it to a new level."
f0517096-a51f-50a1-9758-7512d7bd14b9,Database Developer,SQL,fullstack,8.0,senior_6_10,intermediate,3.0,angular;qa;sql,3,,"1. Сreation from scratch and development of a database for a pharmaceutical corporation using MS SQL Server. 2. Creation of reports using SQL Server Reporting Services. 3. Data migration from Windows shared folders to the database using C#. 4. Data visualization with possibility to edit on internal website using Angular. 5. Creation of a sales forecast model. FULL STACK DEVELOPER ARTERIUM PHARMACY CORPORATION | MAY 2015 - PRESENT 1. Creating reports based on SQL procedures for Distribution, Strategy, HR divisions with subsequent testing. 2. Developing service that imports data from different s"
e44dc7c4-2c93-55b9-9d90-30121305f019,"Business Analyst, Product Owner",Business Analyst,data_analytics,7.0,senior_6_10,fluent,5.0,blockchain;product management;scrum,3,blockchain;gaming,"5 long lasting projects in Telecom, Insurance, Government, Logistics tender management domains; on teams of up to 12 ppl; plan driven and adaptive (scrum) driven project frameworks; discovering requirements during workshops and interview sessions; creating analysis artifacts in a form of process diagrams, activity diagrams, use-cases, user stories, jobs-to-be-done, acceptance criteria Given/When/Then, decision making tables, cross-system integration agreements, data modeling diagrams, data flow diagrams, to articulate requirements upon elicitation; tracking tasks in JIRA and managing a backlog"
1e1d77ca-4a93-5385-ba68-05e057790ca9,QA Team Lead \ Senior QA,QA,mobile,9.0,senior_6_10,intermediate,3.0,project management;qa;scrum,3,,"Scrum master (4 employees, 3 months); Implementation of Scrum methodology; Functional requirements preparation (development of application UI and functional requirements, 2 months); Project Management duties were performed (2 months); Worked on client side (USA); Test team management (3-5 employees); Organization and support of test process; Experienced in Scrum methodology; Experienced in manual testing of mobile\web applications; Organization and support of development processes; Work with distributed development team; Lectures/Public knowledge sharing;"
04dac846-6b54-580a-ba0a-84dcc51a4658,Розробник PHP,PHP,frontend,6.0,senior_6_10,intermediate,3.0,ci/cd;laravel;linux;php;typescript,5,,"- Tons of 'ground knowledge' such as OSI stack, operating system design which makes fast pickup new 'shiny' technologies. - 4 years Linux as main desktop OS - Contribute to OpenSource projects. - Ported PostmarketOS to Redmi 6A - Development of the web application for employee safety integrated with telephony (Back-end PHP, Laravel, Twilio, DevOps); - Development of the web store for hair products using (Back-end PHP, Laravel, Front-end custom typescript framework); - Big proponent of TDD and CI/CD (for shorter development cycles). - I definitely not a front-end developer. - Soft schedule are "
37375594-ab4e-58f8-bf56-59f24bed4844,Head of Customer Support / Support Team Lead,Support,data_analytics,8.0,senior_6_10,fluent,5.0,data analysis;qa,2,leadership,"Complex audit of the knowledge base and flows, processes, integrating new software depending on the company's needs Polishing an existing knowledge base for 8 departments of 100 people / creating a new one for a specific project with special requirements. Reviewing existing shortcuts/tags/automations in Zendesk, grouping them / creating new ones and adjusting the existing workflow when required in order to collect the analytics. Building / supervising a team up to 25 agents including representatives of different departments and units. Leading a team and becoming the best team of the company am"
36f18bdb-da61-5274-806e-4792827158c4,Data Scientist,Data Science,machine_learning,0.0,junior_0_1,intermediate,3.0,data analysis;machine learning;numpy;pandas;python,5,,"Created and analyzed datasets: Collected data on a topic of interest and used Python or R programming to clean, organize and analyze the data using the pandas and numpy libraries. Created data visualizations. Used matplotlib to create visualizations such as bar charts, line graphs, scatter plots, or heat maps that effectively communicate information from your dataset. Predictive modeling. Used statistical methods and machine learning algorithms to build predictive models using their data set and evaluate their accuracy using metrics such as root mean square or R-squared. Applied statistical te"
2c800b96-aff5-5d21-b76e-8a803ac0c47f,Full Stack Web Developer,JavaScript,fullstack,5.0,mid_3_6,fluent,5.0,angular;api;data analysis;elasticsearch;javascript;laravel;php;python;react;redis,10,,"Full stack web developer, COOLS Inc., Kyiv/NY (October 2018 – October 2020) Developing cools.com fashion aggregator and dealing with products API interaction (React/SSR, later migrated to Laravel framework). Developing and supporting cools.com editorial part (Wordpress). Supporting and developing single features for React/SSR part of the product. Later - full migration from React/SSR to Laravel framework. Front end (layout, core JS/jQuery), back end (Laravel, Laravel Nova, Eloquent ORM, building Elasticsearch queries, Redis caching). Full stack web developer, SKEIN Co., Kyiv July 2017 – Octobe"
dd8a5ae7-6cb5-5191-9d24-b6e79a1149b1,Software Engineer,Java,devops_cloud,4.0,mid_3_6,intermediate,3.0,api;aws;ci/cd;docker;gcp;git;java;kubernetes;redis;spring,10,,"I improved CI/CD process in my current project. It helps our team frequently deploy new changes to the test environment. In my last project I had worked middle software engineer we implemented Mortgage system for our country. We used Java EE, hibernate, java stream api and also apache tomcat in my last project. My current position is team lead and we use in project spring boot, mybatis, EFK stack, liquibase, JUnit5, Spring Security, Ehcache, Redis, Apache kafka, Docker, Kubernetes, Gitlab CI, Maven, Sonarqube for code review and Spinnaker for deployment. I I improve my DevOps skills and I also"
f9daf234-b3fb-52e1-9d4b-adbd6ea36b4d,Web Designer,Design,design_ux,0.0,junior_0_1,intermediate,3.0,figma;ui/ux,2,,"I was able to work on real commercial projects with real clients, and delivered all necessary artifacts within specified deadlines satisfying client's needs. Learned more in-depth Figma prototyping than it was introduced in the course. Always try to find more additional information by myself than we are given within the course. My Behance portfolio - tetiana2706moroz I started my education as a Designer at Projector Online Institute in September 2022 by enrolling in the UI / UX Design Professium course which consists of 4 modules (Web Design Beginning; Web Design Junior; UX Design Beginning; M"
e077aca0-7204-5486-ab89-4cff08ec7774,Senior .Net Developer,.NET,backend,6.0,senior_6_10,intermediate,3.0,.net;angular;qa;react,4,leadership,"I have strong analytical skills. I have an extremely low percentage of detected bugs, because focus on code quality. I have experience as Technical Lead. I have experience in managing people and mentoring. I have strong learning skills. I could learn new technologies in scope of work process. I have 6 years of commercial experience in development. And two of them as Technical Lead. I worked with highly loaded bank payment processing networks. I worked with complex business systems that required appropriate solutions. I worked with back-end 70-80% of time, but would like grown in front-end too."
615352d3-ff03-5c63-ae66-1894771e3ab6,"Project Manager, Product manager",Project Manager,product_project,2.0,junior_1_3,fluent,5.0,agile;product management;project management;qa;ui/ux,5,,"Key achievements: 1. Led website development and launch, driving up to 50% of total revenue through online sales. 2. Implemented Agile methodologies and task management system, improving productivity and project outcomes. 3. Optimized communication and increased work efficiency by integrating Slack and Google Calendar, conducting training sessions. 4. Successfully initiated and managed the creation of a brand blog about wellness. Dedicated and results-oriented Project Manager with a proven track record in project management, product development, and marketing. Responsibilities: 1. Collaborated"
4f351c6f-8b84-521b-833f-dc23511ad13c,Manual QA Engineer,QA,qa_testing,2.0,junior_1_3,intermediate,3.0,api;linux;qa,3,,"Developed test cases for testing new lottery algorithms. Developed test cases for testing the new interface of the ticketing application on terminals Project: Linux app, lottery ticket sales application on terminals Black box. Smoke, new feature, installation, regression, acceptance testing. Bug reports and Spec Clarification tickets creation/verification. Logs investigating. Analyzed software failures, made them reproducible, reported bugs. Participated in usability testing of the application. Test case creation/verification (TestLink). Project: Web app, games on site Cross-browser testing we"
fb76876e-69f4-5d60-92f7-43eaed65a9f3,Senior Product Manager / Game Producer,Product Manager,machine_learning,8.0,senior_6_10,fluent,5.0,blockchain;machine learning;product management;qa,4,leadership,"- Proven track record in a client-service environment (300M DAU), including exposure to clients and ability to lead project teams (ML-developers, UIX Designers, QA, Lens Studio department, 3D-Designers, VFX) - Multitasking work: 10+ simultaneous projects at the same time; - Current Product Areas: Voice ML, Speech Recognition, Text To Speech, Voice Navigation Command Direction, Real-time (Pre-Capture), Real-time transcription, Keyword Detection, Voice UI - Global launch of my own solutions on 300M DAU - UI localization on 36 languages with Real-time Transcription - Problem solving and approval "
3d472cf7-1e77-5039-a802-58c5245e7e6f,Front-end developer,JavaScript,fullstack,0.0,junior_0_1,intermediate,3.0,javascript;node.js;react,3,,"I have created many projects as an Architect for building construction and provided the support of construction until the end of the construction. I have passed IT courses as a Full Stack developer. So, I have a year of coding experience and few months of self development. During my studying I performed my tasks using HTML, CSS, SASS, JS, React and Node. I was also involved in team projects as a developer. I hope to find a cool job in a cool company."
b8f02797-feb8-5e56-85ea-ef8407719773,Front-End Developer,JavaScript,frontend,1.5,junior_1_3,fluent,5.0,.net;angular;javascript;sql;ui/ux,5,,"I have been working as a frontend developer for nearly 1.5 years, during which I have gained valuable experience in developing web projects. My primary skills lie in HTML, CSS, and JavaScript, and I am well-versed in utilizing the Angular framework to build dynamic and interactive web applications. I have successfully completed various projects using Angular Material, a UI component library, to enhance the user experience and create visually appealing interfaces. You can find examples of these projects in my portfolio, where I showcase my proficiency in creating responsive and intuitive web de"
785ca406-3fd7-58b4-8b4a-778f46a0388b,"Senior Product Owner, Product Manager",Product Manager,qa_testing,5.0,mid_3_6,fluent,5.0,agile;pandas;product management;python;qa;scrum;sql,7,,"- created team from scratch - doubled revenue - more than 100% increased organic traffic in a stable project Skilled Product Owner with 6+ years in a Product Management and 10 years in IT. Domains: Marketplaces B2C, C2C and SaaS Responsibilities: - Transform strategy into the product roadmap - Team management (18 developers, 2 PM's, QA, designer, analytic) - Process management (Sprint planning, workflow creation) - Gathering high level requirements from the C-level management and transform it to the roadmap - Prepare product requirements - Lead the development process using SCRUM/AGILE methodo"
430adaef-a156-5f6c-9b37-ee54b9605cc8,"Project Manager, Content Writer, Director, Head, Copyrighter",SEO,product_project,6.0,senior_6_10,fluent,5.0,blockchain;computer vision;project management,3,,"PMP by Google is probably the most recent and worth pointing one. Plus, my latest publication at DOU - details in my CV, as no links are not allowed here. Moreover, being good at teaching and coaching, I believe these are perhaps, more complicated than having to manage people or running businesses. Albeit, I have done a number of promising projects in my life to be proud of. Other than that, my academic and professional highs do also deserve some medals on my chest... giving me wings behind my shoulders ))) that is to say, I am a regular big fan of online education, using EdeX, and Coursera pl"
7aaec571-e72c-5c36-b29a-f47348c6516d,UX Designer,Design,design_ux,3.0,mid_3_6,intermediate,3.0,data analysis;ui/ux,2,research,"I have 3 years of experience in UX design and a strong set of soft skills. I've worked with many well-known Ukrainian brands and made them best websites in the niche. UX designer, 2018-present, Vintage Web Production - Comprehensively worked with 25+ brands • new website for bodo.ua (+ 50% of sales boost in the first quarter after launch) • new website for Guzema jewelry (Honorable mention on Awwwards) and etc. - Conducted qualitative (usability testing (+usability prototype testing), interview, customer experience) and quantitative research (surveys, questionnaires, card sorting) - Prepared r"
a1666452-f20b-5de2-a429-bf93642b938f,"sql developer, BI developer",SQL,data_analytics,7.0,senior_6_10,fluent,5.0,power bi;product management;sql,3,part_time,"Implemented several online PowerApps Solutions for business needs ( full scope: Conversation with the product owner, BR analysis, Data preparation, ETL automation, PowerApps and Power BI viіsualisation, testing). Introduced International Financial Standard 9 reporting package for Bank (more than 60 fully automated forms and templates in Sybase). 7 years as T-sql developer/BA in one of the top 3 Banks in Ukraine. Experienced in Sy-base central, MS-SQL in linkage with ms Office 365 Sharepoint. The current pos is BI/Report analyst in USA mortgage project. Looking for an interesting project. Part-"
304cbd6a-f726-569f-958b-6e5cd91a9da0,Middle QA engineer,QA,backend,4.0,mid_3_6,intermediate,3.0,api;graphql;java;javascript;mysql;php;qa,7,,"• Write and actualize test cases. Verify another’s test cases. Verify gherkin steps from automation. • Create test plan and testing projects from BRD, BD, API and front side (partially with white box testing/PHP). • Work with MySQL(Advanced) • Worked with Graphql API via altair • Working with postman to fully test api, including environments / variables / collection creation. • Create autotests in Postman(JavaScript) for regression testing API. • Creating autotests(Java+selenide+TestNG) for Front/BD/API • Create autotests(Java) for verify data in high loaded project based on a lot of csv files"
3390908f-2c23-5289-a1d7-e13112051e13,Senior iOS Developer,iOS,mobile,8.0,senior_6_10,fluent,5.0,android;git;ios;project management;rest;swift,6,,"Hello! I'm a seasoned Mobile Developer with 8 years of experience specializing in Swift, UIKit, and MVVM architecture. I have a robust background in designing, implementing, testing, and maintaining complex iOS and Android systems and applications. Skilled in various development methodologies such as SOLID principles and TDD, I pride myself on writing clean, modular, and maintainable code. My expertise spans across multiple paradigms and technologies, including but not limited to: -Swift and SwiftUI: Extensive experience in leveraging Swift to create dynamic, efficient, and robust iOS applicat"
2382fbac-4f5a-543e-b985-78c464b0dfcf,DevOps,DevOps,devops_cloud,3.0,mid_3_6,intermediate,3.0,kubernetes;terraform,2,,"Trainee Devops Engineer Nov 2019 - Apr 2020 Unicanova, Kharkiv - Support staging cluster - Setuping monitoring for existing clusters - Wrote terraform scripts for deploy,configure or managing simple servers Deployment Engineer May 2020 - Present Mirantis, Kharkiv - Development and improvement of the template deployment approach to deliver fast, reliable and repeatable clouds - Worked on Analysis, Requirements gathering, Deployment, Testing, Verification and Validation till handing over the live environment to the support. - Debug and troubleshoot Openstack at scale (>250 compute nodes) - Upgra"
b1f87f5c-eb39-5275-8d2e-f710212414d9,Business Analyst,Business Analyst,machine_learning,10.0,senior_10_plus,fluent,5.0,data analysis;machine learning;product management;project management,4,leadership,"- Lead Business Analyst (BI, eCommerce, Automotive) - SAFe PO/PM Certified - Head of BA CoE - BA Competency Lead 10+ years in IT as a BA and Product manager. - Business Analysis (expert), - Product Ownership (skilled), - Product Management (practical knowledge), - Project management (practical knowledge) - Data-Driven Marketing (practical knowledge), - Data Analysis / Data Science / ML (basic knowledge). Business Analyst, Product Owner, Product Manager, Head of BA Office or CoE, Competency Lead"
a1d56e08-99f9-58bb-876b-01a1c32ac91c,Senior Software Engineer,JavaScript,frontend,6.0,senior_6_10,intermediate,3.0,ci/cd;docker;git;javascript;kubernetes;react;vue,7,,"- Microfrontends with CI/CD - All services in stable production - No blocker and critical production incidents React (w/ Redux & Sagas) VueJS Jest + puppeteer Microfrontends Docker (w/ K8s) GitLab Stable product with professional teammates, challenging tasks and bleeding-edge architecture decisions Not out-staff or out-source vacancies, only product companies"
f3362875-330a-5151-8b8c-7ea50bcfa234,Java Developer,Java,backend,1.5,junior_1_3,intermediate,3.0,api;git;java;mysql;spring;sql,6,,"Java Pre-Production course at Bionic University. During this course, I got acquainted with the JPA, Maven, Spring, JSP and used them to make the training project. Now I'm involved in a project for European customer at Bionic University. • Java Core, SE • Frameworks: Spring (Core, MVC) • Persistence: Java Persistence API • SQL • DB: MySQL, Derby • Servlet container: Tomcat • Project build: Maven, Ant • IDE: Intellij IDEA, Eclipse • Version control: Git"
5f90f75c-d60b-567b-9799-a8c99f886d28,QA Engineer,QA,qa_testing,1.0,junior_1_3,fluent,5.0,agile;qa,2,,Experience of working as a tester or in a similar position. Ability to manage projects. Comprehensive knowledge of quality assurance methodologies. Knowledge of Agile frameworks. Excellent communication skills.
f22516a4-18a0-527c-8f7d-31699ea45ba1,Junior Business Analyst,Business Analyst,data_analytics,1.5,junior_1_3,fluent,5.0,figma;sql,2,leadership,"Successfully investigated and resolved an issue with temperature control that persisted for more than 20 years and lead to losing customers' money. I have over 1 year of experience as a Business analyst in an IT outsource company. My responsibilities: Interviewing stakeholders Participation in planning sessions Drafting requirements Investigating system behavior issues Skills: User stories UML Diagrams (Data model, Workflow) BPMN Jira/Confluence SQL (Select) Figma (I can create a wireframe) Domains: Logistics, Human Resources. I want to practice my skills such as user story drafting and proces"
ca5b9a91-bfcb-5920-b8c4-51cda4ea415e,"Markup developer, HTML/CSS developer with UX/UI skills (not a JS developer)",JavaScript,design_ux,3.0,mid_3_6,intermediate,3.0,javascript;ui/ux,2,,"I have three years of experience as an HTML markup developer (HTML, CSS, JS). Also, I'm so in love with UI/UX design! I wanna be with the coolest and creative people! I want to learn from them and be a part of the crew. And of course decent wages."
9d353dea-914c-5685-bc15-8cd7b2e630fd,Senior / Lead Automation QA Engineer,QA Automation,mobile,11.0,senior_10_plus,fluent,5.0,agile;api;qa,3,leadership,"• Developed and implemented an automated testing framework from scratch for UI\API\Mobile\Loads • Achieved high test coverage and reduced regression defects which lead to shorter releases • Mentored and trained junior team members • Implemented effective defect tracking and reporting mechanisms(TestRail, Zephyr, Jira integrations) • Proactively identified and resolved bottlenecks - worked closely with devs and sre teams to hotfix ""bad things"". • Automated several projects from scratch. • Automating UI\API\Mobile scenarios. • Code reviews • Taking part in Agile process(planning, grooming, demo)"
416de7e5-11f8-5ed0-b2b8-a8123f1c1fd1,Full Stack Java developer | Node.js | Angular,Java,fullstack,2.5,junior_1_3,intermediate,3.0,angular;elasticsearch;git;java;javascript;jenkins;linux;mongodb;mysql;node.js;postgresql;spring,12,part_time;remote,"On Angular first version implemented custom smart table with pagination, communicated with BE. Increased maximum amount of users that can acess dashboard based on elasticSearch(optimizing elastic Search) Java (4 years), Spring(4 years), Hibernate(4 years), JDBC(4 years), JavaScript(4 years), node.js(1 year), express.js(1 year), sails.js(1 year), angular.js(1 year), HTML(4 years), CSS(4 years), Mysql, Postgresql, Oracle, mongoDB, seqilize, mongoose, passport, Linux, Windows, Mac OS, Eclipse, Intelij Idea, Tomcat, Jboss, Jenkins, heroku, git I'm looking for interesting and practical projects usi"
cdfc45de-fe4e-5270-9ba6-15beeb6bda59,DevOps Engineer,DevOps,devops_cloud,2.0,junior_1_3,intermediate,3.0,ci/cd;git;jenkins;kubernetes;linux;python;ruby;swift;terraform,9,,"My experience as Service Operations Engineer for global hosting company: - Administration and support of *aaS products, including Firewall, Load Balancer, Cloud Servers and Storage - Hands-on experience with CI/CD tools such as Gitlab, Chef, Ansible, Terraform, Jenkins - Configuring and operating OpenStack infrastructure, including Nova, Glance, Cinder, Swift, Keystone, and Horizon. I have also passed certification for COA (Certified OpenStack Administrator). - Experience with load balancing using nginx+ and haproxy - Experience with firewalls including vyOS and vSRX - Knowledge of logs and mo"
9a8265e6-83e1-5db8-a7ad-8ca18fe5c497,Senior Project Manager / Program Manager / Delivery Manager,Project Manager,product_project,11.0,senior_10_plus,fluent,5.0,agile;project management;scrum,3,,"Successfully managed project teams of up to 100 people; assured account growth through successful new business initiatives; established and run effective Agile project environment; delivered high value to clients, cultivating long-­term, trusted relationships. Initiated creation and is driving Delivery Management Community of Practice. Teacher of Scrum Fundamentals at ""Kyiv-Mohyla Academy"" 5 years of delivering high results in IT as project/program manager, 10+ years of total experience as a manager. • SDLC process maintenance and support • Running org of 5+ projects, up to 100 people • Projec"
66067664-f72a-5f9a-a288-a9ead14a7573,"UI/UX Designer, Web Designer, Graphic Designer",Design,design_ux,3.0,mid_3_6,fluent,5.0,figma;ui/ux,2,,"My daily responsibilities usually are: redesign of the current user interface, designing new pages and sections from scratch, creating and updating the design system, researches, user experience improvement and other tasks; creating banners, sliders, gif animations, e-mails, presentation and other promo design. I mostly work with Figma, Adobe Photoshop and Illustrator, however I am always excited to learn new soft. I usually research new trends and updates, read the professional literature and follow the experts in the field of design and related topics."
ac2918af-0a5a-5797-ab4d-e3ee5b89d7d8,Fullstack JavaScript developer,Node.js,fullstack,4.0,mid_3_6,intermediate,3.0,javascript;linux;node.js;react;typescript,5,,"JavaScript, TypeScript, React, Node.js, HTML5/CSS3/LESS I have more than two years Node.JS and React experience and more than four years overall. I would prefer to work mostly with open source technologies, Linux/Unix rather than Windows and minimal legacy level. My prioritized stack is TypeScript, Node.JS, React."
143f63f1-01c3-5862-b201-e579e6b6a9dd,Mid-Level Golang Developer,Golang,backend,6.0,senior_6_10,fluent,5.0,aws;gcp;go;javascript;mongodb;mysql;php;postgresql;react;redis;typescript,11,,"- Led a team of 3 to build a product MVP within short deadline. - Architect various system, code review, maintaining and deploying to production. Throughout my career, I have been involved in a wide range of projects, undertaking diverse tasks and accumulating valuable experience. My expertise lies primarily in backend development, with a strong knowledge of Golang and PHP. I have successfully executed projects that demanded handling data-intensive operations, ensuring optimal performance. Additionally, I possess extensive knowledge of popular databases like MySQL, PostgreSQL, and MongoDB. In "
39cb26ff-402d-50c1-b8ec-8375de11e6d5,Team Lead,Python,devops_cloud,6.0,senior_6_10,fluent,5.0,api;aws;blockchain;data analysis;fastapi;javascript;linux;microservices;mongodb;numpy;pandas;postgresql;python;redis;selenium,15,,"# High-load logistics software on AWS Working with set of microservices leveraging multiple AWS services for a logistics company. Using EC2, Lambda, DynamoDB, RDS, SQS, SNS to track packaging, delivery notifications and provide a B2B API for integrations. Covering code with unit, integration and e2e tests. Stack: Python, AWS, Postgres. Team size: 20+ Position: Lead Developer # Cybersecurity Automation Developing application for automated penetration and security testing from scratch. Microservice architecture, integration with Kali Linux. Stack: Python, FastAPI, RabbitMQ, MongoDB, Postgres, Re"
3af00ddb-2e4d-5398-bed4-f817b6ab6178,QA Automation Engineer (java),QA Automation,mobile,2.0,junior_1_3,intermediate,3.0,agile;api;git;java;qa;rest;selenium;spring;sql,9,,"Test Automation Engineer Project description: Supporting Unit Inventory department with project delivery needs Key Responsibilities: • Test cases/extended checklist writing • Test cases automation • Maintenance and update of the QA framework • Implementation of new scenarios for functional testing of Web and API; • Reporting bugs in Jira; Technologies and tools: Java 11, Jira, Cucumber , Git, SQL, DynamoDb, Report Portal, Intelligi IDEA, Postman, JUnit, AssertJ, Lombok, BDD, Maven, Gradle, Splunk, SonarQube, GitLab CI-CD, Spring, Kafka Junior Test Automation Engineer Project description: Suppo"
7e6e4aa2-bc30-530a-9ae7-e089cb1df5c4,Operations/Delivery Manager,Project Manager,product_project,6.0,senior_6_10,fluent,5.0,agile;project management;scrum,3,,"- Proven track record of completed software development and implementation projects (up to 25 FTE, annual revenue of 2+ mln USD); - Up to 8 projects were managed simultaneously; - Implemented and optimized delivery processes incl. workflow automation; - Delivered several consulting projects (management structure, Agile transformation, product marketing strategy); - Developed and implemented HR and software delivery strategies. Operations Management, Project Management, Business Analysis, Product Requirements Management, Software Delivery Management, Resoucing, Team Startup, Distributed Team Ma"
87a96c21-f827-561b-8c5a-5a780f32a727,Senior Data Analyst,Data Analyst,data_analytics,4.0,mid_3_6,fluent,5.0,sql;tableau,2,,"By solving problems in projects I get more stronger and discover my mysterious ability. I am Senior data analyst and reporting specialist for 4 year I have experience in Finance ,FMCG, ERP,IT sectors, Obligations: Preparation of automatic reports with BI-products (Tableau) and control of daily renewals so that branches can continue their activities Defining and interpreting complex/nested SQL queries and analytically checking the accuracy of inter-organizational data transfer. Establishing KPIs to measure the effectiveness of services and decisions, as well as clearly communicating the finding"
cbe7c3c2-4475-55f6-a47b-747b9db2209f,Software Test Automation Team Leader / Test Manager,QA Automation,qa_testing,7.0,senior_6_10,intermediate,3.0,api;git;java;jenkins;linux;mysql;qa;rest;scrum;selenium;sql,11,,"Certifications: • ISTQB® Certified Tester, Foundation Level • ICAgile Certified Professional ISTQB Certified Test Automation Engineer with experience in Test Automation, Quality Assurance, Quality Control, and Industrial Embedded Systems testing. ICAgile Certified Professional with experience in the Scrum Master role. [Technical skills] - Programming Languages: Java - UI Test Automation: Selenium WebDriver, Selenide - API Test Automation: Retrofit, Rest Assured - API Testing Tools: Postman, Newman - Load Testing: JMeter - CI: Jenkins, TeamCity, VSTS - VCS: Git, SVN, TFS - Test Runners: TestNG,"
7e77e8e1-0cc1-5e35-a8a4-6ead17d6713c,Front-end developer (React),JavaScript,frontend,2.0,junior_1_3,intermediate,3.0,git;javascript;node.js;react;sql,5,,"React/Redux, Redux Toolkit, Material UI, JS, HTML, CSS,SASS, Gulp, HTML, jQuery, Bootstrap, JSON, SQL, MSSQL, Git, Node.js Passed the Front-end course at CyberBionic Systematics in 2017 2018 year. Worked as a web developer at HUSH HUSH remotely. Since 2019, I have been working in the IT department at Kievgaz. I support internal CRM. Support for corporate websites. Monitoring and configuring database backup schedules (SQL Server, MSSQL). Development of application registration forms for gas consumers (I can provide links to the forms). Transferred the site and databases from one server to anoth"
ef4daac1-0f8d-5f76-855f-f12c60600db4,Machine Learning Engineer,Data Science,machine_learning,6.0,senior_6_10,fluent,5.0,computer vision;machine learning;nlp,3,,"I once trained a bespoke computer vision model for reproductive cell assessments on less than 800 images which beat Google's Vision AutoML and a group of medical imaging PhDs. More recently, I solved a document tagging problem using a BERT-based model for NER and covered four business use cases in one go. Also used synthetic data generation and the model mentioned above to grow a multilingual dataset. Worked on NLP, CV, and time series projects. Led and mentored a team of 3 junior engineers. Among other things was also an MLOps, incrementally building and managing our ML infrastructure."
ed7b2030-b75d-57b5-94d8-221b293aeb21,Full Stack Web Developer,Node.js,fullstack,2.5,junior_1_3,fluent,5.0,angular;aws;javascript;node.js;php;sql;typescript,7,,"Hi, I am a full stack developer with more than 2,5 years of experience. I have worked with JS/TS frameworks such as Node.js(Express) and Angular, PHP framework called Zend(Laminas), both SQL and NoSQL databases, AWS services and many more. I am a fast learner and always ready to dedicate my time to learn something new."
bee6d90e-83c4-5868-8251-55eae2643b07,"CTO, VP of Engineering, Solution Arhitect, Cloud Architect",Lead,devops_cloud,11.0,senior_10_plus,fluent,5.0,aws;azure;data analysis;java,4,,"- performed integration project that helped the company to land the next round of investments - Significant cloud cost reduction for several companies - Game-changing performance improvement in web services of a major pension fund in the UK. - Dealing with 'difficult' projects, providing developers with support 20+ years in development/architecture 10+ years in Java development 10 years of experience in English speaking country, including Integration Architect, Application Architect roles. - Cloud solutions architecture ( AWS, Azure, Oracle Cloud) - Integrations - DevOps - Data - Prototype bui"
851663ee-d1df-5399-ba7a-a58025478162,Front End Developer,JavaScript,frontend,5.0,mid_3_6,fluent,5.0,android;angular;git;ios;javascript;mongodb;node.js;react;typescript,9,leadership,"a) Vasrefil — Bill Payment Application — April 2020. - Contributed to the development of the web interface, which I did the User Interface slicing of the web admin dashboard and functionality. - I implement payment integration by making use Kuda SME payments The App is for bill payment, mobile airtime and data purchase. It can be downloaded on playstore and ios store - Web Stack: Javascript, HTML, CSS, Bootstrap, Angular, React,Git. - Mobile Stack: Flexbox, Javascript, React-Native, Kuda Payment Module,Git. b) SME Online Admin Dashboard: Is a fintech application which is been use to manage act"
1bba689b-d218-533e-a0c5-2501b7b595a9,Middle PHP Developer,PHP,backend,5.0,mid_3_6,intermediate,3.0,api;data analysis;microservices;php;sql,5,,"At the moment, I work for a company dealing with ticket systems for a wide range of events. I managed to work with all the numerous projects of the company and write several from scratch. Was engaged in the development from scratch of sales analytics system for the ticket systems and partner sites. Automation of processes related to partner payment systems, integration of new ones. Refactoring legacy partner ticketing systems integrations and making new ones. Optimized the work of the company's selling sites, API, and other services (SQL query optimization, caching, bottle necks), dockerizatio"
b0811ab5-13c8-5173-b8d0-eff393f11bb4,Technical Writer,Technical Writing,machine_learning,9.0,senior_6_10,fluent,5.0,figma;qa,2,research,"- Fluent English. - Economics and Arts Master's Degree - 7 years of academic work! - Research supervising. - Teaching - years of practice, creating educational materials live. - Own artistic website with writings, photos, drawings, sound - 2002. - Shutterstock portfolio since 2012 - a thousands of media. - Eco-minded marketing project on recycling approach - idea, realization - logo, style, website design, promotion materials, exhibition, presentations, workshops - 2009. Education Designer. ChatGPT, MidjJourney - enthusiast! AI prompt engineering. SEO-optimization. Confluence, Adobe Illustrato"
17fd82b4-b20b-5936-9e71-f0e328150ad0,"Junior Project Manager, Cinema Art Director, junior HR",Project Manager,product_project,0.5,junior_0_1,fluent,5.0,agile;project management,2,leadership,"Worked on multiple international movies: - PLAN A ( Germany, Israel) WWII drama starring August Diel and Sylvia Hocs; In charge of Ukrainian part - building destroyed streets of Nurnberg 1945. - Check Out ( Israel) starring Josh Peis. Reconstruction of Turkey in the 90s, shoot in Ukraine. - Victory ( Israel) historical musical. Reconstruction Tel-Aviv in the 60s, with various of musical stages. - Arugam Bay (Israel) shot on Srilanka. Managing international art department team. Was participant of Female Leader Summit organized by European Leadership Debate Academy for Eastern Europe countries. "
95851a70-1d11-5f1b-b12e-c521a2a1b52d,Business Analyst \ Functional Analyst \ Project Manager,Business Analyst,data_analytics,11.0,senior_10_plus,intermediate,3.0,agile;project management,2,,"2 successful Oracle Hyperion Planning implementations in 2 Ukrainian Banks (TOP 10) Business Analysis, Project Management, Agile, Redmine, Jira, OHP, MDX More than 8 years of experience in business analysis and business administration of IT systems and services in 2 largest International Banks. Main responsibilities: - Business analysis and administration of budgeting process and financial reporting - Technical documentation preparation (business\functional requirements, user guides) - Oracle Hyperion implementation Project ( as a business and technical specialist) - Test cases, testing, bug t"
072e86ab-7f64-5387-a0d3-8cd444fde9b3,Manual QA Engineer,QA,mobile,1.0,junior_1_3,intermediate,3.0,qa;scrum;ui/ux,3,remote,"2022-2022, TwimTeam (Manual QA Engineer) : - Creating permission table and Requirements Traceability Matrix - Developing test cases using test design techniques - Executing test cases in TestRail - Reporting bugs into Jira - Taking part in Sprint Planning meeting, Daily Scrum meetings, Sprint Retrospective - Creating test report 2020-2022, remote, ITRDev (UX designer) - Designing interfaces for websites and mobile applications; - Creation of scenarios for effective user interaction with the interface; - Create wireframe/prototype and UI elements of the product; - Active communication with the "
d2a22e6b-4d36-5594-a053-51e63013f882,Project Manager,Project Manager,qa_testing,1.0,junior_1_3,intermediate,3.0,agile;data analysis;project management;qa,4,,"5 successful web projects released on time over the past six months (landing pages, corporate websites and online store). Сlients still use promotion and support services of the company. I've got experience in managing teams composed of developers, testers and designers; managing all phases of project lifecycle to ensure they remain within the agreed scope, schedule, cost and quality (3-5 projects at the same time); writing technical assignments, creating website prototypes (Axure, Photoshop); planning, prioritizing & tracking tusks; preparing project status reports etc. Soft: JIRA, Planfix, W"
cf335ad6-f78e-522c-ac92-1ebbd2563c6c,UI/UX Designer,Design,design_ux,1.0,junior_1_3,intermediate,3.0,figma;ui/ux,2,,"I like to constantly learn something new in the world of design, so in recent years I have taken courses in basic design, UI / UX design, as well as many webinars and video tutorials. I'm also very happy to have helped my clients turn ideas into reality and create websites that really fulfill the goals set on a daily basis (connecting the client to the business). Hi! I enjoy creating friendly, clean design and helping businesses represent themselves (their services) online. Also doing implementation and logic for the most daring and unusual projects! I have experience working in a team with de"
6a9bc8c0-118d-5517-8d65-85ec265b1b22,UI/UX Designer,Design,design_ux,10.0,senior_10_plus,intermediate,3.0,agile;scrum;ui/ux,3,,"10+ years of professional experience in IT industry and commercial software development. Involved in 100+ projects, designed several large platforms from scratch. Strong expertise in UI/UX, as well as visual and interaction design, markup and prototyping. Experienced user of almost all Adobe products from Macromedia. Solid understanding of Agile methodologies, practical usage of SCRUM. Client oriented team and competence manager."
56b60a73-fe4e-527c-9e88-ffdb310263f1,Junior QA Engineer,QA,qa_testing,0.0,junior_0_1,intermediate,3.0,git;javascript;qa,3,,"In addition to fundamental knowledge of testing, I know JavaScript at a basic level and have several small pet projects on github. Before IT, I had experience as a content manager in an online store. I have no commercial experience in IT, but I learned a lot of fundamental knowledge about QA and testing during the courses. I am ready to absorb new knowledge. I would like to get the first work experience and achieve great success in the field of QA."
b47e5a01-16c2-596d-953b-5f7023b96b55,Full Stack Web Developer,JavaScript,fullstack,2.0,junior_1_3,fluent,5.0,api;javascript;node.js;react,4,,"I'm excited to introduce myself as a Full Stack Developer with hands-on experience in Node.js and React.js. My journey in the realm of software development has been fueled by a passion for creating impactful solutions, and I'm eager to bring my expertise to your team. At codeventure, a software as a service provider, I had the privilege of contributing to the development of an accounting application. My role as a Full Stack Developer allowed me to effectively bridge the gap between frontend and backend, utilizing my proficiency in both Node.js and React.js. This experience equipped me with the"
1703b1ad-b545-5ccd-9a6b-b45db3e9aa6e,Front-end developer,JavaScript,frontend,4.0,mid_3_6,intermediate,3.0,api;javascript;react,3,,"I like to do web development, as well as develop new projects in a team. I plan to develop in this industry and improve my skills. Developed: 1) Weather, Used: React.js, API, CSS. 2) Figting, Team project, Used: HTML, CSS, JavaScript. 3) GoIT landing, Team project, Used: HTML, CSS. Want to get into a positive team of like-minded people and develop cool projects for which we will increase our rating and will work on the result. Find for myself the place in which I could be implemented, and get experience from more seniors guys."
e9132a0a-6401-5bfb-bfc9-55cf485e2a78,"Project Manager, Program/Portfolio Manager",Project Manager,product_project,11.0,senior_10_plus,fluent,5.0,project management;scrum,2,,"- Designed and launched digital transformation (launched new websites with self-service services, modernized Contact centers, developed chat-bots); CSAT grew by 6-10% (70-90%), Waiting time decreased by 5-20%; 70% of Service and quality control processes automated - Designed and developed centralized customer cervice control software for Contact and Service centers - Successfully run complex multiple Programs of business and IT projects; automated CRM, ERP, HRM processes in various companies - Designed and implemented Loan Conveyer. Loan portfolio increased by 3-5 times for different companies"
f603ba80-d394-59d9-9769-4398f4b46652,Junior QA Engineer,QA,mobile,0.5,junior_0_1,intermediate,3.0,agile;android;api;javascript;qa;scrum,6,,"Passionate about high-quality products and happy customers. Attentive to details and dedicated to delivering max value at the end of everything I do. Fast learner. QA Trainee, Playtech University - Web testing for several clients - mobile testing with the crowdtesting community for BetaFamily and TestIO - documented and reported bugs using these tools: Jira and TestRail - practiced in creating test documentation (test strategy, test plan, test cases, checklists) - knowledge of STLC & SDLC processes and understanding of Agile frameworks (Scrum, Kanban) - experience in HTML, CSS, JS, API (Postma"
9a7896c8-9313-53bd-8730-f53b3d937378,Junior QA Engineer,QA,data_analytics,0.5,junior_0_1,intermediate,3.0,api;python;qa;rest;sql,5,,"Skills - Maintaining test documentation (test cases, checklists, bug reports) - HTML (Basic) - Knowledge of DevTools (Basic) - Jira - Visual Studio Code - REST / API (Postman) - SQL (Basic) - Python (Basic) Soft Skills - Stress resistance - Diligence - High responsibility - Initiative - Company - Freelance Upwork 6 months (made several orders) - 10 years of experience in the printing industry in a managerial position led people responsible for product quality"
1afbb268-0f47-5261-970e-f0449ed759c0,Data scientist,Python,machine_learning,3.0,mid_3_6,fluent,5.0,machine learning;mongodb;python;sql,4,,"• Machine learning algorithms: Logistic Regression, XGBoost, Neural Nets, SVM etc. • Regression and correlation analysis, parametric and non-parametric hypothesis tests (t-test, ANOVA, Tukey, Chi-square, Kruskal-Wallis, Wilcoxon tests etc). • R, Python, SQL, HiveQL, PySpark, Cypher. • Relational databases, MongoDB, neo4j, Spark, Hive. • Cleaning, munging, combining, normalizing, reshaping, slicing and transforming data for analysis. • Experience in controlling, marketing, logistics and sales departments / brick-and-mortar re-tailer and internet project. • Communication with different users: fr"
a8012249-7d0b-503a-a9ba-3cb7a7c1ff75,Junior Android Developer,Android,backend,0.5,junior_0_1,intermediate,3.0,android;api;git;java;javascript;mysql;php;rest,8,,"I created 3 great applications and now I'm working on new ones. I spend a lot of time to write code, I can quickly find and fix bugs, ready to solve complex problems and work on large projects. My page in Google Play: https://play.google.com/store/apps/developer?id=Dmytro+Palamarchuck Java Core, Android SDK, Eclipse, XML, SQLite, MySql, JSOUP, JSON, REST, JUnit, Git, PHP, HTML, CSS, JavaScript, Android API, Dropbox API, work with third-party libraries Friendly team and coffee)"
9273f8eb-9178-5268-b121-3126056edd00,Senior DevOps engineer,DevOps,devops_cloud,5.0,mid_3_6,intermediate,3.0,aws;azure;ci/cd;gcp;jenkins;kubernetes;python;terraform,8,,"Terraform code, and one click deployment. Openshift, GCP, Jenkins, CI/CD Senior DevOps Engineer/Systems Engineer in SoftServe, Kharkiv, Ukraine, 2021-01 - present days Developed CircleCi pipelines, Spinnaker pipelines, Bash scripts, deployment files for kubernetes. Kubernetes deployment templates. Maintained, support and optimized GKE. Worked with AWS EC2 instances, loadbalancers. Worked collaboratively in team environment Resolved all issues professionally DevOps Engineer/Systems Engineer in EPAM Systems, Kharkiv, Ukraine, 2019-04 - 2020-12 Developed jenkins pipelines, dockerfiles, bash scrip"
186e9aa4-d99f-5a4c-888d-217719f2c751,Project Manager,Project Manager,data_analytics,10.0,senior_10_plus,fluent,5.0,data analysis;figma;git;php;power bi;project management;scrum,7,,"• Technical Project manager with over 10 years in IT software development • Full Projects Lifecycles • Work experience with international teams, in product companies, and in outsourcing • Work experience with Scrum, Kanban, XP, SAFE, Waterfall • Managing teams of developers, testers, DBAs, sysadmins, and support, including technical management • Resource management • Budgeting and risk management • Tools: Notion, Figma, Trello, Axure, Miro, Google Analytics, Photoshop, Illustrator, Jira/Confluence, O365, MS Project, Visual Studio Code, Power BI • Domains: Web Dev., Mobile Dev., Fintech, E-comm"
c65e1572-fe0e-5e15-8e5a-708a21031639,Mobile Developer/Digital Marketer/Project Manager,Android,mobile,3.0,mid_3_6,fluent,5.0,android;flutter;java;kotlin;project management,5,,"1. Google Suite Deployment — Google For Education Program Managed the process of deploying Gsuite for Education for Schools, from the collection of data to creation of domain for schools and then the final deployment stage where we create customized emails for the school staff and students. 2. Enterprise Resource Planning Deployment — Google For Education Program Managed the process of deploying and training clients on how to use ERP to enhance their business reporting, better access to customer information, business Process Improvements, Supply Chain Management etc. 3. Deployed over 3 apps on"
385f5343-60d1-51d9-b7c5-d3108e6e5601,Product Manager / project manager,Project Manager,machine_learning,7.0,senior_6_10,intermediate,3.0,agile;blockchain;product management;project management;qa;scrum,6,blockchain;gaming,"Entering to the top 3 world market mining leaders for 12 months; Participation in the creation of the Anti-Scam tool; Creation of Statum exchange; Must have - Blockchain, AI, Fintech, Gaming and other interesting software development offers. Professional experience: - 2 years in BA - 4 years in the blockchain (bitcoin) field - 6 years in project management - 6 years in software development • Leading of product • Leading the team of 12-15 people • Organization of work by Jira via Scrum, monitoring of tickets • Collecting the data for business analysis • Organize project requirements; ensure act"
a1aeb780-ae9b-5e20-8563-6ef1b374cc2f,Senior Test Automation Engineer,QA Automation,devops_cloud,9.0,senior_6_10,intermediate,3.0,aws;docker;java;javascript;jenkins;kubernetes;microservices;mongodb;mysql;node.js;qa;rest;selenium,13,,I have been working as a Test Automation Engineer since 2012. Huge experience in test automation and related tasks within complicated projects. Participation as a QA Automation Engineer in development of the high-loaded media portal that was created using microservices architecture. Process of automated testing was organized from scratch. Support more than 10 test projects at the same time on the cloud using the customized test framework. RESPONSIBILITIES: • Product and requirements analysis • Test cases writing • Test framework creation • Test environment setup on clouds • CI server setup/con
a7dda1e2-4f3c-568f-8266-18b35939b998,Junior JavaScript developer,JavaScript,frontend,0.0,junior_0_1,intermediate,3.0,figma;javascript;react,3,,"Experience in project environment, direct communication with the customer. Looking for a JS Developer position. April 2021 - Now Junior Software Developer at Infopulse Implementation of changes based on customer requests, clarification of requirements - Technologies: JavaScript / CSS / HTML, Web components on LitElement - Tools: WebStorm, Bitbucket, Figma, Jira My education: React + Redux- 2021 Lectrum, Kyiv; Front End - 2020 DAN.IT Education, Kyiv; A junior-friendly environment. Ready for challenges."
3af2b3dd-a718-5aad-857b-1df0cd2b3019,"Full Stack Developer (Python, Django, React)",Python,fullstack,2.5,junior_1_3,fluent,5.0,django;javascript;python;react,4,,"Worked on the Germany-located startap for recruitment and job searching Worked with world popular dashboard for ADs integrations mint.ai Nice to meet you! I am an experienced Full Stack developer in CMS and CRM web applications. I use Django & React.js as my main stack, but I'm open to use a different one. I have been involved in the development of several projects, including: CRM system for my University A social network for recruitment and freelancers CRM for multiple ADS services integrations CMS for managing the budget of events Web game Dots and remake CardsAgainstHumanity Looking forward"
9940c577-d5e5-5a5a-8b98-f8c17189749e,UI/UX Designer,Design,design_ux,1.0,junior_1_3,intermediate,3.0,figma;ui/ux,2,,"Completed courses on Figma, UI/UX, Web design. I have been constantly improving my English with a tutor. І have finished UI/UX courses, as well as I always study something new about it. Conducted UX research, interface prototyping, created interactive prototypes. During the Web design course, I created adaptive screens, landing pages, and made interactive prototypes for them. In my work, I applied the principles of design thinking and the double diamond model. Had experience in conducting sociological research, I have total understanding of quantitative and qualitative research methods. I am i"
62119787-0036-570a-bc31-7c6f4d7d6cd3,Project Manager/Scrum master/Agile coach,Scrum Master,product_project,1.5,junior_1_3,intermediate,3.0,agile;project management;qa;scrum,4,,"One of the startups I supported was sold to a great Ukrainian hedging company. I graduated from the Donetsk Institute of Entrepreneurship with a degree in Economics and Enterprise Management and improved my qualifications at the Kyiv University of Economics and Law ""KROK"" with a degree in Business Coach/Coach. Since 2014, I have opened my own training company with branches in Kyiv and Baku and have conducted trainings in Ukraine, Azerbaijan, Kazakhstan and Georgia. I have gained 8 years of practical experience as an Executive Coach, Business Trainer. I have been working with startups since 201"
731ff60b-edba-5293-85c3-ac399ce60938,Middle Salesforce Administrator,Salesforce,qa_testing,4.0,mid_3_6,fluent,5.0,agile;api;qa;rest,4,,"Single-handedly designed, wrote and implemented REST API based data exchange mechanism between Acumatica ERP and Salesforce. ERP implementation for a production company: Accounting, Purchase, HR, Logistics, Production, Orders system, etc. Introduction and implementation of UAE VAT in 2018 into the ERP from scratch, according to the government policy and regulations. Overseeing and management of a website and online shop development and integration with Salesforce ERP. Technical documentation and drafts writing, QA, tickets writing, Jira administration, participating in meetings between develop"
654f94c5-b3f4-5c88-812d-e35beee52b95,Senior Software Automation Engineer for relocation,QA Automation,backend,4.0,mid_3_6,intermediate,3.0,git;java;jenkins;linux;qa;selenium;sql,7,,"Strong work experience in manual and automated software testing. Good knowledge of testing methodologies. Coding practice includes code reviews, detecting defects, careful debugging of own code and code of others. Leading team of 4+ automation engineers. Experience of building effective automation framework from scratch Java, Automated Testing (QA), Selenium WebDriver, SQL, XML, XPath, TestNG, Gradle, IntelliJ IDEA, Linux, git, svn, JAXB, Teamcity, Jenkins, C#, BDD"
e8c2b9ed-818b-52fe-b04f-ec765ac1ffcf,Laravel Vue Developer,PHP,fullstack,5.0,mid_3_6,intermediate,3.0,git;laravel;php;vue,4,,"For 6 years I am working as FullStack laravel + vuejs developer. Have experience working with version controls, like git and gitlab. unfortunately I cannot share my projects, because of NDA, but I can make any testing work, that you wish, to prove my competences."
5ea825d6-6725-5b07-b516-3af90d0b143e,Front-end Developer (React.js),JavaScript,frontend,2.0,junior_1_3,intermediate,3.0,computer vision;javascript;react,3,,Took part in different projects as a single developer and in teams(4-10 members). Worked on FE tasks using different stack (based on React). Used different UI libraries. Worker with Redux and Redux-toolkit. All information in my CV
ecc2457b-1a0a-577b-b1ba-f399518dd201,DevOps | SRE | MySQL DEV/DBA,SQL,data_analytics,11.0,senior_10_plus,intermediate,3.0,docker;git;linux;microservices;mysql;php;postgresql;python;sql,9,part_time,"Several realized projects. Experienced IT Engineer with a demonstrated history of working in the information technology and services industry. Certified SAFe® 4 Practitioner. Strong information technology professional graduated from National Technical University of Ukraine 'Kyiv Polytechnic Institute', MBA program and economics sciences graduated from Lviv Institute of Management. For many years I was working as a Support Engineer / Remote DBA assisting our customers in troubleshooting and tuning MySQL, Percona Server, MariaDB, and related fields. During this time I was also helping our COO as"
488903c2-c04e-5cfd-bad2-bb1549099795,junior c++ developer,C++,mobile,0.5,junior_0_1,intermediate,3.0,android;git;linux,3,remote,"Team-working experience ( I take a part in developing of CAD ), remote team-working experience with international team( freelance project, I developed UI for gas equipment), and in my own projects: I developed a game for android smartphone (type of game — arkanoid), using graphical engine on C++. Application like «notes» developed using QT+QML. C++ STL OOP Git Linux Qt / Qml Jira Raspberry Pi ( deploying on rpi ) basic Cocos2dx engine"
b05ac95c-e8e3-5b4c-a7e1-37afbdcec50f,Game Producer,Product Manager,product_project,3.0,mid_3_6,intermediate,3.0,agile;ci/cd;product management,3,,"Stepped into charge and managed to recover team after 50% off employees including all of the management left the project. Fully recovering production potential within one year without significant impact on crucial deliveries. Experienced Producer with a demonstrated history of working in the computer games industry. Effectively organizing and facilitating work of 150+ employees team to maintain development and continuous delivery of monthly updates for leading AAA free-to-play FPS title. Skilled in Agile Methodologies, People management, and Roadmap planning. Strong understanding of the indust"
4d82aa8a-e012-5885-a195-8c30b0585302,Machine Learning Engineer,Python,machine_learning,1.0,junior_1_3,fluent,5.0,computer vision;machine learning;nlp;numpy;python;pytorch;scikit-learn;tensorflow,8,,"Finished courses online: edX | online learning platform - ""ML0101EN: Machine Learning with Python"" - 29/06/2022 - ""Deep Learning Fundamentals with Keras"" (IBM) - 06/2022 Coursera | online learning platform - ""Python Data Structures"" - 06/09/2020 - ""Open Source Software Development Methods"" - 23/11/2020 - ""AI For Everyone"" - 06/04/2020 - ""Introduction to Psychology"" - 22/11/2020 Worked on a computer vision project on emotion recognition task using ML models to detect facial action units and facial expressions. Worked on a interpretable human activity project, using different machine learning mo"
c085286d-8b53-5c19-b731-8f6a5fc7aebe,Junior .NET Developer,.NET,backend,0.0,junior_0_1,intermediate,3.0,.net;api;postgresql;rest,4,,No commercial experience Working on my pet project - Event Management System. - developed RESTful API with ASP.NET - implemented authentication with JWT - used Entity Framework Core and PostgreSQL to store data - implemented unit and integration tests using xUnit
c31cd637-a93f-51c9-a768-7cd964049b5d,DevOps engineer,DevOps,devops_cloud,1.0,junior_1_3,fluent,5.0,ci/cd;docker;git;github actions;jenkins,5,,"As a DevOps Engineer on the Zuri Chat app, I deployed plugins for the application on Ubuntu servers running on Digital Ocean. This included setting up CI/CD pipelines with Jenkins and GitHub Actions to automatically deploy code as developers commit. I containerised applications with Docker,"
4d06cec3-ea3c-5b99-8a51-67494246111b,UI/UX Designer,Design,design_ux,11.0,senior_10_plus,intermediate,3.0,figma;ui/ux,2,,"I am focused on UI/UX design over 10 years. Have work experience with large IT companies, startups, and individual customers as Product Designer, Lead Designer and head of Design team. Short Portfolio (.pdf): https://www.dropbox.com/s/hlysgfol4iwynpi/kazakov-portfolio.pdf?dl=0 Skilled at Figma, Sketch app, Adobe Photoshop, product prototyping and wireframing. Portside.co (US, remotely) UI/UX Designer, Product Designer December 2017 - May 2019 MFI Soft (Nizhny Novgorod, Russia) mfisoft.ru UI / UX Specialist April 2014 - September 2016 NCT (onlyoffice.com) (Riga, Latvia - Nizhny Novgorod, Russia"
2b7427d9-21c6-5d8e-800e-d87805f80de9,Senior/Lead QA Engineer,QA,qa_testing,7.0,senior_6_10,fluent,5.0,qa;ruby,2,leadership;remote;startup,"Certifications: - ISTQB Advanced Level Test Manager - ISTQB Certified Tester Foundation Level - ISTQB Certified Tester Usability Testing - IREB Certified Professional for Requirements Engineering Foundation Level (CPRE-FL) - EFSET EXPRESS High Proficiency (CEFR C1/C2) Some of my accomplishments are: - Tested products for Forbes-listed enterprises. - Designed test cases for the best Swiss watchmaker. - Built QA workflow in a startup. ISTQB-certified QA Engineer/QA Manager with seven years of experience in software testing and remote English-speaking teams. Domains: e-commerce, video-on-demand, "
5edde9c1-d35a-5f4e-8ddb-c1a85fcafe03,Trainee/Junior QA Engineer,QA,qa_testing,0.0,junior_0_1,intermediate,3.0,api;qa,2,,"I’m looking for a new career opportunity. As a QA Engineer I don’t have commercial experience, but now I’m an intern in the software company. Also, recently I graduated courses at the Logos IT academy with a high score. It’s help me to improve my hard skills. I have deep knowledge of concepts, activities and deliverables in Software Testing and its place in SDLC; experience in working with project requirements; creating Test Cases and maintenance (using Jira); preparing test reports;API Testing experience (Postman). Self-motivation, problem solver, attention to detail, honesty, openness to lea"
f0121de0-d9e4-5519-98ae-db089bdcff37,Software Engineer,.NET,backend,6.0,senior_6_10,intermediate,3.0,.net;api;sql,3,,"- Developing applications (ASP.NET Core (MVC, Worker), WEB API, MS SQL Server, Dapper, Kafka, ODP.NET, WinForms, Entity framework) in financial, energy trading and contact center domains. - Creating stored procedures, functions, queries, SSRS reports, table design for MS SQL Server and Oracle."
d2b8a642-8777-5973-9092-eb694001cdc5,UX/UI Designer,Design,design_ux,1.0,junior_1_3,intermediate,3.0,figma;ui/ux,2,,"I completed the basement course of Web-design in Webdesguru. Can create a design for landing page, websites and apps with the help of Figma Also ,I have one project - landing page for custom jewellery. Throughout the year I create the design of websites, applications and landing pages, I can work in Figma, Adobe Photoshop and Illustrator programs. I have one project - landing page for custom jewellery. The project was made in Figma. The task of this company was: high conversion rate, generate potential client for the sales team, getting qualified inquires which means we are not wasting time wi"
7d799433-ce9c-5211-9a67-18d39f15ef7a,Data Scientist,Data Science,machine_learning,6.0,senior_6_10,fluent,5.0,computer vision;nlp,2,part_time,"- have the experience to build projects from a scratch: from idea to production - I can communicate and explain the solution to non-technical people. I have quite a good math background and 6-year of experience in data science. For 3 of them, I have been working in a big outsourcing company and had a chance to try myself in different projects such as time series analysis, predictive modeling, developing custom optimization algorithms, and math modeling (spatial geometry). Currently, my main focus is on NLP and Recommender systems, setting up monitoring systems and dashboards. In addition I hav"
71f58fc9-d22d-52b7-bd53-e6ea2d6164b6,Product Manager / Project manager,Product Manager,product_project,4.0,mid_3_6,fluent,5.0,product management;project management,2,,"Product/Project Manager with a strong track record of leading successful product teams. Over the past year, I had the opportunity to work at a start-up providing a seamless live-streaming solution. * developed and implemented the company's product strategy * conducted market research * managed product launches and releases * led the delivery of new features and enhancements. Before, I led feature development, managed relationships with partners and customers, and ensured efficient project completion. Proficient in: # Requirements management # UI prototyping # Market and competitors research an"
38412cff-3cd2-5ce9-aa4e-f0785134483c,Senior NodeJS/Typescript full-stack developer,Node.js,fullstack,7.0,senior_6_10,fluent,5.0,javascript;node.js;php;typescript;ui/ux,5,,"In typescript world: Implemeted completely from scratch (Database, BE, FE & UI/UX) a collaboration platform. It's a startup, not launched yet. 2 years of development. Going to compete with popular all-in-one workspaces. In php world: Worked with large enterprise stores on Magento 2 (e.g. in pharmaceutics) on integrations with ERPs/data sources. Also heavy customizations of Magento 2."
98422e71-1399-50a5-96d8-a7e81ab0ff3b,Junior React developer,JavaScript,frontend,0.0,junior_0_1,intermediate,3.0,agile;javascript;react;scrum,4,,"SUMMARY Front-End developer looking for a full-time position in a company. I have sound knowledge of HTML, CSS, JavaScript, and React. Also, I have experience in following Agile/Scrum methodology. I am a fast learner, responsible, and ready for challenging tasks PROJECT EXPERIENCE - WebStudio(HTML, SASS, BEM, adaptive layout) Landing page about the benefits of web-studio and its products. - Filmoteka (team project) (Javascript, HTML, SASS, Parsel) Application for choosing a movie. Role: Team Lead. - HellEn (team project) (HTML, SASS, Parsel, adaptive layout) English school landing page. The si"
0c2b7fb8-5348-5093-b96c-e5b041b4d05b,IT Recruiter,Recruiter,mobile,0.5,junior_0_1,intermediate,3.0,android;computer vision;git;kotlin;project management,5,leadership,"Working with such positions: Senior Android Developer (Kotlin), Senior Software Engineer (C/C++), Project Manager for civic-tech product. April 2018 - November 2019 Junior IT Recruiter • Full-cycle recruitment process (tech and non-tech positions). • Working with job positions (CV’s screening; communication with candidates, providing feedbacks, arranging an interview via hangouts meet; write captivating job descriptions). • Search, selection and headhunting candidates. Use different tools: LinkedIn, Djinni, GitHub, Boolean search, X-ray search, internal database etc. • CV’s screening according"
f116e89e-c470-51b3-895f-40c5fcb4c499,Head of QA,Lead,devops_cloud,10.0,senior_10_plus,intermediate,3.0,aws;ci/cd;docker;git;java;javascript;jenkins;kubernetes;mongodb;mysql;php;postgresql;project management;qa;rest;selenium;sql,17,,"I have over 10 years of experience in various positions. My last responsibilities were related to the quality assurance, team management, building and supporting cloud infrastructure (25 engineers). I have knowledge of software development and testing processes; defect management; object oriented programming; good communication skills, verbal and written; collaboration and team building skills; negotiation skills; flexible and adaptable with changing priorities; leadership skills; experience in software project management; experience with continuous integration and continuous delivery. I have "
f8a3eccd-236b-5149-98a3-a018eae774ac,QA Engineer,QA,data_analytics,0.0,junior_0_1,intermediate,3.0,qa;sql,2,,"Some time ago I worked on a private project in the game industry as a tester. Have strong knowledge what is STLC/SDLC, theoretical knowledge in QA/QC and testing. Also familiar with work in Jira(practical), Bugzilla, Mantis, Quality Center, TesRail(practical), Postman(practical), working with SQL databases(little bit). I don't have a specialized education, but everything I know I learned by myself through video courses and from the people I worked with, and most importantly, I have a strong desire to develop in this direction. In the near future, I plan to learn at least one programming langua"
966ad762-b81d-5d8d-80f5-c2f272c9b5f9,Senior Software Engineer,Node.js,backend,7.0,senior_6_10,fluent,5.0,android;flask;java;javascript;node.js;python,6,,"Android Application Development(Java) Web Development(JavaScript, Flask) AI(Python) Web Server:Flask and nodejs backend socket communication with client including deploying to cpannel and custom server. Android Dictionary Application:Sqlite,android java,including publishing in play store. My Current Role: Senior Developer(web and mobile) specially blackened communication. Cyber Security: Reverse Engineering, Debugging and Analysis Client Server Communication Encryption Pen testing as Cyber Security Analyst,configurations...."
9252aca9-1efb-5686-bb7b-1085c1322523,Senior Java Developer,Java,frontend,5.0,mid_3_6,intermediate,3.0,java;machine learning;mongodb;mysql;spring,5,leadership,"A couple of done projects on Freelance. Released quality products on previous jobs. Java SE, Spring, Hibernate, MySQL, MongoDB, Angular2 My plan is to grow to Tech Lead/Solution Architect. I'm looking for professional and personal challenges. I like finding elegant and simple solutions for technical problems. I'm interested in: enterprise applications, machine learning, creating competitive software products."
83e966ee-c07f-5e2f-9543-3a2f13c41ae6,Senior QA Engineer,QA Automation,qa_testing,7.0,senior_6_10,fluent,5.0,agile;api;azure;ci/cd;docker;git;java;javascript;jenkins;playwright;qa;selenium;sql;typescript,14,,"- Setup Continuous Integration Pipeline that served as baseline for Continuous Testing - Improved test coverage and test efficiency by implementing unit and e2e (UI) tests SUMMARY ========= I boast a wealth of experience in Quality Assurance, with over 6 years focused on test automation and a total of over 7 years in both manual and automated testing. I'm an expert in utilizing a variety of tools and technologies to deliver high-quality results, including Selenium Webdriver, WebdriverIO, and Playwright for web test automation, as well as Postman, RESTAssured, and Testify (Go Library) for API t"
7872a4f4-e9c9-5884-9c4d-07f27becb320,UI/UX DESIGNER,Design,design_ux,7.0,senior_6_10,intermediate,3.0,qa;ui/ux,2,,"I have been working in this direction of design about 7 years, design gives me the opportunity to create something beautiful and it makes me inspire and ambitious. I am creative, open, active and positive, I like to challenge myself and try something new, I like new acquaintances, communication, I am always glad to discuss interesting stories and working issues with colleagues. Always ready to help or give advice, if someone need it. I worked in advertising agencies for a long time, I have the concept , how to sell a product to the client. In such positions, I worked with creation of logos, br"
0774595a-f2c5-5b73-b80a-082c1dca8d27,Project Manager,Project Manager,mobile,4.0,mid_3_6,intermediate,3.0,java;project management;python;qa;scrum;sql,6,leadership,"Australia direction project leader Certified ScrumMaster Proactive, good communication skills, fast-learner, self-motivated Experience in Mobile/Desktop projects Managing multiple teams up to 46 persons Methodologies: Scrum, Kanban, Scrum in Waterfall PM Tools: MS Project, JIRA, Youtrack, Redmine, Confluence Technical background: MS SQL, C, Java, Python, networking, system administration QA: manual testing"
fe22ec89-51d0-5a89-9cb0-b86c1a5e6214,QA Engineer,QA,data_analytics,0.0,junior_0_1,intermediate,3.0,agile;api;computer vision;javascript;qa;scrum;sql,7,,"NIX: QA course The trial project: prepared Test Plan, developed Test Strategy, created Checklists and Test-cases, Testing process, Bug Report - Working files Program of course: Theoretical and practical knowledge of software testing (testing methodologies, HTML and SCC, SQL , API (using Postman)); Create test documentations (Test Plan, Test Strategy, Checklist, Test Case, Bug Report); Use bug tracker system - Jira; Write the basic SQL-requests; Familiarization with the principles of Agile, Scrum, Kanban, Waterfall. Also completed the courses The Powercode Academy course ""QA Manual"" GoIT: HTML+"
1a87a144-59b5-517a-bf47-97f9571859f6,CV/ML Engineer,Data Science,machine_learning,1.5,junior_1_3,intermediate,3.0,computer vision;flask;git;machine learning;mysql;numpy;pandas;postgresql;python;pytorch;scikit-learn;tensorflow,12,,"Work experience - fifteen months as Data Scientist and Computer Vision Engineer. My responsibilities included developing tools for the data process (cleaning, preparation, visualization), researching and developing ML models (regression, prediction, clustering), and deploying models; Image processing. Technology stack: Python and its libraries (NumPy, scikit-learn, pandas, matplotlib, seaborn, flask, dash), Jupyter Notebook, Keras, Tensorflow, PyTorch. Databases: MySQL, PostgreSQL Other: GIT Preferences for developing: CV/Deep Learning"
7e05440e-1159-50c0-8b73-90ae7715a2a8,Delivery Manager / Solution Architect,Lead,devops_cloud,11.0,senior_10_plus,fluent,5.0,docker;gcp;java;kubernetes;microservices;spring;sql,7,,"My overall IT experience is more than 14 years. I was working as a Java Engineer, Java Team and Tech Lead, Software Architect, and Engineering Manager. I have more than 6 years of experience in people management. Most of that time I'm working in product companies with a close connection to C-level management. I'm part of the pre-sale team where I'm responsible for the technical part of a presentation. Also, I have experience with Google Cloud Platform, Doker, and Kubernetes. During the last few years, I spent 30% of my time on development tasks and 70% on team management, system design, and ot"
fae86684-064a-5c95-b639-033762127f12,Project Manager,Project Manager,product_project,4.0,mid_3_6,fluent,5.0,project management;scrum,2,,"- 7 years of experience as a Project coordinator - Managing IT projects related to EDI (electronic data information) integration for major customer and projects focused on reorganization of company’s internal digital workplace - Certified Professional Scrum Master - PSM 1 certification - Ability to keep focus and perform under pressure As a Project Coordinator I have 7 years of experience in delivering targeted solutions for external and internal stakeholders, working in the major supply chain company in the logistics market. Goal oriented business and life approach helped me to obtain skills "
4a33513b-f56b-52d7-8e80-69d5a0b09512,Junior Fullstack Developer / Junior Frontend Developer,JavaScript,fullstack,0.0,junior_0_1,fluent,5.0,api;git;javascript;react;rest;scrum,6,,"Was a Scrum master in project ""Oh My Donut"". Have a level B2 in French (passed the exam DELF) Personal projects: - WebStudio project (personal project) [HTML5; SASS; CSS; JS; GIT] Simple website with a responsive layout. Personal project. Team projects: - Oh My Donut [HTML5; CSS; SASS; Parcel; GIT] Team project for a wedsite of a company specialized in master-class of preparation of donuts. Responside layout. Roles: developer (registration section), scrum master. - Filmoteka (team project) [HTML5; CSS; Parcel; JS; GIT; Handlebars, REST API] Team project of a website with popular films. Role: d"
2b9c69dd-0073-5e97-8b1d-f0d8ba10c572,Data Scientist,Data Science,machine_learning,4.0,mid_3_6,fluent,5.0,python;sql;tableau,3,,"As a Data Scientist, I was boarded two data science project. 1. Stress Testing project- using macroeconomic and historical Bank balance data, I predicted loans, Current accounts balancr for next 3 years. 2. Data Governance project- development of risk monitoring engine. Risk monitoring engine monitor existing loans in the bank and predict for the next 6 months which customers will be overdue. 3. I've also model validation skills and manage model validation team. As a part of model validation team, I've validated Digital Lending scoring model, churn, cross-sell recommendation models. 4. Additio"
cddbe446-23b6-5f66-9bc7-0cbc7b291aa9,Full Stack Developer,JavaScript,fullstack,3.0,mid_3_6,fluent,5.0,flutter;javascript;node.js;python;react,5,,"- One of the projects I have worked on (a trivia multiplayer game) is broadcast live on national TV every week in my country. -The biggest project I have been heavily involved in is used to calculate the consumer price index (CPI) and inflation for a whole nation. - I have learned and made an app with react-native in one week. - I have a bachelor's degree in software engineering. Mega(Meda garage): Working as a maintainer of Mega (super app-mini app ecosystem much like wechat). I am responsible for adding new modules and updating it's existing modules, I am also the creator and maintainer of i"
6fed86cc-091d-5f7f-a980-7f6eec75d84b,Project Manager,Project Manager,product_project,0.5,junior_0_1,fluent,5.0,project management;scrum,2,leadership,"2019-2022 — organised 13 concerts with a team and 2 concerts as a main event manager for 500-600 people each. 2020-2022 — created SMM department with a whole new team, delivering 2-3 posts/stories a week & 5 music covers a year. 2022-2023 — delivered 60 rig/skins, 23 hero & 46 NPC/creature animations, more than 450 tasks issued. I work as a project manager at Artificial Core on the game Corepunk. In this position, I had the opportunity to: use such methodologies as waterfall, kanban, and scrum; communicate, negotiate and manage work with outsourced companies; work with documents in Confluence;"
c9ff4b30-ebb3-5549-9b34-f85c6ce95eb7,Software Engineer,Java,devops_cloud,6.0,senior_6_10,fluent,5.0,aws;gcp;java,3,,"I am a Computer Science graduate from Bilkent University. Since then, I have worked in different fields as a software engineer, including banking and financing, e-commerce with high loads, cash payment systems and so on. I have experience of working with systems with high loads, cloud infrastructure (AWS, GCP, DigitalOcean). I am also familiar with streaming tools and frameworks such as Kafka, Apache Beam, Apache Flink and so on."
11235f8d-48e2-5495-ae52-466721b4f94b,Lead User Interface Designer,Design,design_ux,5.0,mid_3_6,intermediate,3.0,data analysis;figma;ui/ux,3,,"I am pleased with each productive implemented solution that has benefited to business or product: Like: finbet.bet skinny.kiev.ua mirfutbolki.com.ua podoba.ppa.kiev.ua • 4+ years of Marketing & team management. • 3+ years of UI/UX design, Wireframing, Prototyping. (Responsive, Interaction & Atomic design) • 3+ years of Branding and Identity design. • Broad knowledge of graphical and prototyping tools e.g. Figma, Sketch, Adobe Photoshop, Adobe Illustrator, Adobe XD, InVision, Principle, Zeplin, Whimsical, Google Web Designer, and others... • Effective at integrating functionality and design • R"
e191831d-73cb-5a78-aaa6-1cb06aea09c6,Lead QA Engineer/ Senior QA Engineer,QA,mobile,6.0,senior_6_10,fluent,5.0,agile;android;api;cypress;ios;javascript;python;qa;selenium,9,leadership,"1. Successfully led QA Team and managed/designed/performed QA processes for diverse web, mobile, and desktop applications in Banking, Medical, Financing, Telecom, Game Dev, and Tourism areas 2. Being a Founder of a providing QA consulting and training services company (Guevara QA) which usually reduces the number of support calls when users report bugs by up to 50% as well as increases the QA team’s capability by up to 30% after optimizing QA process 3. Mentored 10+ engineers with different competency levels. A part of them already are great Lead and Senior specialists for now. 4. Assembled an"
bdb9698f-3958-5810-830e-a236aa8bdb2b,AQA Engineer (js),QA Automation,qa_testing,3.0,mid_3_6,intermediate,3.0,javascript;qa,2,,"I worked on a healthcare project with software and hardware as an automation and manual QA engineer. I have an interest in automated testing. I focus on details and always do my best to bring a matter to an end. I'm a hard-working, stress-resistant, and responsible person. I also have the ability to teamwork and good communication skills."
c246daa8-6731-5c3c-97d5-0bb89630e253,Senior QA Engineer,QA,data_analytics,4.0,mid_3_6,fluent,5.0,api;figma;git;qa;scrum;sql,6,,"Learned the project and tools in 1 month so that started successfully mentoring newcomers who joined the project after me. ISTQB certified Middle QA Engineer with 4 years of practical experience in testing and Advanced English. Have hands-on experience in manual functional testing, smoke, sanity, and regression testing, GUI testing using DevTools, and having Figma mockups as official requirements documents. Reporting bugs in several bug tracking tools (Jira, GitLab, etc.) writing test cases in TestRail. Have basic SQL skills, also basic API knowledge. Working in Scrum framework on an everyday "
bf3f3f71-c654-50b7-a553-481db8571b9b,Senior PHP Developer,PHP,backend,11.0,senior_10_plus,fluent,5.0,aws;mysql;php;rest,4,part_time,"10+ years of experience in developing projects with PHP, MySQL and Apache/Nginx; Zend Certified PHP Engineer; Deep knowledge of OOP, Design Patterns and principals. 5+ years of developing REST APIs Good experience with AWS Looking for a long term part-time job."
02495bc6-a876-5df0-96f0-1d140e2732f0,"Front-end developer, верстальник",JavaScript,frontend,1.0,junior_1_3,intermediate,3.0,api;javascript;react;vue,4,,"I work in a team, we develop online stores, now I am also working on an online store. I studied to be a computer engineer, after university taking orders and doing it myself, realizing that I wanted to know more, I took the front-end courses of the hillel school. I really like to work and I cannot sleep until I have done what I have planned. I am also working with an English tutor. I know how to work with vue (now i work with composition api), vanila js. I worked a little with react, less, sass, etc. I really like to learn, I like read, I am ready to work a lot"
463dc20e-c47b-5de4-9592-1f7e03de50ce,Junior Full-stack Developer,JavaScript,fullstack,1.0,junior_1_3,intermediate,3.0,agile;django;javascript;pandas;python,5,,"I`m really fast-learning and curious person. So as a junior developer, I dedicate a lot of my time to courses, here is a list of them: Coursera: • Getting Started with Python • Python Data Structures • Using Python to Access Web Data • Retrieving, Processing, and Visualizing Data with Python • Introduction to Automated Analysis • DevOps, Cloud, and Agile Foundations • Introduction to Cloud Computing • Introduction to DevOps • The Best Way to Learn Three.js by Bruno Simon Commercial: - Telegram bot for order notifications integrated with CRM in Django (pyTelegrambotAPI, postgeSQL) - Admin panel"
85732033-c46b-5182-a572-0ba05d287f6b,Web designer/UI-UX,Design,mobile,3.0,mid_3_6,intermediate,3.0,figma;ui/ux,2,,"I create Mood boards, Wireframes, User Flow for projects, and UI kits. I know how to make interactive prototypes(animation) in Figma. Ability to select fonts and graphics for projects. I have a nice visual taste. Experience in designing responsive websites. I have graphic design skills: creating visuals — logos, icons, exciting patterns, 2D, and illustrations. Understanding of current trends and design principles of Web and mobile applications; (logic, grids, information hierarchy, composition, typography) I communicate well and work in a team—responsible and productive work. Web studio Paspar"
7f6d034e-3011-57a4-ba5b-d5bd618dcf75,Junior Project Manager,Project Manager,product_project,0.0,junior_0_1,intermediate,3.0,agile;project management;scrum,3,,"Pet-Project. Fitness appPet-Project. Fitness app Description of the project: This is an innovative platform that combines all aspects of a healthy lifestyle. The app was developed taking into account the needs and desires of various stakeholders. All services in one application. Formation of the roadmap; Organizational structure; Project budgeting; Mind map; Project backlog creation; SOW to the project. I recently earned a bachelor's degree in marketing from the institute. I have also successfully finished project management courses within the IT sector, which have enabled me to acquire extens"
9f0ece44-b3cc-5caa-b9be-3c22562471e3,Frontend Developer,JavaScript,frontend,8.0,senior_6_10,fluent,5.0,agile;angular;api;django;docker;git;go;javascript;node.js;php;postgresql;python;rest;ruby;scrum;typescript,16,,"Within last 3 years I have fully emerged into development with EmberJS. One of the latest accomplishments: an Ember application grown from a single Ember App into 4 separate apps consuming a number of self-written private Ember addons. I've got an extensive experience (over 5 years) in building SPAs. My two latest projects were in human resources and medicare industries, on the front-end they were built with AngularJS (first) and EmberJS (latter) frameworks. Technologies used were: 1. Medicare (EmberJS) - EmberJS v2.4, v2.12, v2.16, TypeScript, ember-cli, Python, Golang, RoR on backend, Node, "
1958a24f-bb8a-524f-87c7-6b58b6535387,C++ senior software engineer,C++,design_ux,6.0,senior_6_10,intermediate,3.0,git;linux,2,,"I like programming, challenges and interesting task. I have always developed and grown on my previous projects. C++ senior software engineer with more than 6 years of commercial experience. Worked on a security, financial and automotive projects. Main technologies what I have used: C, C++, Linux, Git, Gerrit, Gtest, Robot framework etc. I started my professional career by studying at the Unit Factory. I'd like to have a job that will give me the opportunity to develop. I have lots of efficiencies and motivation to become a better expert."
84e5005d-23fe-5921-ba57-b86846bdd5b6,DevOps,DevOps,backend,11.0,senior_10_plus,fluent,5.0,.net;aws;ci/cd;docker;jenkins;kubernetes;linux;microservices,8,leadership,"Migrating of bare-metal, monolith Advertising platform to microservices, kubernetes, devops based setup. More than 10+ years of work as syadmin/devops engineer, as Lead of Ops team, designing of infrastructure and implementing of it. LInux - 8+ years Docker - 4+ Ansible - 4+ AWS - 5+ Jenkins - 5 CI/CD - 4 TF - 4+ I have no desire to work with Windows/.Net stack - because i don't have experience with this stack. Also not very like bureaucracy on projects. Looking for place where can improve lead skills ( not necessary )."
8059d7e5-1e85-5f03-823c-c5e490a4c1a9,Junior QA Engineer,QA,qa_testing,0.0,junior_0_1,intermediate,3.0,api;git;javascript;qa;sql,5,,"Beetroot Academy - QA manual course Ksendzov - QA manual course (in progress) I want to start working in IT. No previous experience in the IT industry. I chose the QA direction because it is a relatively new and promising direction in this industry. Completed the manual testing course. Acquired good practical and theoretical knowledge. I have a good portfolio of successfully completed assignments during the training. With me in the team, you will get a responsible person focused on results. • Understanding of SDLC and STLC • Software development methodologies • Analysis and compilation of requ"
02d84394-5cd3-5cf8-81de-f7ba9cedd59a,Data Scientist,Data Science,machine_learning,6.0,senior_6_10,fluent,5.0,api;linux;machine learning;mongodb;nlp;python;rest;tensorflow,8,,"- Worked on ​AI technologies ​to identify the World’s best filmmakers. ​Deep Neural Networks​, ​Natural Language Processing, Scoring and Data Management. ​| ​Python, BERT, ELMO, LSTMs, TensorFlow, RESTful API, MongoDB - Worked on a ​digital marketing platform for higher follower engagement, using ​Deep Neural Networks​, ​Natural Language Processing. ​| ​Python, LSTMs, TensorFlow, RESTful API - Worked on a ​chatbot ​engine with text comprehension, using ​Neural Networks​, Natural Language Processing. ​| ​Python, LSTMs, Keras, DialogFlow, Rasa - Designed and Developed a RESTful API for GAN image"
46835723-f3db-52b1-b779-7ee9f95efd04,DevSecOps,DevOps,devops_cloud,10.0,senior_10_plus,fluent,5.0,api;aws;ci/cd;git;github actions;jenkins;terraform,7,,"- Successfully integrated security tools that were able to identify high number of security issues and prevented potential breaches. - Performed security scans - Improved overall posture of the product. - Help educate members of other departments about potential security issues and ways to prevent those. —> Part-time only —> Position: DevSecOps / Application Security Engineer —> Location: Tampa, Florida or remote 10+ years of experience working for Big Companies as well as startups in US and Canada OSCP, CEH, ISTQB Certified SDLC Security and DevSecOps Implementation: Help clients integrate se"
66630293-7269-589f-85e5-b174d33721ed,Data Engineer,Data Engineer,data_analytics,2.0,junior_1_3,intermediate,3.0,api;python;qa;rest;sql,5,,"Data Enginner DWH Project From April 2022 – now Key responsibilities: • Create SQL scripts; • Create mappings, sessions, workflows, connection in Informatica; • Write shell and python scripts; • Support Data QA DWH Project From July 2020 – April 2022 Key responsibilities: • Prepare and execute SQL scripts for testing functionality; • Work with PL/SQL developer; • Prepare test protocols; • Testing installation with ETL Informatica; • API testing (REST); • Registered found bugs into Jira bug tracking systems."
4a2de661-a20e-52bd-b136-244815dc7b3c,"Delivery Director, Head of Engineering, Head of Delivery, Location Head",Project Manager,product_project,9.0,senior_6_10,fluent,5.0,agile;ci/cd;gcp;project management,4,leadership,"Managing portfolio 200+FTE with $12M+ annual revenue Opened for business new delivery location in EU fully remotely ""COVID mode"" and grown it to 60 FTE Won $5M+ worth of projects in pre-sales delivery manager role Completed Waterfall -> agile transition on a 50+ FTE project in a highly regulated domain Led building of CI/CD pipeline on a multi-component multi-technology project and achieved shortening of release cycle from 3 months to 2 weeks Established quantitative metrics to track development progress and data-driven project management decision making Built a technical community for one of "
0036162c-02e3-562b-9a41-a9d0f0758a0b,Machine Learning Engineer,Data Science,machine_learning,3.0,mid_3_6,fluent,5.0,kubernetes;machine learning,2,,- Developed effective deep learning recommendation service based on Kubernetes. - Implemented complex papers from scratch while improving on the results with my own ideas. - Developed architecture for machine learning based on Kubernetes cluster that is now used in the company I currently work in. I have solid skills in C++ embedded development with 3 years experience working on RBS software in Ericsson. My machine learning experience is 1 year of design and deployment of algorithms for click and subscription predictions on sparse online data. In my free time I dabble with Unity (VR and ML age
06679316-8ba1-5667-b0fb-db2f527e5100,Manual QA Engineer,QA,mobile,4.0,mid_3_6,intermediate,3.0,api;qa,2,,"Experience in testing: Web, Mobile, Bank oriented applications(functional, integration, regression, usability etc) Understanding of SDLC, client-server architecture Experience in testing API Work with DB interesting project, new knowledge and new friends"
d1fddee7-ac33-5bc4-8ff1-77aff89cbad2,JS/TS Fullstack developer,Node.js,fullstack,1.5,junior_1_3,fluent,5.0,django;javascript;node.js;python;react;rest;rust;typescript;vue,9,,"Bachelors in Cybersecurity List of my personal projects BEFORE I got hired: resumebuilder website -- Amazon price tracker app -- Pacman game using C# -- Ecommerce website using DRF/React -- Social Network website using DRF/Vuejs I have more than 1.5 years of commercial experience building websites using primarily python or js/typescript. (Django Rest, Vue Js) However I have used many tools both in and outside of commercial. I've made some pet projects using rust language. Lately I've been doing freelance, developing telegram/discord bots etc. I am looking for a good developer position, prefera"
3b340c0e-9fa4-5fc5-8a39-404c00d75c6d,Senior Java Developer,Java,backend,11.0,senior_10_plus,fluent,5.0,aws;docker;git;java;kubernetes;microservices;mongodb;mysql;redis;spring,10,,"Hi, I have more than 10 years of hands-on experience in enterprise projects( 6 years as a Backend Developer, and 5 years as an Automation Test Engineer). - Experience in web applications development - Experience in microservices development - Experience in automation testing, test-framework creation, and different techniques of software testing - Experience in writing technical documentation In the current project, we're using: Microservices architecture, Java 11, Spring Boot 2, Apache Avro, Redis, Memcached, Amazon SQS, MongoDB, MySQL, ELK, Docker, AWS, K8S, Gitlab CI, Gatling, NewRelic"
cfb29be4-fce7-54e1-ba49-d8ba07176331,SW Test Engineer,QA,qa_testing,3.0,mid_3_6,intermediate,3.0,linux;qa,2,,"• Overall 5 years of work experience in IT. • Expertise in planning and executing manual tests. • Skills in embedded systems and testing wireless protocols. • Some experience in Automated testing. • Attentive to details, responsible, proactive, with good analytic skills. Quickly learn new approaches and techniques. Able to motivate myself and others and support comfortable working atmosphere. Manual Testing (QA), Regression Testing, HTTP, Linux, FreeBSD, Silverlight, Embedded C Профессиональный рост. Неформальная обстановка. Интересный проект."
e3411f93-d82f-5564-b994-90af6676edc2,React Developer,JavaScript,frontend,2.0,junior_1_3,intermediate,3.0,javascript;react,2,,"Utilized Redux for state management, resulting in a 25% reduction in code complexity and a 15% increase in team productivity.. •Implemented integration and unit tests, resulting in a 30% reduction in bug related delays and a 20% increase in overall code quality. •Developed and implemented a new front-end architecture using React.js, resulting in a 25% increase in page load speed and a 15% increase in user engagement. •Identified and resolved performance and scalability issues, resulting in a 50% increase in page load speed and a 20% increase in user engagement. •Collaborated with other develop"
15625532-77ad-5155-9c59-b83705094303,Software Developer,Other,design_ux,3.0,mid_3_6,intermediate,3.0,.net;git;linux,3,,"Experience: Lynx Software developer, May 2022 - present Responsibilities: • Development of the new testing framework; • Writing bash and cmd scripts; • Work with vector language; ISS Soft Lisp developer, October 2020 – May 2022 Responsibilities: • Development of new features; • Static code analysis; • Git, bash user; • Work with Emacs, Slime; • Work with Linux; НДІ «Квант» C++ developer, April 2019 – August 2020 Responsibilities: • Develop new functionality in C++, Qt; • Develop GUI; • Selection and implementation of mathematical calculation algorithms; • Work with Linux; НВО «СТРАТЕГ» ASP.NET"
1be9387b-4a49-5e60-8f68-0a5163a6df21,Product manager,Product Manager,devops_cloud,8.0,senior_6_10,fluent,5.0,agile;product management;project management;qa,4,leadership;part_time;remote;startup,Transform the team processes from Waterfall to Agile. At the moment rising my own startup from scratch in Ukraine. Projects delivered by me at online cloud platform: - Database Relationships: http://howto.caspio.com/tables-and-views/relationships/ - Totals and Aggregations: http://howto.caspio.com/datapages/reports/advanced-reporting/totals-and-aggregations/ - Pivot Table reports: http://howto.caspio.com/datapages/reports/pivot-table/ - Fixed rows and columns: http://howto.caspio.com/datapages/reports/fixed-rows-and-columns ETC Feature Roadmap and Prioritization Product Development & Strategy 
62545b21-037e-5958-b758-82a759998336,Sales Manager,Sales,data_analytics,6.0,senior_6_10,fluent,5.0,agile;data analysis,2,,"From 3K to 60K euro revenue monthly in 2 years for my previous company Few SEO articles with 900K views in a year. From 300 to 6000 individual customers. Among personal achievements: I speak Norwegian and lived in Norway for some years Help Ukrainian refugees in Germany where I live since 2019 I have a broad spectrum of skills due to multiple years of experience in sales and customer assistance. I participated in a startup, gradually helping it to become one of the leaders in its niche. Would like to develop as a professional at the border between sales and analytics. Pls do not contact me wit"
26ad1cd8-66bb-5078-b30d-242cd33266f6,Full Stack Developer,JavaScript,fullstack,4.0,mid_3_6,fluent,5.0,docker;gcp;go;javascript;kubernetes;laravel;microservices;mysql;node.js;php;typescript;vue,12,,"I am a self-taught web developer who has almost 4 years of experience working with modern front end technologies (Vue/Nuxt + TypeScript, SASS), as well as moderate understanding of back end: maintaining and developing new features in a PHP+Laravel+MySQL stack project, Node.js microservices, Google Cloud Platform, Docker & Kubernetes user level understanding, also amateur level Go language proficiency. Aiming to put my front end skills to a good use and also hope to get more experience in the back end & infra."
862bb247-e33a-5db5-8262-a40e609f9bb3,DevOps,DevOps,devops_cloud,1.0,junior_1_3,intermediate,3.0,aws;ci/cd;docker;flask;git;jenkins;python;spring;terraform,9,,"Pet-Project: ""CICD for Spring Petclinic with AWS Cloud and GitLab CI"". Task description: Deployment to AWS and setting up CICD for the Spring Petclinic application based on two GitLab repositories: first for spring project, second for Terraform IaC. For CI we use GitLab CI. • Created custom VPC for infrastructure, with 2 public and 2 private subnets with NAT instance • Created ASG in two private subnets(in two AZ) for ECS cluster • Attached ALB with https listener • Configured RDS instance for ECS containers • Configured container logs to CloudWatch Logs • Created two GitLab CI pipelines, one "
33275466-0333-58fb-8d35-aca0623d0112,Senior .Net Developer,.NET,backend,8.0,senior_6_10,intermediate,3.0,.net;azure;ci/cd;data analysis;git;jenkins;microservices,7,,"I designed and developed a low-code development tool for business analytics that was highly integrated with ERP. It allowed us to create the MVP of business applications in a much shorter time without the necessity of joining developers to process in an early phase. I took a direct part in designing a microservice architecture for the ERP. Where selected tools, technologies, and structure, allowed us to build a highly available, stable, distributed microservice system. Designed and created a client-side application for the ERP, which became the main client interface to the ERP system. Successf"
e6e4ea93-617a-56fe-af54-fe44fe10e221,iOS Software Engineer,iOS,mobile,4.0,mid_3_6,fluent,5.0,ios;swift,2,,"A lot of successful projects on the app store for clients as well as my own apps - Accomplished iOS Developer ( Objective-C, Swift ) with over 3 years of experience in architecture, design, and development of mobile applications. - In-depth knowledge of iOS SDK - Responsible and self-driven, able to deliver results on time and within budget - Proactive and effective team player with positive attitude, ability to work independently as well as part of an integrated team Professional growth"
480f2e9e-653c-5c42-8619-454f9b371192,UI/UX Designer,Design,design_ux,1.0,junior_1_3,fluent,5.0,project management;scrum;ui/ux,3,,"I was a bachelor's student majoring in Fundamental and Computer Linguistics in the Higher School of Economics. I have been working as a UI/UX designer for approximately a year, before that I was working as a Project Manager/Scrum Master for 2,5 years. During that year I have created responsive websites, brochures, banners, product design, app UI /UX etc. - Designing graphic user interface elements, like menus, tabs and widgets - I have worked using atomic design - I have designed storyboards, process flows and sitemaps - Developed UI mockups and prototypes"
6afe57d4-ca85-5c03-b7f4-ca4f93430125,Front end/Back end JavaScript Developer,JavaScript,frontend,2.5,junior_1_3,intermediate,3.0,android;ci/cd;figma;git;java;javascript;mongodb;react;react native;vue,10,research,"My first two projects looks nice, I think for beginner it's really nice, a big problem were implementing adaptive design, but I did it eventually. I'm really proud of calendar/scheduler with events and time zones. I did a research to find a particular library that could help me, but implementation of events with time zones were still on me. Also, on my last job at ISS I'm proud that I managed to explore all existing projects and did tasks that were related to all of them. I learned a lot in year working there, especially about MongoDB and Express.js. One of my strongest sides is ability to dea"
fd7ed281-f0b7-54bb-b983-66f86a43184d,Project Manager,Project Manager,product_project,0.5,junior_0_1,fluent,5.0,agile;project management,2,leadership,"I am an open-minded, goal-oriented dreamer with big ambitions, and I am convinced that borders and fears exist only in our minds. I crave getting that valuable experience that will help me to achieve my goals. Languages: • English - C1 - TOEFL ibt - 100 (Listening - 28, Reading - 27, Speaking - 23, Writing - 22) • Polish - B1+ • German - A2+ • Italian - A2 • Spanish - A1 • Ukrainian, Russian - native Education: • American University Kyiv, BS in Global Management (2022-2026) • Novopecherska school - full scholarship (2019-2022); • The University of Colorado Boulder - full scholarship (2021) - E"
bb3d0584-7166-5bf2-9eea-7c1393bfb0c6,Director of Engineering | VP of Engineering | Head of Development,Lead,machine_learning,11.0,senior_10_plus,fluent,5.0,agile;machine learning;scrum,3,startup,"- Led development of A/B testing and personalization AI-powered platform for MarTech industry. Service experienced 400% growth over three years. - Led development and launch of a new product - Oracle Recommendations. Service used behavioral and customer data and ML models to deliver personalized, relevant product and content recommendations via the web, email, and other channels. - Migrated a high-load SaaS platform (over 25 billion requests per month) from on-prem to the public cloud with zero downtime. - Scaled team from 15 to 80 engineers (11 SCRUM teams) across 4 locations (UK/India/Ukrain"
3fbb80c6-9b9d-5307-9c3e-9a1ab4e33c8c,Junior QA Engineer,QA,qa_testing,0.0,junior_0_1,intermediate,3.0,api;qa,2,,"While I do not have commercial experience, I consider my main achievement to be that I do not stop at the achieved level of knowledge and skills. During my training, I gained experience in creating test documentation (test cases, checklists, bug reports), as well as learned the basic test design techniques and applied them in practical tasks. I also gained experience in API testing in Postman. Separately, I took a course of load testing using Jmeter. After completing the courses, I continue to actively improve my skills. I want to get into a team where I can bring results, show my best qualiti"
e2afef70-5b2d-5105-a9e0-c53d88798952,Business Analyst,Business Analyst,data_analytics,2.5,junior_1_3,intermediate,3.0,agile;figma;ui/ux,3,,"Using Kanban, Scram and Agile Collection and analysis of requirements Creation of documentation: User Story, Use Case (Confluence) Working with the design team to create UI/UX product design (Figma) Create tasks for the development team (Jira) Participation in product testing"
16712068-f276-56ac-8d76-e2a3f6c85fe3,Junior QA Engineer,QA,qa_testing,0.0,junior_0_1,fluent,5.0,qa;sql,2,,"I have got a Certificate ""Software Testing"" issued by SkillUp Ukraine as well as the First Certificate in English Grade A Dear Recruiter, My name is Olga Sokolovska and I am interested in a position of Junior QA Engineer. I am a beginner QA Manual Engineer. I have 4 months of experience in testing web applications, strong theoretical basis in QA, a great desire to develop professionally. My skills include understanding of project life cycle and software development methodologies, knowledge of testing types, creation of test documentation (Test Cases, Checklists, Bug Reports), test design techn"
57ccc6a9-a291-5c80-8465-21fd5e666654,Java Developer,Java,backend,1.5,junior_1_3,intermediate,3.0,ci/cd;docker;java;jenkins;linux;mysql;rest;sql,8,,"Oracle Certificates: Oracle Certified Professional, Java SE 8 Programmer Oracle Certified Associate, Java SE 8 Programmer Java SE (Passed exam: Oracle Certified Professional, Java SE 8 Programmer) Java EE (CDI, EJB, JPA(with Hibernate), JTA, JMS, MDB, SOAP, REST) Apache Ignite (installing and providing cluster of servers as system services(linux, docker) or java-clients + configuring client nodes in java applications) TestNG, Mockito, PowerMock, Arquillian (with wildfly) App Servers: Wildfly, Payara (Glassfish) Tomcat Docker (installing and providing docker engine and docker swarm, creating im"
c14a856b-55ed-5868-822c-fd4c70a553ae,Java / Android Developer,Android,mobile,4.0,mid_3_6,intermediate,3.0,android;git;java;project management;scrum,5,,"Java, Android SDK, Project Management, Scrum, Git, Gerrit, OOP/OOD, Design Patterns, UML, XML, JSON, Multithreading Was involved in large and small projects for Android platform. At the beginning, just as а developer, then as a team lead and project lead. As a project lead have had next responsibilities: - Requirements clarification with customers - Tasks decomposition and estimation - Cross-team collaboration - Team code review - Preparation of project documentation - Preparation of proposals for new applications Адекватный менеджмент. Белая зарплата. Профессиональный рост."
65d5a2c3-d91e-57cd-869c-2bf997e8673d,Principal Product Designer / Design Director / Design Manager,Design,design_ux,11.0,senior_10_plus,fluent,5.0,android;ios;ui/ux,3,leadership;remote;startup,"Brought $MM of extra revenue through iterative, empathetic and data-driven design. Ran 500+ A/B tests Lead 3 design teams. Coached 20 designers. Hired 15 designers. Conducted 200+ user interviews. Created and contributed to 2 design systems. - 12 years of experience as individual contributor, 3 as a lead designer and 2 as a manager. - 7 years experience working for American and Dutch companies in Amsterdam (on-site) including Booking.com. - Fluent English, strong presentation and negotiating skills. - Data-driven mindset, extensive experience with data-driven design (500+ A/B tests run). - Ext"
ce6bc791-1eaa-5755-869a-fc9ed12960ce,Business Analyst,Business Analyst,data_analytics,11.0,senior_10_plus,fluent,5.0,product management;project management;qa,3,,". Senior Business Analyst with 11+ years of professional expertise in the Information Technologies, who passed the way from Software trainer to experienced Product Owner. • 7 years of experience as Business/Functional Analyst • 2+ years of experience as QA Manual • 1,5 year of experience as Team/Project Management Domain expertise: Financial Domain (KYC, CRM, AFC, Risk Rating, Client Segmentation Global&Local Due Diligence); E-commerce Domain (SAP Commerce Cloud) Have experience working in big projects around 100 employees, as well as in a small projects within 12 employees."
d3c65260-cac4-5368-a1c5-5fe99582ac89,Automation QA Engineer (Senior Manual QA 8 years/ Middle Automation QA 4 years),QA Automation,fullstack,4.0,mid_3_6,intermediate,3.0,agile;android;api;figma;python;qa;rest;scrum;selenium,9,,"Middle+/Senior- AQA (Python) - Fixed inconsistencies in requirements documentation, wrote bug tickets on broken business calculations in dev code. - Proposed and assisted with implementation of test data classed approach, reducing test data. dependencies and testing time, keeping data single source of truth (SSOT) approach. - Increased quality by reporting production issues to Jira. - Increased test coverage by adding full stack, end-to-end tests. - As a part-time developer assisted with the creation of features for slack bot applications using python 3.10, slack web-api package, ORM. - Reduce"
7888124e-ddab-54b2-9483-c9784d85e768,Data Engineer,Data Engineer,devops_cloud,3.0,mid_3_6,intermediate,3.0,api;aws;data analysis;microservices;python,5,,"Architected and built a data lake solution utilizing AWS S3 as a storage layer, and Athena and Python as a powerful query and transformation engine, which enabled you to store any data as it is, eliminating the need for costly and time-consuming data transformations. Designed and implemented a custom ingestion engine that facilitated a 40% increase in data processing efficiency while enabling seamless data ingestion from various production databases into the data lake. That allowed for more streamlined data processing and captured historical data. Developed a custom Python package that utilize"
71f5afda-c3aa-5534-a076-ccf20d84497c,Junior Project Manager,Project Manager,product_project,0.0,junior_0_1,intermediate,3.0,agile;project management;scrum,3,leadership,"Took part in the development of the Procedure for approval of business contracts in the IT-enterprise program, which led to the optimization and process of approval of business contracts by the bank's divisions. Initiated functions that improved the process of agreeing contracts. Performed the role of Team Leader during the creation of a team IT project. PROJECT EXPERIENCE IT School GoIT (Kyiv), 2023 ~ Project Manager (study) During my studies, I prepared an individual project, and also took part in a team project. My Project - Homaid Application for joint planning of family affairs by family "
e4977d51-18c0-5a5a-a049-d04c0a7fd01c,ML Engineer,Python,machine_learning,2.0,junior_1_3,intermediate,3.0,machine learning;python;pytorch,3,,"In general, I worked in projects, where the task was object detection and object tracking. The specification was that the images were taken from drone, and sometimes there were very small objects that need to be detected and tracked. Also, there was a project about image segmentation and background removal or replacement. In my projects I used OpenCv library, PyTorch, work with different neural networks. Now I am an ML Engenieer and working on a project again about object detection and tracking of objects, that were taken from uavs. I want to enlarge my work experience and work in projects, th"
118a5f10-5be9-56e0-8897-6486ff818620,Junior Front-end Developer React,JavaScript,frontend,0.5,junior_0_1,intermediate,3.0,javascript;react,2,,"I have created projects Used technologies: HTML5, CSS3, Gulp, JS, React I am interested in web sites development. I enjoy learning new technologies, building websites and improving my skills. Now I have knowledge in HTML5/CSS3, JavaScript, React and experience of creating simple web applications, landing-page. I participated in the cultural exchange program ""Work & Travel USA"", where I improved English with native speakers. I'm looking for a front-end position. I'm ready for quick learning and developing of my skills more and more every day. I would like to develop my skills, find a company wi"
4ae30a1c-61bf-544b-b459-4989b83a57e1,UI/UX Designer,Design,design_ux,5.0,mid_3_6,fluent,5.0,javascript;ui/ux,2,,"Development of a game with artificial intelligence. I headed the Department of Communications in an educational institution and organized it. Implementation of innovations at the current place of work + an offer with a good CPA. Development of the company's brand. Certificate of Illinois university in the field of Leadership Management 5 years of experience in Design, Webflow, HTML, CSS, JS, and Frameworks. Branding (guidelines, brand books, social network identity ). Graphic design UI/UX design Email Design Video edition Prototyping Business planning Leadership management"
880a1de5-f442-530f-9f42-3437460c8384,Junior Golang Developer,Golang,devops_cloud,1.0,junior_1_3,intermediate,3.0,azure;go,2,,"Web chat application built with Blazor Server and deployed it in Azure Successful studies at the university. I have been working in Reenbit Company (May - July). I have developed a web chat application built with Blazor Server and deployed it in Azure. Also, I have such pet projects at university. I am taking up a specialization in Computer Science. Basic disciplines are studied, such as algorithms, computer architecture, databases, and so on, and web-oriented disciplines, such as web development and computer networks. I hope to receive an offer with decent working conditions and exciting task"
a09d693e-5bff-57f2-939e-84759261593a,Python Developer,Python,backend,2.5,junior_1_3,intermediate,3.0,api;django;docker;flask;postgresql;python;rest,7,,"Security implementation engineer — Feb 2021 — Aug 2023 Security systems (SOAR, SIEM, EDR) support and integration using python3, REST API`s, and corresponding SDK`s. Development of clients, backends (Flask, docker) Backend developer, Road Traffic Organization Centre — Jul 2019 — Feb 2020 Development of backend (Django, PostgreSQL, PostGIS) for street temporal accounting system. Displaying the data mentioned on simple layout (Django-templates, html, w3-css) with map (Leaflet) and temporal filter form."
8f2301a9-90e1-5546-b677-c1c63a7c7ac9,Oracle DBA / Systems engineer,SQL,data_analytics,5.0,mid_3_6,fluent,5.0,git;jenkins;linux;sql,4,,"Developed services monitoring, application SLB for reliability and high performance. Oracle DB installation, migration, upgrade and deployment for dev/stage/production environments, tuning for high performance requirements. Developed backup strategy. Configured Oracle DataGuard, RMAN. Infrastructure support, Jira/Confluence integration, BI and PortWise integration, Weblogic scaleout, BI SSO implementation, Develop scripting automation for routine 2013-pres Senior Oracle DBA 2011-2013 Oracle DBA/System engineer 2009-2011 System Administrator Technologies: Oracle DB(9i/10g/11g), OEM 10g/12c, Gol"
9a0a199e-1bdb-5994-bcbb-47a88b8e33bc,"ML engineer, DL engineer, Computer vision engineer, NLP engineer, Data science.",Python,machine_learning,0.0,junior_0_1,intermediate,3.0,computer vision;machine learning;nlp;python,4,,A month ago I create a web site where i publishing some of my new projects that can be useful for another people. I don't have commercial experience. But I make a lot of neural networks for myself. Some of them classified animals another analyze text. One of the last program I made using ML is monitune. Its adjust screen brightness according to what theme is at the moment white or black. I would be appreciate if my work is connected to deep learning or machine learning sphere. Creating DL or ML model is what I can do and what I like to do the most.
d9b939a7-06a7-5edc-9f0f-fcaad54b19a8,Junior QA Engineer,QA,qa_testing,0.0,junior_0_1,intermediate,3.0,qa;sql,2,,"Website Restoration: Took ownership of a damaged website and successfully restored it to full functionality. Conducted a thorough analysis of the issue, identified the root cause, and executed the necessary steps to bring the site back to business requirements. Bug Fixes: Effectively identified and resolved a range of software bugs, leading to improved functionality and reliability of the website. Employed a systematic approach to bug analysis, determining their sources and developing and implementing necessary fixes. MONOBANK. Conducted functional testing by meticulously verifying all feature"
97ba2431-60fc-5a88-a6a6-e32b71e35d7a,Middle QA Engineer,QA,mobile,10.0,senior_10_plus,intermediate,3.0,agile;android;linux;qa,4,,"I took part in transfer big USA wired telecommunication project from AIX platform to Linux. The software is used by AT&T and Verizon. • 10+ years of working experience as Test Engineer for international projects in offshore software R&D services company • Strong experience in unit and multi-unit testing phases with understanding Waterfall and Agile approaches • Solid knowledge in creating test scenarios and executing them in acceptance, feature and regression phases. • Experience in Automation testing. • Proficient with reviewing and analyzing customer requirements • Solid knowledge in working"
ea8c870c-3eb1-52bd-8468-2850ae38c3d0,Java Developer,Java,frontend,1.5,junior_1_3,intermediate,3.0,java;postgresql;spring,3,,"Legacy code support, bug fixes: both on the back-end (Java8, JavaEE, PostgreSQL) and on the front-end (AngularJS, Angular7). Creating reports that make selections from tables and generate excel files for the customer. One-time participation in a Spring project with Hibernate/JPA."
cebefe85-f980-5f9f-a273-c80cf6eb62d7,Project Manager,Project Manager,product_project,2.0,junior_1_3,fluent,5.0,agile;project management;scrum,3,,"Achievements: - Professional Scrum Master (PSM I) - Cooperated with international stakeholders from more than 30 countries - Successfully managed multiple projects with budgets over $50 million, delivering projects on time and under budget - Coordinated multiple teams up to 30 ppl. - Negotiated deals with international stakeholders that led to signed contracts - Promoted Agile methodologies to manage projects, resulting in a 30% increase in project success rate. Talented Project Manager with more than 8 years of experience managing international projects in educational, social, youth, children"
a6126744-15c8-522b-b632-6de72dc408a9,FullStack JS developer,JavaScript,fullstack,6.0,senior_6_10,intermediate,3.0,angular;javascript;microservices,3,,"Developed a good type architecture for the industry, was able to optimize aggregations for data collection, reduced the processing time of aggregations by dozens of times Hello, my name is Viacheslav, but you can call me Slava ^_^ I started out as a mobile developer in 2015 but soon started taking on database and server management tasks. Let me tell you about one of my latest projects: IoT APPLICATION WITH GRAPHS AND REPORTS Desktop application for monitoring the status of various devices (IoT), collecting and analyzing data, generating and saving reports and graphs. Built architecture of enti"
b768096a-4aad-56d2-adf0-142cbca7edb3,Frontend Developer,JavaScript,frontend,1.5,junior_1_3,intermediate,3.0,android;java;javascript;typescript,4,,"Developed two applications for android systems. The first application helps people learn sorting algorithms. The second application helps people decide on their future career guidance. The second application will be provided at my university. Practice in the company ""Ejail Development"" (now ""Temy""). Developed a test system for Alexa Smart Home for controlling lighting devices using the user's voice interface. Graduate work information and reference system ""SORT ALGORITHMS"" for mobile android platform. 1.7 year of experience in the corporation SKF as an engineer-programmer. Developed programs t"
c211fa74-a83f-55ec-bc9e-f0124fa7a553,Team Lead / Senior Node.js developer,Node.js,backend,8.0,senior_6_10,fluent,5.0,blockchain;data analysis;javascript;microservices;node.js,5,blockchain,"I worked mostly with highload cloud microservices, so I have broad experience in designing and developing them. Faced and resolved multiple issues with performance of existing applications and libraries they are based on. I like to make user interactions with application more fluent and clear. That's why I engage in many relevant activities, such as configuration of Google Analytics and other metrics gathering across application, that provides massive help in investigation several issues and understanding of user needs and issues with the application. I proposed and implemented development app"
ac31ccb1-c706-5991-bc31-f5e5504c9d63,Java Developer,Java,fullstack,3.0,mid_3_6,intermediate,3.0,java;qa;react;rest;spring,5,,"I have been writing automation tests and developing small REST projects for almost 4 years (on position QA Automation) I've been working with Java for over 5 years I want to become a full stack developer Spring/React NOTE: I have 4 year commercial experience on position AQA not Java developer I want to be able to work a lot with Spring and Hibernate, as well as gradually get tasks related with front-end"
04cc3150-4317-5e7f-a34c-7430c1da99d5,Junior UI/UX designer,Design,design_ux,1.0,junior_1_3,intermediate,3.0,figma;ui/ux,2,,"I feel most comfortable with Figma tools and am also learning Photoshop, After Effects, Illustrator and Webflow. As part of improving my skills in the field of design, I completed the courses: - ""Design Basics"" from Mate academy, where I successfully completed training on the topics: Figma Essentials, Main UI Elements, Components, Autolayout, Variants, Typography Essentials, Grids, Prototyping, UI Design, Clickable Prototyping. - ""Working with Figma"" from Cases (Creative Practice). - ""Web design basics"" by Cases (Creative Practice). - ""Graphic design. Composition"" from Cases (Creative Practice"
7b2a4165-7cff-5470-9ae4-f495a1141e66,Product manager,Product Manager,product_project,7.0,senior_6_10,intermediate,3.0,data analysis;product management,2,leadership,"Development, maintenance, improvement of the platform for transactions, operations of all departments Billing Product Manager KITCODE 02/2017 - 05/2021 -Development, maintenance, development of a platform for transactions, operations of all departments - Analysis of the required payment methods by location / project / license - Analysis of price proposals by payment methods. Market relevance of existing tariffs. - Search for new payment service providers partners - Collection of technical documentation, integration support - Analysis of new legal schemes to launch lexible solutions - Accompany"
be408246-e33c-5c97-b518-bfac0b7232e6,iOS Engineer,iOS,mobile,8.0,senior_6_10,intermediate,3.0,ios;rest;swift,3,,"- As a single developer I did help one of my client to make successful application which has around 500 active users per day with $10,000 monthly revenue. Highly qualified and experienced iOS Engineer with over seven years of experience in developing apps from scratch to release, optimising and improving applications performance, managing development team. I strictly adhere the design, guidelines and technical specifications, propose optimal solutions. I can help in: - Full-cycle development, from idea to submission into App Store - Lead iOS team to the bright future - Continue development of "
d62b5fef-e960-5dfc-a06e-71f199f3787a,Business Analyst,Business Analyst,data_analytics,2.0,junior_1_3,fluent,5.0,figma;qa;scrum,3,remote,"I have been working as a Business Analyst for 2 years. Before that, I’d been working as a Quality Assurance Specialist for 1,5 years, so I possess all the qualities and experience needed for precise analysis and testing. I gained solid theoretical knowledge in the Business Analysis sphere, as well as experience in creating business documentation and artifacts. Also, I have experience working with Jira, Confluence, Figma, Drawio, and DBeaver. My main responsibilities were: - Requirements elicitation, analysis, and documentation; - Communication with stakeholders, and developers; - Creation of f"
9674897b-ba42-5265-bd08-0d2a35bed241,Middle QA Engineer,QA,qa_testing,3.0,mid_3_6,intermediate,3.0,android;api;ci/cd;figma;flutter;git;ios;mongodb;mysql;qa;sql,11,,"The most important achievement - the client is satisfied with the quality of the project)). As a result the strong recommendation of our company/team for other customers. Completion of projects according to the planned terms. Always positive feedback's from development teams regardless of the project. Duties: • Gathering and analyze requirements • Participation in team planning • Estimating QC effort • Planning test process on the project • Creation and maintain test documentation (Test plans, Test cases, Checklists, Bug reports) • Reviewing test documentation and monitoring that product docum"
ccf26b2d-2545-5450-8a75-3e9cd409a4dd,QA architect/QA manager,Lead,devops_cloud,10.0,senior_10_plus,fluent,5.0,api;aws;docker;gcp;git;java;jenkins;qa;sql,9,,"On the last project: Has built a scalable process, both manual and automation, for enterprise project from scratch; Has created a lot of project documentation such as Test Strategy, Testing process description, AQA processes description, Release process presentation for stakeholders, etc.; Has built and managed a team 15+ QA and AQA engineers; Has successfully done complex subproject with PM role; Has performed on client-facing positions; Has built CI process for automation testing (Jenkins pipelines, AWS EC2, Docker, Selenoid); During the last 2 years had no one voluntary rotation from the AQ"
7f776892-fdfc-5406-b389-356095ae0bae,Senior Machine Learning Engineer,Data Science,machine_learning,5.0,mid_3_6,fluent,5.0,data analysis;machine learning,2,research,"Worked on 3 research projects that resulted in 3 published papers and 2 patents. 1. Developed Advanced Driver Assistant system for the dashcam - Creation of Traffic Light Detection System for different countries - Enhancement of existing Forward Vehicle Starting Alert algorithm - Implementation of the Driver Monitoring System: Phone/Smoking/Mask detection, Distraction/Drowsiness detection Technologies: [Object Detection/Pose Estimation/Edge Computation] 2. Monitor Cattle Welfare project - Creation of data cow weight estimation algorithm based on image information - Improvement of the cow keypo"
fcc5c43a-71bc-55ac-8ce0-876e8c804ab4,Scrum Master,Scrum Master,product_project,3.0,mid_3_6,fluent,5.0,project management;qa;scrum,3,,"• Helped the team to release 4 products on different stacks within the period of 7 years. • Implemented Scrum in 2 main projects. • Set up a faster feedback cycle in regards to product increments and processes. • Mentored Product Owners to think in business categories and be oriented toward the client. • Helped increase the teams' satisfaction and loyalty level to the company. • Enhanced the clarity of what happens on the project for the stakeholders. 7 years in team management (up to 20 people) as a Project Manager, CEO, and Scrum Master (all within one product company). SKILLS: • Leading and"
96739966-d4b7-5283-9dc8-791651b75538,"Machine Learning Engineer, Data Scientist",Data Science,machine_learning,3.0,mid_3_6,fluent,5.0,computer vision;data analysis;django;machine learning;project management,5,leadership,"Work: Machine Learning Engineer: Topic modeling of 3 Million technician remarks. Development of the application that enables technicians to compare their actions with other technicians who had to deal with similar elevator breakages. Monitoring of Elevator status using Computer Vision. Data Scientist: In a small team developed a content-categorization pipeline of social-media posts, which resulted into near human-like performance and is constantly used in the production. Our team also managed to develop a Django-based social-media monitoring application, which resulted into drastic increase th"
4b94e33d-ce09-57b8-9119-6d8ab3d9a02f,Data Engineer \ DBA \ Data Analyst \ BI,Data Engineer,data_analytics,6.0,senior_6_10,fluent,5.0,aws;data analysis;git;jenkins;mysql;nlp;power bi;python;selenium;sql;tableau,11,,"I take pride in building reliable data pipelines ""from scratch"" for several international companies. Self-educated in Python & Big Data, so whenever I join a new project - I can learn its new technologies and adapt all by myself, no baby-sitting required)) Skills: Data Processing and Analytics (10+ years) SQL (SQL Server, MySQL) – 4 years AWS (S3, Athena, Redshift, Databricks) – 2 years ETL pipelines (SSIS, Databricks, PySpark, Airflow) – 2 years BI dashboards (Looker, PowerBI, Tableau) – 3 years DBA (SQL Server) – 1 year Foglight, Powershell, Google Colab, Jira/Confluence, Git, Jenkins. NLP a"
f2cfb08d-efb2-5266-b7a4-10fa542065ba,IT Recruiter,Recruiter,frontend,2.5,junior_1_3,intermediate,3.0,.net;android;angular;blockchain;ios;java;javascript;php;qa;react;vue,11,,"I'm an IT recruiter with 2,5 years of experience. During these 2,5 years, I have worked with product, outsource and outstuff companies. Take part in full cycle recruitment. Closed positions Middle\Senior level: Java, .net, PHP, RoR, Android, iOS, Solidity, Embedded, DataBase Developer, DevOps,JavaScript (Angular, React, Vue),QA Automation (JS, Java),Manual QA. Have experience in hiring candidates from Ukraine and Europe. English - B1+ - can conduct interviews with candidates. Location: Ukraine."
dad3014c-8506-5699-9812-73c82a1d4924,Junior DevOps,DevOps,devops_cloud,0.0,junior_0_1,fluent,5.0,ci/cd;git;linux,3,,"So far I don't have any commercial experience at this role, but I have been working with Linux (including bash scripting) and Git and participating in CI/CD flow. As of now, I self-improve my competence and look for an Intern/Trainee/Junior DevOps position to get started"
41df16f2-b227-5ec1-b3a9-b6c77f2e1b6c,Junior Java Developer,Java,backend,0.5,junior_0_1,intermediate,3.0,data analysis;git;java;machine learning;mysql;spring,6,,"4 publications on data analysis. Java Core, Spring, Spring MVC, Hibernate, JDBC, MySQL, Maven, Tomcat, JUnit, Swing, IntelliJ IDEA, Eclipse, Matlab I've finished Java Development Cources in ""IT-Centre"". Training projects: notebook store, taxi booking service. Currently I'm working on a pet project: java app for MCG Laboratory (Spring, Hibernate, Maven): https://github.com/YUdovychenko/MCGLaboratory At the moment I'm getting a PhD degree in Biomedical Signal Analysis and have experience in machine learning algorithms development and implementation."
2abea8bc-a77e-5902-b3dd-955c35e24f3b,UI/UX Designer,Design,design_ux,1.0,junior_1_3,fluent,5.0,figma;qa;ui/ux,3,,"I'm fluent in both English and Russian. I also speak Armenian, French and Spanish. I have graduated from Armenian Code Academy (UI/ UX designer). While studying I got the opportunity to create a few projects with my teammates and after graduation I continued to work on personal projects which you can find on my Behance portfolio. My first work experience as a UI/ UX designer was at Sololearn where I've worked on a couple of projects which enhanced my knowledge and helped me to get familiar with sets of tools, like Figma, Adobe Illustrator and Adobe Photoshop. I also got the opportunity to work"
c2fc18ea-1e3b-5539-9125-fdb57ec0a0ee,QA engineer,QA,mobile,4.0,mid_3_6,intermediate,3.0,agile;android;angular;api;figma;git;ios;php;qa;selenium;ui/ux,11,,"Our PLAYseek teem took part in 1991 Open Data Incubator. We won grant from Hype and Taiwan tech arena. Two of us flew to the Taiwan for a month. They visited everyday consultations for developing and improving the project. Also we were interviewed by ICTV channel. Startup June 2020 — August 2020 Middle mobile QA engineer InTouch Messenger Secure Mobile messenger using next libraries and protocols: Socket.IO, Off-the-Record cryptographic protocol, Google WebRTC library, e2e channels. Wrote test cases and created test runs in TestRail bug tracking system. Used YouTrack Agile board for reporting "
44b436ce-f815-509f-a357-427dbd2bd64b,Middle QA Engineer,QA,qa_testing,2.0,junior_1_3,intermediate,3.0,agile;qa,2,,"I would like to recommend myself as QA Engineer. # ~2 year of practical experience in testing Web applications # Experience in writing test documentation (Checklist, Test case, Bug report, Traceability matrix) # Practical application of test design techniques (EP, BVA, EG) # Understanding of software development methodologies (Waterfall, Agile) # Understanding the QA process in SDLC stages # Effective distribution of working hours I prefer large web projects."
4b9b69f4-c53e-5b3a-b197-7e9504488274,Full Stack Web Developer,Node.js,fullstack,3.0,mid_3_6,intermediate,3.0,angular;api;django;flask;java;javascript;mongodb;node.js;php;postgresql;react;rest;spring,13,,"Was accepted to SoftGroup Academy in 2016, with a team built a monolithic e-commerce app using Django framework, and successfully finish the course. In 2017 applied to ITSTEP Front-End development, where I built few, small applications using JS(es6), WebPack, Fetch API, Express.js. The same year, I got my first job as Junior JavaScript Developer, where with a small-size team, were developing browser extensions using vanilla JS(es6), WebPack, CSS. Wanting to develop and grow in the back-end direction, I got a job in a small company in 2018, there I was involved in component lib development with"
2f88ab4a-085b-55ab-9050-02a6eb3e45bb,Junior Backend/Fullstack developer,Node.js,fullstack,0.5,junior_0_1,intermediate,3.0,docker;git;javascript;mongodb;node.js;react;typescript,7,,"I am a junior developer, who wants to become a strong backend engineer on my favorite programming language - JS/TS! So far I have about 5 months of real commercial experience working in superb Czech company ""Unicorn Systems"". I worked there on junior fullstack position for 5 months after successful graduation of internship (5 weeks). In my job I have used next stack of technologies: JS, MongoDB, React, NodeJS, Git, CSS, HTML, Docker. Also I have the basic understanding of TypeScript and Nest framework. Hope I will be interesting as a potential candidate for your awesome company!"
dc651e2d-e722-5ff6-9110-cf96d0c9a049,QA engineer,QA,frontend,5.0,mid_3_6,intermediate,3.0,api;javascript;mongodb;qa;react;rest;scrum;sql;ui/ux,9,,"I am experienced QA Engineer (5 years). Testing skills: functional, UI/UX, smoke, regression, API testing. Technologies: Web: HTML, CSS, JavaScript, React, Redux OS: MacOs, Windows Data Base: Mongo DB, SQL queries (CRUD) API testing : Postman Main tasks: Analyzing of requirements Creation and execution test cases Creation bug reports Functional, non-functional, regression, REST API testing Grooming and planning with a Team (as a Scrum-Master) Mentoring trainee QA's I’m looking for a job of QA Engineer (manual+basic automated) to fulfill my passion of making things better. Participate in intere"
a5c6b699-d958-5099-846c-a5d34483713b,Senior / Lead QA Automation Engineer,QA Automation,qa_testing,11.0,senior_10_plus,fluent,5.0,android;ios;java;jenkins;qa;selenium,6,leadership,"- Facilitated the company transfer from no-process chaotic development approach to structured well-described delivery process based on modern tools (Jira / plugins, automation scripts) and fully-automated eco-system, streamlining the delivery in terms of simultaneous development for multiple customers. - Established numerous (10+) Test Automation / QA setups from scratch in shortest terms and Customer-controllable way, starting from the business needs analysis to presentation and transfer the results to the Customer team. - While working as a Competence lead supervised all the TA assignments i"
78fb0ee7-4a8d-513f-8b8f-2aa763efcd65,Project Manager,Project Manager,product_project,5.0,mid_3_6,fluent,5.0,data analysis;product management;project management,3,,"Launched own e-commerce project and led it to a profitable level Achieved cooperation with the most important travel agencies and global travel services Increased conversion rate up to 20% by working on the product and on the web-site Increased the average check by 30 - 40% selling related products Successfully finished the one-and-a-half-year internship in FMCG company 3 years in FMCG, including intership, Sales and Trade Marketing positions 5 years in IT, launched own business project from scratch to a profitable level As a co-founder, I have to shift responsibilities between business develo"
70cf95f0-17db-50e4-bcdd-67e6f896735d,Computational linguist,Data Science,machine_learning,3.0,mid_3_6,fluent,5.0,nlp;python;sql,3,,"participation and winning of March.AI Hackathon 2021 attending the conference ACL 2020 I have been working and coordinating NLP project based on extracting info and creating content out of it. Main tasks included project coordination, analysis of big data, making patterns for its processing using different NLP tools and techniques( Constituency/Dependency parsing, Regexp, python(space, nltk), SQL and others)."
4fb19cc5-829b-5c73-a4da-e9601e491abd,System administrator,Sysadmin,devops_cloud,7.0,senior_6_10,intermediate,3.0,azure;sql,2,,"System Administrator Veyseloglu Group of Companies 09/2020 - Present, Baku, Azerbaijan Retail company Installing, managing and monitoring Windows Server based systems (including multi-forest Active Directory domains); Managing VMware vSphere; Administering Microsoft Azure and Microsoft 365; Implementing policies over Microsoft Intune; Implementing Manage Engine products (monitoring, auditing, remote control, service management); System Administrator North West Construction LLC 01/2018 - 08/2020, Baku, Azerbaijan Construction Company Installing and configuring VMware ESXi virtualization servers"
d45dd327-34a8-50f2-b847-c7a107301c0a,UI/UX DESIGNER,Design,design_ux,0.0,junior_0_1,intermediate,3.0,figma;ui/ux,2,,"I’m motivated, attentive to details, flexible and highly-organized, productive, have good communication skill, punctual person and know what deadline is. I finished UI/UX course. I have experience in prototyping, figma, adobe photoshop, adobe illustrator with my pet projects. I’m looking for entry level position and I have big wish to learn new things and I’m able to be better every day with it."
419765e9-1771-5a87-9399-c45d83d207d4,Automation QA Engineer (Java),QA Automation,data_analytics,4.0,mid_3_6,intermediate,3.0,agile;ci/cd;git;java;jenkins;qa;scrum;selenium;sql,9,,I have experience in Quality Assurance 4+ years and 2 of them as AQA. I have good theoretical knowledge of QA process and practical experience in manual and automation testing on different projects. Skills: - understanding the testing process and bug life cycle - using test techniques and methodologies - requirements analysis experience - preparation test documentation: test cases/check lists/test reporting - understanding SDLC and Agile (Scrum) development processes - SQL - performance testing using a test framework - CI/CD - creating and maintaining pipelines in Jenkins using Groovy - analyz
f56aaf57-e763-59cd-9ee9-803d4ac78059,Java Developer,Java,backend,2.0,junior_1_3,intermediate,3.0,git;java;javascript;jenkins;scrum;spring,6,,"Java, Design Patterns, UML Spring (IoC, AOP, MVC) Hibernate XML, JSON Maven Git, SVN, Jenkins, Sonar, Jira HTML, CSS, jQuery, Backbone.js, WebSockets Scrum, Kanban Have experience of being a part of a distributed team working on both big and small projects interacting directly with customers. Nice to have: • ability to learn and use new stuff (e.g., Scala, Groovy) • international trips"
78534d66-ab1e-5c7e-a581-60a5527fd8c3,Senior QA Engineer,QA,mobile,7.0,senior_6_10,fluent,5.0,android;ios;python;qa;selenium;ui/ux,6,leadership,"While I was QA Team lead, the project me and my team were responsible for was funded with 30 million dollars for further development. Also I have small lecture about Fiddler presented online. I have experience with testing project related to telemedicine, user experience, lots of online stores. Right now my project can be described as shared user workspace with ability to control available applications, links, ect. Plus integrated chats and meeting scheduling. Ah, and Chrome extension too. Almost every project I ever worked with had either mobile view for both Chrome and Safari browsers, or An"
e24a1b6b-ee43-50c2-a835-d41e30e8e844,UI/UX Designer,Design,design_ux,0.5,junior_0_1,intermediate,3.0,project management;ui/ux,2,,"Jun 2022 - Nov 2022 Ui/Ux Design Course “Cursor.Education” Creating design for math teacher website: • Stakeholder interview. • Research of competitors and users. • Competitive matrix and Swot analysis. • Creating persona. • Information architecture and Wireframes. • Design System, UI Design, Prototyping. Sep 2019 - Present Chief designer “RUBICON Group” • Creating project concepts • Design and visualization of the interiors and exteriors • Creating CG videos with projects presentation • Design supervision of the projects • Tender management • Scouting and cooperation with subcontractors Jul 2"
36f95996-b794-5d49-8546-3fe7b0e18dfd,PHP Developer,PHP,backend,11.0,senior_10_plus,intermediate,3.0,api;laravel;php,3,,"WISMO project from scratch Project: Where Is My Order (WISMO) (Aggregator of delivery services (tracking, status, notification) with the ability to integrate into various e-commerce projects (Magento, BigCommerce, Shopify, WooCommerce, X-Cart, SalesForce, Klaviyo) in Laravel) Mission: Creating of business logic, Conversing of customer requirements into a technical task and it implementation, Project maintenance, Bug fixes, Integration External API into e-commerce and tracking platforms Project: Different size projects connected with online stores development based on X-Cart platform. Mission: "
216d4651-15d5-5544-86bb-76175dad16e2,QA engineer,QA,qa_testing,1.5,junior_1_3,intermediate,3.0,agile;qa;scrum,3,,"On one of my projects, during a business trip, our team together with customer team, set up useful for both sides processes of QA and DEV teams for a more harmonious and transparent work. Hello! I’m working as a QA engineer for ~ 1,5 years. I started my path from QA engineer courses in QA Academy and self- education under my mentor's supervision. After that, I was assigned to my first real project, where I began to gain experience as a QA engineer at a1qa company. Current location: Minsk, Belarus. Looking for an opportunity to relocate to Kiev / Lviv. Experience on real projects: 1. FinTech pr"
98874a19-2154-5fe5-8e99-7d8ceac4e6df,Senior Data Scientist,Data Science,machine_learning,5.0,mid_3_6,intermediate,3.0,java;machine learning;numpy;pandas;python;pytorch;scikit-learn;sql,8,,"Now I work sineor data scientist in telco industry. Hourly i have build ML models using lightgbm/xgboost and sometimes create and traine neural network(RNN. CNN). I work on binary/multiclass classification or regression tasks. Also сreate ETL pipeline in Apache Airflow. Have a good expertise in SQL and Python and a little Java Experience in python lib: pandas, numpy, scipy, scikit-learn, pytorch, matplotlib, seaborn, plotly. In my spare time, I teach data science courses"
d2a59e89-55e9-5cf3-b33b-b6ea04b10dde,Technical Program Manager,Project Manager,product_project,11.0,senior_10_plus,fluent,5.0,agile;aws;project management;scrum,4,,"Delivered customer-facing and infrastructure features at extremely large scale (tens millions of active users / hundreds of millions of daily customer events). Senior Technical Program Manager. I have 15+ years of experience in IT, most of it in the role of Project and Program manager with the majority of work experience concentrated around delivering software solutions for enterprises and also startups. My skill set covers both classical iterative approaches to project management, as well as Agile methodologies strengthened by several years of working as an Agile Coach / Scrum Master. As well"
4c374076-66e7-521c-9b79-4e0bc3f66955,"Senior/Lead Product Manager, Technical Product Manager",Product Manager,mobile,7.0,senior_6_10,fluent,5.0,agile;data analysis;machine learning;nlp;product management;project management;qa;scrum;ui/ux,9,gaming;leadership;remote,"Conducted full cycles of product development - from identifying user needs to product requirements to development, go-to-market strategy and launch. Built complex web, mobile, embedded and DS/ML products including products built from scratch. Launched products on new markets (UK and Canada). Owned product requirements, technical requirements, designs, analytics, marketing. Owned market and competitive researches both in business and technology aspects. Owned customer development to identify user needs that for example led to the 25% increase of NPS and 20% increase of the conversion rate, as w"
fc3aeadb-2405-55ed-a445-863c0dd68fc5,[Lead] DevOps Engineer / Site Reliability Engineer,DevOps,devops_cloud,5.0,mid_3_6,fluent,5.0,azure;gcp;kubernetes;microservices,4,startup,"I had migrated infrastructure to GCP from scratch. Implemented infrastructure as a code. Started a process of migration of the complex infrastructure into Kubernetes, which has been successfully finished. Also I have gathered a highly effective SRE team of great engineers that I'm still proud of. I have worked in two startup companies. In first company I've started my position when there were only 20 people in the team and we had a highly loaded project. When I was leaving we had a team with ~80 members. In the second company I've joined the team of ~20 people and we had a very interesting and"
abafff41-a172-55e1-834e-94985e63c096,Web Developer / .NET Core / JavaScript / Angular,.NET,frontend,6.0,senior_6_10,fluent,5.0,.net;angular;api;azure;ci/cd;git;javascript;node.js;rest;selenium;sql;typescript,12,remote,"Last projects: - Web API restful service based on .NET Core with AD (LDAP) and Azure MFA integration. OAuth 2.0 was used as an authorization protocol. Swagger/OpenAPI specs for self-documenting. Postman automation tests. - Web portal for self-service password recovery with complex validation logic and high-security demands. Selenium UI tests coverage. - Migrated internal app to new UI based on Angular and .NET Core web API. Used DI/Facade pattern with mappings for integration with legacy ADO.NET data services. Software craftsman, enthusiast, and lifelong learner with over 10+ years of experien"
86f74ffa-d766-51ad-a583-b0445606ee3d,IT Recruiter/Sourcer,Recruiter,fullstack,1.5,junior_1_3,intermediate,3.0,blockchain;git;java;javascript;node.js;php;project management;qa;scrum;sql,10,blockchain;leadership,"For the last 6 months: Senior Full-Stack developer (JS/Node.js); Manual QA Engineer(x3); Blockchain (GO/PHP)Developer; Java Developer; Scrum Master; Project Manager; Accountant; Social Marketing Specialist; I am an ambitious person who is ready for taking up new challenges and acquiring new skills. I will certainly cope with assigned tasks thanks to my persistence and commitment. I have 1 year in total experience, including 6 months in the recruitment agency, finished the course ""IT recruiting for beginners"" before starting my professional way. I have worked with the global markets (Europe pre"
dc4c0ffd-ebb4-5f14-b438-9b4c9d4488c1,QA Engineer,QA,data_analytics,3.0,mid_3_6,intermediate,3.0,android;api;azure;figma;git;ios;mysql;qa;sql,9,,"Work on web project- a platform for chatting with a bot Responsibilities: Daily routine QA manual checks Web manual testing API testing (using Postman) Use different types of testing, design technics, cross-browser testing Create bug reports, test cases, checklist Work with DB Write documentations Tech stack: Azure DevOps, Postman, Figma, Chrome Dev Tools, MySQL QA Team Lead Responsibilities: Managing test coverage Analyzing the requirements Building a team of skilled and professional QA engineers Negotiating the estimates of QA team efforts Web manual testing Working with Visual Studio Code, "
7e7d4be4-ff6e-594f-9b7c-5df6117db44f,Digital Project Manager,Project Manager,product_project,3.0,mid_3_6,fluent,5.0,figma;project management;ruby,3,,"I have more than a year of management experience and 2.5 years of experience in affiliate marketing. As part of the manager's tasks, I was engaged in setting project requirements for various teams. I was engaged in the organization of processes and teamwork. I worked with foreign markets with an international team. I grouped all the processes and created a knowledge base in Confluence for my Department. The team conducted all tasks in Jira. With the help of a Kanban board, I tried to prioritize processes in the team. I also had a little experience building sites through builders and Figma as a"
61fbce69-9322-5b15-8cf9-b0106034aa03,Data/Software Engineer,Data Engineer,data_analytics,2.0,junior_1_3,fluent,5.0,azure;python;sql,3,,"Currently, I work as a data engineer and technologies I work on a daily basis are pyspark, azure, databricks, python and SQL. My job is consists of mostly data transforming and analysis using spark, python, and SQL. My goal is to get a data/software development job that is more focused on building products."
d9328ae1-73c8-57a4-b01f-d79f5f18c79b,Project Manager,Project Manager,machine_learning,3.0,mid_3_6,fluent,5.0,agile;computer vision;nlp;project management,4,leadership;remote,"Throughout my 3 years of experience as an Agile Project Manager, some of my accomplishments have been: - Setting up Agile practices from scratch in multiple teams - Managing teams working in different fields of tech (AI, data annotation/GUI, cybersec/education) - Managing international, remote teams of different sizes - Delivering deeptech products consistently and on time (a lot of my experience is in AI teams working on computer vision and NLP projects) Some of the projects that I've got to work on include: - Semantic and instance segmentation, and classification to detect roof damage from s"
d89fd5c5-a86e-57ff-ae67-34863d0d387f,Full Stack Web Developer,Node.js,fullstack,6.0,senior_6_10,intermediate,3.0,blockchain;javascript;node.js;project management;qa,5,,"My goal is to exceed our customers expectations in the form of value, quality, and complete customer satisfaction. I carefully analyze my customer's needs and objectives and deliver them a worthy solution. As a full-service provider of Web/Blockchain/Game development or IT solutions, I see my customer's project through from beginning to end, design, development, project management, quality assurance, E-commerce solution. Also, I love to create great idea with you. I welcome discussing your goals and help you find success!"
b8cb67f6-ac15-5e90-bb2c-e956ae382c4d,DevOps Engineer,DevOps,devops_cloud,1.0,junior_1_3,intermediate,3.0,aws;azure;ci/cd;docker;gcp;git;jenkins;kubernetes;terraform,9,,"1 year of experience in DevOps in real projects. Version Control: Git CI/CD: Github Action, Jenkins, CircleCI Configuration Management: Ansible, Chef or Puppet Containerization: Docker, Docker-Compose Orchestration: Kubernetes Infrastructure as Code: Terraform, CloudFormation Monitoring: Prometheus, Grafana Logging: ELK Stack Cloud Platforms: AWS, Azure, GCP Scripting: Bash Networking: NGINX, TCP/IP Collaboration: Slack, Jira, Confluence JUNIOR DEVOPS ENGINEER PERFSOL May 2023 - Present Automate software development, deploy and manage cloud infrastructure, implement CI/CD pipelines, ensure sec"
0515c597-6bc1-5ca6-bb3c-b1a758290845,.NET developer,.NET,backend,2.0,junior_1_3,intermediate,3.0,.net;agile,2,,"I have two year of experience working as a C# .NET developer (also as intern). Last year I experienced working on several projects together with the Team. Agile development approach has been used during SDLC. I have experience on both designing and creating new project such as LMS, Social Network etc.. and developing the existing CRM projects."
44500e2a-22cf-5e35-bd8b-2af63dd803f4,Sales Manager/ Account executive/ Account Manager/ Business Developer/ Customer Success Manager,Sales,mobile,4.0,mid_3_6,fluent,5.0,agile;project management,2,leadership,"Developed marketing strategy - when came into the Mind Studios company in 2016, there were 0 incoming leads per months, when I left a job in May 2018 - the amount of incoming leads, with enterprise projects quite often, reached 30 per month. Apart from that, took an active role in sales as a salesman & project manager in 2 companies (2 years + overall experience, around $100 000 renerated revenue). Closed more than a thousand small & medium deals on a product selling field, the biggest deal closed up to date is 100k in revenue. CRM, Marketing, Sales pipes, Project Management, Time Trackers (Ji"
9a80d941-d3e9-5e34-9884-2d2ab927ecf1,UI/UX Designer,Design,design_ux,0.5,junior_0_1,intermediate,3.0,figma;ui/ux,2,,"Excellent knowledge of Figma (Auto Layouts, Components, Variants, Styles, Properties) Understanding methodologies: Design Thinking, Sprint. Modeling: UML, User Flow. Requirements definition / interpretation activities: User Interview, User Persona, Mapping (Customer Journey Map), Brainstorming, Solution Grooming. Competitors Benchmarking. Understanding the Guidelines (Material Design, Human Interface Guidelines). Experience in designing Design Systems and style guides. Understanding of Atomic Design Approach. Understanding of Responsive Web Design. Understanding of Gestalt Principles. Understa"
5d2e7eb5-fc38-5d50-beee-be9e24dcbb86,Lead/Senior QA Engineer,QA Automation,qa_testing,9.0,senior_6_10,intermediate,3.0,agile;api;python;qa;scrum,5,leadership,"Test automation framework with configured CI that covers 20 services (up to 95% TC coverage) with established processes, daily runs and releases speed up Features ownership with successful delivery and increased products quality (based on PO feedbacks) Well-trained staff (6 QA) Hired new QA to create team from scratch for one of the projects Develop and implement internal policies - 9 years of professional experience in performing testing of client-server and web-based applications - ISTQB Certified Tester - Advanced Level (Test Automation Engineer) - Skilled in API/UI Automation (Python) - St"
227029bf-84e0-5b75-bcb6-26cee943fcd9,Front-end developer,JavaScript,frontend,0.5,junior_0_1,intermediate,3.0,angular;git;java;javascript;mongodb;mysql;node.js;react;sql;typescript;vue,11,,"These are educational projects . 1. It’s something like an Instagram social network. Used technologies: HTML5 CSS3 React / Redux Webpack Git HTTP / Fetch 2. This is a web application that helps people make an appointment with a doctor. Used technologies: HTML5 CSS3 SASS JavaScript es6 Gulp Git HTTP / Fetch 3. This is an adaptive landing page. Used technologies: HTML5 CSS3 SASS JavaScript es6 Gulp BEM Git Had little experience in (Java core, Testing library) I am ready to study new technologies according to the needs of the company. Like(sql, mySql, mongo, node, typescript, angular, vue)"
e8d564aa-1783-58de-9ac1-d2c0291fb8f3,Senior Product Manager,Product Manager,product_project,5.0,mid_3_6,fluent,5.0,agile;product management,2,,"A highly motivated, senior IT Product Manager with 4+ years of experience transforming businesses through technology, creative thinking, leadership, operational excellence, and customer advocacy. Agile, Data-driven, and adaptable to the ever-changing business environment and customer needs. Proven track record of excellence in identifying needs/ capabilities that can be leveraged and developing execution plans to achieve goals on strict timelines."
523b8e63-e1ad-567a-886b-723f32403532,Junior Node.js Backend Developer,Node.js,backend,0.5,junior_0_1,intermediate,3.0,android;blockchain;flutter;java;javascript;node.js;python,7,blockchain,"Work experience: April 2017 - January 2018 Freelancing on the Upwork.com as a native Android developer. I took part in developing new features of existing Android application(XMPP chat), fixed bugs. I used: Java, Android native SDK. Overall, I have three published applications. Two of them written in native SDK and the last one (id=com.kuzalex.nature_wallpapers) was developed with flutter, node.js, firebase and little bit of python for scraping websites. During the development of mobile applications for the needs of the clients and my own, I had to develop backend APIs also, write scripts usin"
a2d525d5-3e65-5a9b-9a93-2e4a02f2435f,Marketing Manager,Marketing,data_analytics,3.0,mid_3_6,fluent,5.0,blockchain;data analysis;figma,3,,"I have 4+ years of experience in marketing and PR mostly in communication, including industries such as hardware startup, e-commerce, and Web3. I’m a creative-thinking person who is able to apply analytics and insights as well as storytelling to create events, and podcasts, lead a team, and wrote community guides, and unique email newsletters with exceptional results. Possesses the ability to work effectively in a team and adapt to constantly evolving work environments have the enthusiasm to rapidly learn and eagerness to apply all knowledge gained. I have managed 6 online/offline events for i"
9920922e-3318-5acc-83d1-07444aa80c9b,Senior Automation QA Engineer (JS),QA Automation,devops_cloud,7.0,senior_6_10,fluent,5.0,api;cypress;docker;javascript;jenkins;playwright;qa;rest;scrum;selenium,10,,"- Using WebdriverIO+Puppeteer in parallel for e2e testing - Combining e2e with API testing within one project (WebdriverIO, Cypress, Codecept.js+Playwright) - Setting up Jenkins and Bitbucket Ci from scratch (including Docker) - Integrating npm modules for working with excel and pdf documents during e2e testing - Sharing knowledge within QA team - Mentoring QA manual to lear automation - Publishing article about UI automation testing on Medium 7 years of practical experience as QA, including: 1). Manual testing (functional testing, GUI testing, regression testing, exploratory testing, analysis"
3fdab0ce-79da-584d-8839-4ba987d785e5,Junior QA Engineer,QA,mobile,0.5,junior_0_1,intermediate,3.0,qa;scrum,2,,"MANUAL QA ENGINEER /QATestLab Training Center/ - Manual testing of CRM site without requirements - Writing bug reports, test cases, and checklists. - Using Scrum, exploratory testing, cross-browser testing - Preparation of test environments - Mobile testing, game testing MANUAL QA ENGINEER /MasterDynamix, Internship, Remote / - Manual testing of CRM site without requirements - Writing bug reports, test cases, and checklists. - Using Scrum, exploratory testing, cross-browser testing - Preparation of test environments"
5b72a890-1606-541a-9315-a25f3112522b,Software Engineer,PHP,frontend,7.0,senior_6_10,intermediate,3.0,javascript;laravel;mysql;php;typescript;ui/ux;vue,7,,"I am a developer with experience in building websites and web-services. I worked on a FinTech-related project. Platform Migration: Migrated a legacy FinTech project to a more modern platform to improve efficiency and scalability. - Backend Revamp: Utilized PHP 8.2, Laravel 10, and MySQL 8 to create a robust backend foundation. - Frontend Development: Implemented and fine-tuned frontend features with Vue.js, Typescript, and Vite.js for an enhanced user experience. Legacy Project Maintenance: Maintaining and optimizing an older system to ensure its continued operational excellence. - Worked with"
4ef47706-6260-54ec-ae8b-e56e5cbf627f,Manual QA Engineer,QA,qa_testing,2.5,junior_1_3,intermediate,3.0,api;git;python;qa,4,,"Quality Assurance Engineer + 3+ years - currently -Functional/Non functional testing; -Bug reporting and suggestion of improvements for the product; -API testing using Postman; -Testing Databases; -Coaching of QA team members; -Work together with developer to improve auto-tests; -Analyzing requirements, creating and reviewing test cases, checklists, bug reports; -Cross-browser testing; -Experience in Version Control Systems (GIT); -Process automation in Postman; -Started to automate processes by using Python. -Experience in Version Control Systems (GIT). Generally, I am oriented on websites. L"
0fa49665-0d90-5610-b757-c3ace7bb45ae,Системный разработчик (Senior System Engineer),C++,design_ux,11.0,senior_10_plus,intermediate,3.0,git;linux,2,,"more then 10 years in system software development Linux, Windows, MacOS cross-platform system drivers and applications low level and high load systems deep knowledge of networking boost, stl, design patterns git interesting and complex projects"
f16d0316-de12-52a3-8546-54095868b71f,Full Stack Web Developer,Node.js,fullstack,7.0,senior_6_10,fluent,5.0,aws;ci/cd;django;docker;git;github actions;go;graphql;javascript;kubernetes;laravel;node.js;php;postgresql;python;react;rest;ruby;spring;sql;typescript;vue,22,,"Mividas Developed Mividas endpoints for connection with different types of video conference systems using Python and Django. Designed provisioning interface for all the types of cameras in Mividas Rooms system (technical engineering). Built endpoints and Implement architecture of project using Django, Django RestFramework, Python, VueJS,PostgreSQL and GraphQL. Improved the functionality and scalability of existing services by updating those based on HTTP1 to HTTP2, using gRPC, RPC and by adding load-balancing functionalities and solving high-traffic issues. Developed and Deployed the proxy ser"
77e27f85-d7e9-5fe6-a71f-df8e1e1e1e6c,Data Scientist,Data Science,machine_learning,0.0,junior_0_1,intermediate,3.0,computer vision;machine learning;python,3,,"Taked part on programming olympiads for students, got sertificates in coursera, made educational projects Educational projects: - Building CNN to emotional detection, computer vision - Building classic NN to cat detection, computer vision - Telecom churn prediction with using machine learning methods and python libs - Modeling membrane oscillations with using math-physics methods and python libs -Earthquakes visualization with using OpenGL c++"
b240378f-139d-53c7-bfc8-7b0fa79e90a7,DevOps engineer,DevOps,devops_cloud,2.5,junior_1_3,intermediate,3.0,aws;kubernetes,2,,"Site Reliabilty and DevOps Engineer, with 6 years of experience in IT Operations, applications migration, and DevOps Engineering, always have the willingness to learn more new solutions and share in new challenges, my educational background is BSc. degree in computer science certified Redhat System administrator & AWS Certified Cloud Practioner and on the way to being certified Kubernetes administrator, seeking a new challenge in a large-scale environment with an organization that always has new challenges and more projects to share, a career path, and creative work environment."
a3035e4e-3ab9-5038-b4ad-1ac3365aef30,Senior Android Developer,Android,mobile,5.0,mid_3_6,intermediate,3.0,android;java;kotlin,3,gaming;part_time,"- Experience in developing a mobile app for one of the largest electronics retailers in Ukraine and e-commerce solutions; - Part-time job in develop a mobile messenger, full optimization and processing of the chat screen with multiple performance improvements. - Prizes at the Global Game Jam international hackathon for computer game development. I'm an experienced Android developer specializing in the developing apps with Java and Kotlin, using MVP, MVI or MVVM architecture with UI based on View or Compose frameworks, RxJava, Kotlin Coroutines and Dagger 2 or Koin. I'm oriented to write clean "
3cfa6cee-ef96-5695-b12e-27ba168bed49,UX/UI Designer,Design,design_ux,6.0,senior_6_10,intermediate,3.0,blockchain;figma;scrum;ui/ux,4,startup,"I have excellent knowledge of the main design tools such as Adobe PS, Sketch, Figma, inVision, etc., great skills in creating high-fidelity prototypes. I constantly follow up the popular design guidelines like Google Material, Apple HIG, and Atlassian. Additionally, I have experience in working with popular CSS Frameworks (Bootstrap, Foundation), and website builders as WebFlow, Wix, Shopify. Over my working experience, I have been involved in various industries like marketing and advertising, sales and retail, real estate, software, fintech, blockchain and cryptocurrency, gambling. I understa"
89ab9de1-f8a3-5e81-bcb9-0f9bf8570381,Project Manager/Manager of Operations,Project Manager,product_project,1.0,junior_1_3,fluent,5.0,project management;qa,2,,"experience of managing a team of 20 people, increased revenue of the department by 15%, extensive knowledge of USA Healthcare industry, resident of Happy Farm Business incubator: helped a project to get an investment of $30K. RPA Team Lead Manage Healthcare RPA (robotic process automation) team; analyze client`s workflow and consult regarding automation possibilities, work closely with rpa tech to create logics for RPA workflow, RPA project management, Provide support and guidance to the RPA team and ensure they have the needed resources to ensure successful and timely completion of project; w"
ab5185de-3612-541b-a07e-ba105a815eef,"Windows, Networks, VMWare, application support, AWS, Azure",Sysadmin,data_analytics,3.0,mid_3_6,intermediate,3.0,aws;azure,2,,"IT Support Network maintenance and monitoring Server administration Application support Monitoring and access control system with ZKTECO and MSSQL setup to regulate access on a nationwide network for a financial institution CCTV control and security system with HIKVISION, Axis, Mobotix to regulate access on a nationwide network ERP support for a technical university and an Edutech firm - application support, system updates and administration, database management Network and application systems support for a multinational financial institution Systems and server administration for a global clot"
92781cb8-c199-5f07-b825-804c82237490,Senior fullstack .NET developer,.NET,fullstack,6.0,senior_6_10,intermediate,3.0,.net;api;azure;react;rest,5,,"Development complex components, optimization of UI Big experience as fullstack developer, full cycle development process (back+front+dbs). Projects in different domains, various tasks, developming filtering, creating REST API, experience with setup Azure, integration with Azure services and use it on development. Most relevant stack technologies React+Core. Modern technologies stack, web development, interesting and hard tasks, oriented on best quality in development, support from management to bring innovations"
799dfe87-9465-5fd0-8aa7-57955480728b,Senior .Net Developer,.NET,backend,7.0,senior_6_10,intermediate,3.0,.net;agile;microservices;scrum,4,,"Skilled and efficient Software Developer offering 7+ years of experience in design and development of .NET applications; Experience with DB modeling, refactoring DB expressions and table design; Experience with both monolith and DDD microservice architecture as well as using Kafka and event-driven approach to implement the communication between microservices; Believer and follower of the best IT industry practices (DI, Unit/Component/Integration Testing, Code Review); Comfortable working in a team following Agile (SCRUM) methodology."
10d7cc9e-acb0-51ab-a40d-1bf7c77bcd3d,Front-End Developer,JavaScript,frontend,11.0,senior_10_plus,intermediate,3.0,android;angular;ios;javascript,4,,"Senior Front-End Developer Jan 2020 — Present The project is applying the Micro FE approach. Developing the platform for firestop system solutions of the large construction company. - front-end web development; - communication with the customer; - managing tasks, risks and time estimations; - investigating and fixing issues; Front-End Developer Sep 2017 — Dec 2019 Client is global leader in providing leading-edge technology, software and services, which power the professional construction industry. Project is aimed to create iOS and Android application to improve jobsite management by means of"
abda3aba-13ac-5ed5-ae8f-a537f537addd,Senior Software Engineer,Python,machine_learning,10.0,senior_10_plus,fluent,5.0,aws;machine learning;python,3,,"I don't know what to place here. I always got things done, I always treated the client's business like my own. Usually, people like to work with me. Managers often give nice feedback to me. From a technical point of view, I was a person who led the product that is the main product of the company right now. And this company got acquired. Also, I was able to build production and dev infrastructures on AWS for a relatively complex FinTech product alone. Python Software Engineer with a basic ML background. I'm working on ML-related projects mostly. Most of the projects were in the financial domain"
c099f78d-4705-57a3-b4aa-db1428ab2b34,Manual QA Engineer,QA,qa_testing,2.5,junior_1_3,intermediate,3.0,qa;scrum,2,,".............................................................................................................................................................................. • NIX Solutions (December 2020 - present time) - Manual testing of web project - Analysis of business requirements - Creating test cases, checklists, bug reports (Jira) - Using test design techniques (equivalence partitioning, boundary value analysis, decision table) - Daily communication with developers - Participation in Scrum activities (grooming, daily meetings, retrospective) ........................................."
7e7c9b6d-5712-55bc-8341-f2d0ca0001d7,Front-end developer,JavaScript,frontend,1.0,junior_1_3,intermediate,3.0,javascript;node.js;postgresql;react;typescript,5,,"found a problem that negatively affected to UI Commercial project as react developer: 10 months on project for beauty industry: React, Nexts.js, TypeScript, Styled Components, Antd. Also I have some expirience with Firebase, storybook, PostgresQl, Node.js. I want to improve my skills and share experiences I expexct clearly opportune feedback, interesting tasks, good communication, opportunity to develop, an inspired team. I want to take part in the development share and involve own ideas"
786bbe2e-8f60-5ada-adff-27ca4c1c3c87,Senior Android Developer,Android,mobile,8.0,senior_6_10,fluent,5.0,android;api;data analysis;git;java;kotlin;rest,7,part_time;remote,"I've established the architecture from the scratch and was the only Android dev for a year in a Point Of Sale project. Right now we have two Android devs and one student who is led and taught by me. I also do teach my friend how to code on Android in my spare time. By the way, I'm the owner of a music production studio. I'm also a musician and artist. I take an idea, and always give a couple of ways to implement it. Lots of complicated custom views and scroll solutions are covered by me on the POS project. I've also worked on an application that was completely rewritten from Java. I investigat"
dcc64de6-d31b-5c95-9476-4ce3f8a2297b,Junior QA Engineer,QA,data_analytics,1.0,junior_1_3,intermediate,3.0,agile;api;git;javascript;qa;rest;scrum;sql;ui/ux,9,,"Strong technical educational background Solid understanding of QA methodologies and processes Experience in creation of QA documentation: Checklists, Test Cases and Bug Reports Experience in working with databases SQLite Understanding of Web technologies (html/css, http(s), json, ajax, xml, REST, SOAP) Basic experience with JavaScript, GIT, HTML, CSS, SQL Basic knowledge in API testing (Postman) Experience with traffic tools (Charles, Fiddler) Experience with JIRA, Trello, DevTools Understanding of SDLC, STLC, BLC Understanding of Agile, Scrum, Kanban, Waterfall English B1 QA Engineer ON Clini"
0466a087-0bcd-5c8e-b9f9-166c41c5ae81,Front-end developer,JavaScript,fullstack,1.5,junior_1_3,intermediate,3.0,api;javascript;mongodb;mysql;php;postgresql;vue,7,,"I am fullstack developer with more than 1.5 years of experience. Learnt a lot as hobbyist and work teached me even more. I know such languages as javascript, php, mysql, css - frameworks like vue.js and symfony with api platform, sass + tailwind - databases like mysql, postgresql, mongodb + mongoose."
3da8e153-89df-5709-bd51-ade07c1ffc4f,Junior QA Engineer,QA,qa_testing,0.5,junior_0_1,intermediate,3.0,agile;api;qa;scrum;sql,5,,"Freelancer on TestIO -Identified and documented bugs with concise and detailed reproduction steps which were sent to the development team for rectification; School of testers QA Start Up ""QA Base"" Practical work on the courses: Testing the specification of the requirements of the courseware (bug tracking system). Writing a Test Plan for the course software testing process. Create positive and negative test cases. Testing course software and generating defect reports in Jira. Additional Skills gained on courses: • Bug Tracking Systems : Jira • API Testing Tools: Postman • Database Management: M"
523219db-7f59-52a6-aa06-306aa696dcb8,Software Developer,C++,machine_learning,1.5,junior_1_3,fluent,5.0,computer vision;java;linux;python,4,research,"I wrote an article on stereo image pair rectification for the KPI university journal. Also, I mentored people and received highly positive feedback on this, and find it among the most enjoyable parts of work. My last project was in automotive (working with computational geometry & computer vision algorithms). I grew quite confident in my C++ and Linux expertise over time and consider these my strongest suits, as well as my strong mathematical and natural sciences foundation. I am however flexible when it comes to the further professional advancement. I have professional experience with Java, P"
b7590f2f-4053-5901-bffa-74fe53be88e9,"Product Owner, Project manager",Project Manager,product_project,8.0,senior_6_10,fluent,5.0,product management;project management;scrum,3,,"Managed a wonderful team who delivered 2 products in 2 months and didn't break by the hard conditions of the extreme programming. Literally handcrafted Scrum environment with available materials for two different teams & they loved it. Successfully launched and finished own social project. Combined the roles of project/product manager and product owner in the International IT Product company. Successfully built effective motivated teams, who lived by the passion for the product we developed. Successfully set the processes and metrics from scratch in a startup with a worldwide known name. Becam"
110eccf8-91e4-5a67-9209-a211dc8f3509,DevOps engineer,DevOps,devops_cloud,3.0,mid_3_6,intermediate,3.0,aws;ci/cd;jenkins;terraform,4,,"- Development infrastructure scripts using terraform for bringing up infrastructure in AWS. - Support development, staging and production environments on AWS. - Import infrastructure into Terraform management. - Migrate from basic Terraform scripts to Terraform modules - Support CI/CD processes, that built on Jenkins and Ansible. - Rewriting jenkins jobs into jenkins pipelines. - Writing Ansible playbooks and roles for infrastructure provisioning. - Monitoring infrastructure usage using Prometheus and Grafana."
c0d0d558-fd76-5303-925d-ac0afe05d064,Senior Technical Recruiter,Recruiter,backend,5.0,mid_3_6,fluent,5.0,.net;java;javascript;typescript,4,,"Results-driven recruiter with 5 years of experience in searching and identifying the right talent on the market, I am also skilled in direct communication with the clients I’ve been involved in all stages of the account management process, starting from the pre-sale process. I showed the best hiring results after the first year in recruiting being the most junior team member and I've been a top performer since then. I've hired multiple software engineers for the projects with various tech stack including, but not limited to Java, .NET, RoR, JS/TS, DevOps, Mobile (both native and cross-platform"
4578e259-44ae-5ba5-8e55-4092c9f15ab9,UX/UI Designer,Design,design_ux,0.5,junior_0_1,intermediate,3.0,figma;ui/ux,2,,"Hello! I am a detail-oriented and driven UX/UI designer from Kyiv with a bachelor's degree in marketing. What is my superpower? I am able to turn complex business requirements into intuitive and engaging user experiences. I don't create design for the sake of a pretty picture. I create design that solves problems, delights users, and exceeds expectations. So, here's a quick overview of my skills: • Proficiency in using Figma; • Experience in creating advertising banners, social media content, and websites for various niches. • Expertise in user interface design principles, including color theo"
a6a4afe7-07e5-5983-a93e-2206c0033c48,Frontend/JavaScript/Game Developer,JavaScript,frontend,2.5,junior_1_3,intermediate,3.0,git;javascript;react,3,,"• HTML5 • CSS3,SCSS • JavaScript • React • Pixi.js • Phaser • GSAP • Git • Gulp • Webpack Motivated and active JavaScript developer. I am looking for interesting projects and a team with whom I can mutually improve my skills, learn different technologies, gain new experience and grow as a developer and team member."
19cbe709-b2a1-5712-8a1a-67a76ccbc7c9,Project Manager,Project Manager,qa_testing,4.0,mid_3_6,fluent,5.0,project management;qa,2,,"Creating your own projects from scratch (technical part and documentation), quality testing of large software products, multimedia testing. Experience working on tasks remotely. Distributed team management. Optimization of onboarding and offboarding, resolution of professional and personal conflicts of the team I have additional education in the field of IT project management. Worked as a manager in the development of web applications, and online stores. I also have experience as a QA Engineer. I have a portfolio of successfully completed projects. I can show it in private messages. I believe "
e8fece72-e624-5379-a48d-f8693b0f760e,Manual QA Engineer,QA,mobile,4.0,mid_3_6,intermediate,3.0,api;figma;product management;qa;rest;sql;ui/ux,7,,"Building Integration, configurations • Writing test cases • Writing checklists • Creating test plans • End-to-end testing • API testing • Web/Mobile testing • Creating bug reports • Reproducing test scenarios • Regression testing • UI/UX testing • Leading of project documentation • Creating user stories • Describing requirements from Figma • Investigating issues by using Dev Tools MLG Consulting s.r.o Business analyst, November 2020 – January 2021 (3 months) • Customer interviews - business needs identification / proposal; • Preparing documentations; • Analyzing competitors marketplace; • Crea"
853412c8-976a-5f89-9ac7-121221a306b8,Data Analyst / Business Analyst,Data Science,data_analytics,2.5,junior_1_3,intermediate,3.0,data analysis;sql,2,,"Best employee in the department (12.2020) Best employee of the month (12.2019) 3,5+ years of experience in analytics; 2,5+ years of experience with SQL as data reporting analyst; 2,5 years of experience in creating reports and dashboard for directors and top managers of the company; 1 year of support reporting in Qlik Sense; within 4 years has created many reports, visualizations and dashboards in Excel using MS SQL Server; proficiency in MS Excel (creating reports, formulas, macros, pivot tables); сompleted the Google Analytics beginner course; 2+ year of experience with CRM system as a user "
20d03b24-8895-5bfc-b399-b42188b5e7b9,"Junior Golang Backend, Full Stack Developer",Golang,fullstack,0.0,junior_0_1,intermediate,3.0,flutter;git;go;javascript;mysql;vue,6,,"Graduated from high school with a gold medal. Currently a student. Ready to learn and progress. Education: Kharkiv National University of Radioelectronics Bachelor's degree, Computer Engineering (Sep 2017 - Jun 2021) (Average mark: 82.57) Kharkiv National University of Radioelectronics Master's degree, Computer Engineering (Sep 2021 - Dec 2022) Fullstack Golang + JavaScript courses Dec 2021 - May 2022 Project: Food delivery (fullstack) Technologies: Golang, MySQL, Vue.js, nginx, GitHub, GoLand IDE. Have Flutter/Dart ""Food delivery"" mobile app pet-project."
79a4fbb0-85c7-527c-9025-ae957895318c,System administrator,Sysadmin,design_ux,5.0,mid_3_6,intermediate,3.0,azure;linux,2,,"Experience Hosting and billing support Jan 24 2022 - Aug 16 2022. TopAdmin Duties:Working with hosting and billing system such as Cpanel, ISP. Helping clients in solving their problems related to web servers, site transfer, mail and other projects. Work on setting up a virtual environment KVM Proxmox Hyper-V, etc. Solving network problems. Most of the work is related to the administration of the Linux OS Network engineer Dec 10 2019 - Dec 30 2021 Factory ""ABStolychny"" Duties: Network enginee and system administrator, T1 support Providing supporting to end user in different situation as like: H"
2c54efa4-df1b-5f97-970a-04540398de67,DevOps Engineer,DevOps,devops_cloud,1.0,junior_1_3,intermediate,3.0,aws;ci/cd;docker;git;github actions;jenkins;kubernetes;linux;python;terraform,10,,"Certified Kubernetes Administration I have 4 years of experience as Engineer in IT. I have a lot of experience with bare metal servers and Linux. I'm a certified Kubernetes administrator, I also have many certifications in hardware maintenance from HPE (servers, storage, networks). Experience in working with Jenkins, Docker, Kubernetes, GitLab, Python, Ansible, AWS (small experience Terraform, S3, CloudFront), Bash scripts, network monitoring, GitHub Actions. Performance monitoring and servers workload, advanced troubleshooting, CI/CD. Writing scripts for automation, preparing environment, wri"
38498e39-4a57-5163-a52e-d9ea5f0c0e3a,QA Automation Engineer,QA Automation,backend,1.0,junior_1_3,intermediate,3.0,java;playwright;python;qa;typescript,5,,"I have 12 months of experience quality assurance automation projects activities. I have carried out test planning, requirements analysis, software testing and assisting team members. 4 month working on C# Appium for WFA app, and 7 month TS PlayWright for web app. Basic knowing of Python and Java."
eac41cd3-1881-5d21-89bb-afa69c28410c,Data Engineer,Data Engineer,machine_learning,2.0,junior_1_3,fluent,5.0,aws;data analysis;machine learning;python;scikit-learn;sql,6,,"- 3.77 of 4.00 GPA at Boston University (M.S. ADA) - designed and deployed a recommendation system for a groceries delivery app (Ryadom, part of Choco Superapp) - designed and engineered a fraud detection system for a QR payments platform (Rahmet, part of Choco Superapp) M.S. student at Boston University studying Applied Data Analytics with a concentration in data engineering. Before beginning graduate school, I worked for nearly 2 years as a data scientist for the largest IT company in Kazakhstan (Choco Superapp). As a result, I worked on various services including food/groceries delivery, on"
85c73903-adfc-5ceb-8624-4ae4d1d3143a,Project Manager,Project Manager,product_project,7.0,senior_6_10,fluent,5.0,agile;product management;project management;scrum,4,,"Project Manager / Product Owner / Scrum Master roles performed Agile Methodology, Scrum / Kanban frameworks are preferable Managing teams up to 18 members on 1 Project Planning projects with a large datasets, teams dependencies Balancing and prioritizing multiple projects and priorities Mentoring & knowledge sharing"
3c7efe87-1e99-5116-84ee-5c0393699058,Frontend Developer,JavaScript,frontend,5.0,mid_3_6,intermediate,3.0,angular;git;javascript;qa;typescript;vue,6,,"May 2022 – until todey, Full-time, Bafood Job description: Development and maintain CRM system. Project Role: Frontend Developer. Team: 2 front-end, 3 backend , 1 QA, PM. Tools: Intellij IDEA. Technologies: HTML5, CSS3, TypeScript, Angular, Angular Material, RxJs, NgRx September 2021 – April 2022, Full-time, Moneyveo, Kyiv Job description: Development and maintain of a loan application system. Project Role: Frontend Developer. Team: Team lead, 4 front-end, 3 backend , 2 QA, PM. Tools: Intellij IDEA. Technologies: HTML5, CSS3, TypeScript, Angular, Angular Material, RxJs, NgRx May 2019 – Septemb"
7bcfcdf9-8db3-5160-b683-27bbb9523852,"Chief Delivery Officer, Project Manager Officer,, Quality Manager, Service Desk Manager",Project Manager,devops_cloud,7.0,senior_6_10,intermediate,3.0,project management;vue,2,,"- Participated in managing a team of project managers and IT developers. - I have experience in implementing Cloud Jira in the company for many employees and building projects based on Cloud Jira. - I have practical experience in training employees to use Cloud Jira. - Had experience in implementing controls on the contemporaneity of working time records. - After the introduction of Cloud Jira, a project was created to support the participants of the apartments in working with the system. - I have practical experience in building a working Service Desk system ""from scratch"". - There is experie"
78d19215-148a-5d8b-8005-b85a43a545ed,Full Stack Developer,JavaScript,fullstack,6.0,senior_6_10,fluent,5.0,agile;api;aws;azure;ci/cd;cypress;docker;javascript;kubernetes;laravel;node.js;postgresql;product management;react;rest;vue,16,,"* Successfully developed responsive websites and RESTful APIs by utilizing various frameworks like VueJS, ExpressJS, Laravel, etc., with appropriate database integrations through ORM tools like Sequelize or Eloquent * Experienced in implementing automated testing methods and debugging features via Mocha, Jest, Cypress or related testing tools to enhance application performance * Familiarity with cloud computing platforms like Amazon Web Services [AWS] and Microsoft Azure to build cost-effective solutions with easy scaling options * Knowledge about containerization techniques to optimize deploy"
3b833f9c-add5-5ada-bc23-26554f99f3e8,Junior Project Manager,Project Manager,product_project,0.0,junior_0_1,intermediate,3.0,java;project management,2,,"- Have successfully completed SoftServe IT Academy course Web UI, essentials crash course - Have successfully completed SoftServe IT Academy course Java, essentials crash course I had been working as online store manager for 6 months (consulting customers about the product). Now I open to new offers for the possition of progect/account manager. I have a desire to study and get new skills, ready to work hard."
b6c3dd7c-85b2-53b2-b33e-4d9c5196cb7b,Middle QA Engineer (Manual),QA,data_analytics,4.0,mid_3_6,intermediate,3.0,api;azure;qa;sql,4,,"Middle QA Engineer (May 2021 - Present) AdTech domain, Azure DevOps, Functional testing, Localization testing, Regression testing, Compatibility testing, Smoke/Sanity testing, Postman API, MS SQL. Manual QA Engineer at Gameloft ( Feb 2019 - May 2021) Jira, Functional testing, Non-Functional testing, Quality Assurance, Manual Testing, Bug report, CRM, Regression Testing, Bug Reporting, Confluence, Spira I am looking for a friendly, well organized, and proactive company where I can use all my experience and knowledge and further develop."
61ccdc5c-07b8-562b-acf0-b65880f479e7,Data Scientist,Data Science,machine_learning,1.5,junior_1_3,fluent,5.0,computer vision;docker;flask;git;java;numpy;pandas;python;pytorch;scikit-learn;sql;tensorflow,12,,"Hi, my name is Kostya, and I am a student at the University of Applied Sciences Zwickau, Germany of the study program ""Data Science"". As a member of the Data Science research group, I have been heavily involved with Python programming, including collaborating with the other staff members and doing such projects as: • developing a python library to deal with supervised learning problems • doing semantic segmentation model for the hospital in Germany • prediction of COVID patient admission to the ICU • fine-tuning a language model to create custom embeddings • predicting a 2-week sales of the on"
7528536b-2bac-5b5b-8176-0795cb1fe5ff,Junior Developer,.NET,backend,0.5,junior_0_1,intermediate,3.0,.net;android,2,,"Now I am finishing courses on .net/C# in Alevel. I'm good at MVC projects. But I'm new to Web services, but getting better day by day on it. And I develop mini games for myself. There was also a project to create an application for android in which the control of the targets in the dash was carried out. Interesting projects, the possibility of self-development, helpful staff."
1851215a-18be-5642-a212-97cb50a64158,QA engineer,QA,mobile,2.5,junior_1_3,intermediate,3.0,api;qa;rest,3,,"Worked on E-commerce projects: - Manual testing of web and mobile sites and applications - Writing test documentation (test cases, test plans, checklists, testing metrics) - Writing technical requirements based on clients’ User stories - Advising in software development process improvement - Functional testing, system testing, integration testing, GUI testing, regression testing, smoke, sanity, localization, cross-browser testing, REST API testing - Bug reporting - Communicating with QA team, developers team to resolve technical issues. Active participating in defining the design and functiona"
9b81d339-baa8-50b6-8f1c-0716bf0f2cb6,Middle QA Engineer,QA,qa_testing,5.0,mid_3_6,intermediate,3.0,api;qa,2,,"Software testing: (Usability, Regression, Configuration, System, Integration, Stress, Acceptance, Performance, Load, Volume, Component, Sanity testings); • Work with the Magento, BigCommerce and Shopify ecommerce platforms; • Creating test-cases, checklists, bug-reports and the test-plans; • Experience in API testing using the Postman application (requests with different kinds of authorization etc) Middle Manual QA Engineer. Total work experience: 5 years. Software testing: (Usability, Regression, Configuration, System, Integration, Stress, Acceptance, Performance, Load, Volume, Component, San"
ff1ae98e-911a-5a95-8c9a-8da6968d79d6,UX/UI Designer,Design,design_ux,3.0,mid_3_6,intermediate,3.0,figma;ui/ux,2,,"I would like to work more in the product and cover all the needs for its design and tasks around it. I am also good at working with various large brands and their brandbooks, creating advertising sites for communication with the user. I also like to create online stores. I can and love to create landing pages on Tilda 3 years of experience as a UI / UX designer in interactive, flexible, user-friendly and cross-browser websites, online stores and product websites. Worked on banking applications, special projects aimed at marketing brand integration, which stimulated business growth and helped t"
44b6c62a-9809-5b6d-9d60-bd845edba64b,Business|BI| Data Analyst,Data Analyst,data_analytics,4.0,mid_3_6,fluent,5.0,mysql;power bi;python;sql;tableau,5,,"Implement automated KPI management using MS Excel & Power BI. -Create Power BI dashboards. -Calculate business plans and production projects. -Create reports from scratch using SQL and PL/SQL -Create meaningful Power BI dashboards for internal customers -Optimize SQL queries, functions and databases Projects; - product and sales dashboard and their analysis. - SQL program for queries - Healthcare analysis - Financial budget and Forecasting analysis. - Bike sales analysis - Sales Insight Technological Tools; - SQL (MySQL) - Microsoft Power BI - Microsoft Excel - Tableau - python Current Role: D"
fbc65c7e-df20-5159-954c-00d988993dc3,"QA, Manual Testing",QA,mobile,3.0,mid_3_6,intermediate,3.0,api;cypress;javascript;qa,4,,"During the period of work, I had made progress in writing test documentation and creating bug reports. Improved skills in working with Chrome dev tools, Charles, Swagger. Now learning JS and Cypress - Website testing - Mobile app testing - CRM testing - API testing - Create detailed, comprehensive and well-structured check-lists and test cases - Identify, record, document thoroughly and track bugs - Perform thorough regression testing when bugs are resolved - Use web debugging tools - Orientation in business logic - Interaction with the development team and PM Work experience at Everad as Juni"
def3f497-b328-58ff-980e-a7cabd8bbe40,"Senior Software Engineer, Lead, Engineering manager",Node.js,backend,9.0,senior_6_10,fluent,5.0,ci/cd;cypress;docker;gcp;git;github actions;javascript;node.js;project management;react;rest;typescript,12,,"- Managing multidisciplinary teams - Maintaining high-scalable and high-load real-time back end systems. - Introduction of TDD and Code Style to a team of 15 developers. Leading efforts on increasing Code Quality, Code Coverage / Testability, CI/CD pipelines. - Increasing sales by implementing service responsible for increasing availability of products in various e-com marketplaces like Google Shopping, Amazon and so on. - Implementing Monitoring and Alerting to reduce maintenance, support time. - Implementing tooling for package delivery over GitHub Actions and Package Registry. Software engi"
67261ce5-1fad-54a5-bafc-bbb2a9b99fa5,Azure DevOps,DevOps,devops_cloud,11.0,senior_10_plus,intermediate,3.0,aws;azure;git;linux;sql,5,,"Actual Certifications Microsoft Certified: DevOps Engineer Expert Microsoft Certified: Azure Administrator Associate Microsoft Certified Professional: Microsoft Certified Professional Old certificates AWS Certified Solutions Architect - Associate 2017 Cisco CCNP R&S Vmware VCPDC More then 20 years of experience in IT Tech stack - Microsoft Windows Server (from 2003 to 2019) all roles - 16 years - Linux platforms Ubuntu, Centos - 9 years - Azure DevOps Server (ex TFS) - 5 years - Microsoft Exchange Server (from 2013 to 2019) - 9 years - Microsoft Skype for Business Server 2015 - 3 years - Vmwar"
88aefa3d-cfa1-5c1b-9b37-5423355b6129,Junior UX/UI Designer,Design,design_ux,0.5,junior_0_1,intermediate,3.0,figma;ui/ux,2,,"01/2020 - 04/2020 Graphic Designer & Content Manager at food delivery company “BurgerShtat”. • Create visual and textual content for social media. • Make animations. • Develop content plan • Development of printing products (menu, visit cards, stickers) • Design advertising products (flyers, posters, banners) 02/2019 - 09/2019 Graphic Designer & Content Manager at e-commerce “Carpets from Belgium” • Created visual and textual content for social media. • Designed advertising products (flyers, posters, banners) • Photographed goods and edited photos • Filled the WordPress site with goods and inf"
b424b6fd-2799-5ae4-abae-1a190cec3d17,art project manager,Project Manager,product_project,11.0,senior_10_plus,intermediate,3.0,javascript;product management;project management,3,leadership,"Some achievements in the work. –Launched advertising agency ""vip-media group"" (in partnership. Now it's closed). –Realized as an art director (development of the visual part: design, entrance groups, signage, advertising campaigns, printing. Work with designers, layout designers, sound engineers. Interior in a nightclub. Privat Bank, Raiffeisen Bank Aval, Vladimirsky, etc. –Realized as a project manager: (Selection of materials for outdoor advertising, project evaluation, development of estimates and project support). –As a result, I personally and with a team developed more than 50 signs. Mor"
e09a359e-90ab-5d27-a0ab-2c93de39d91c,Front-end/JavaScript developer,JavaScript,frontend,3.0,mid_3_6,intermediate,3.0,javascript;laravel;microservices;mongodb;node.js;project management;react;typescript,8,leadership,"Recomendations: ""Roman and I worked in different teams that both created separate applications for microservice architecture. Roman is a reliable developer who really takes care about the most effective way of solving the issue or implementing a new feature. He was also responsible for code review of junior developers, consulted them and helped them grow."" - Alisa Poliakh, System Analyst ""We collaborated with Roma for over a year and a half, and during this period, Roma demonstrated great self development. This indicates that he is diligent, eager to learn, and committed to enhancing his skill"
e64bc109-7195-5075-a6e1-603172499c97,Machine Learning Engineer,Python,machine_learning,5.0,mid_3_6,intermediate,3.0,linux;machine learning;python,3,,"- development of various neural networks for processing Ukrainian languages texts ( coherence evaluation, coreference resolution, noun phrase detection ) - development of web-interfaces for embedded devices - development of custom Linux-based firmwares for network devices -integration of crypto modules into embedded devices -development of e-commerce sites from scratch -development of a complex system for OCR processing of custom images"
043fa0af-78e4-5840-950c-c4024af4e1de,Junior .NET Developer,.NET,fullstack,1.0,junior_1_3,intermediate,3.0,.net;agile;angular,3,,"Full Stack development (.Net) •Cooperate with developers and designers to create clean interfaces and simple, intuitive interactions and experiences. • Developing unit tests and coverage • Experience with Agile development methodology as part of a team • Experience to work on both UI and Server side of the application • Bug fixes and add some enhancements to code • Experienced with all stages of the development cycle for dynamic web projects Full-stack developer(Asp Net Core + Angular)"
2b91ac00-9332-5819-b37a-d0f9a33fd12e,Manual QA Engineer,QA,qa_testing,1.0,junior_1_3,intermediate,3.0,android;api;ios;linux;qa;scrum,6,,"1 years of working experience in the testing realm Responsibility, attentive to details, self-development and the desire to develop further Team player with the ability to work productively in a team as well as individually. -Strong understanding of QA theory, knowledge in software development lifecycle (SDLC); - UI Testing; -Work and knowledge of Development Methodologies: Waterfall, Kanban, SCRUM; -Ability to design/write a technical documentation: Test Plan, Test Case, Checklist; - Knowledge of test design technics, test types, and levels of testing; - Experience with analysis and testing o"
37f52e4c-8aff-56d7-9987-548a2c30c768,"PHP Developer, React js, React Native, nodejs/express js sql,",PHP,frontend,1.0,junior_1_3,intermediate,3.0,javascript;node.js;php;react;react native;sql,6,,I have a degree in computer engendering in Ethiopia www.zumra360.com >> full system design. backend and logical page rendering on this php website. its a platform build for brokers and casual users to sell and buy products. www.primebridgeacademy.com >> a WordPress website for a school.
9422e547-5eec-51dd-a47d-b7238db340ad,Machine Learning/ Deep Learning,Data Science,machine_learning,5.0,mid_3_6,fluent,5.0,django;machine learning;python,3,,"Experienced Artificial Intelligence Engineer with a demonstrated history of working in the information technology and services industry. Skilled in Python (Programming Language), Mathematics, Deep Learning, Machine Learning, and Neural Networks. Strong engineering professional with a Masters's degree focused in Computer Science from National Technical University ""Dnipro Polytechnic"". Artificial Intelligence Engineer Company Name COMPARUS.UA Dates Employed May 2019 – Present Employment Duration 6 mos KeyUA - Software Development Services Django Developer Company Name KeyUA - Software Developmen"
3e53807f-51e3-5b7c-a82b-803a80503299,Magento/Symfony Developer,PHP,backend,1.5,junior_1_3,intermediate,3.0,javascript;microservices;node.js;php;redis,5,,"Basically I work with Magento 2 (investigation, bugfix, improvements, creating of new features.), but also have expiriance with Symfony Framework and node.js (like microservices) and technologies like RabbitMQ and Redis"
4ed983a4-b931-5106-a9b9-641f72617694,Junior Python Developer,Python,fullstack,0.0,junior_0_1,intermediate,3.0,django;python,2,,"Have master degree (NTUU KPI ""Igor Sikorsky Kyiv Polytechnic Institute"", Engineer). Responsible at work, self-critical. Have a couple of projects: -One online coffee store (not completed. Used django) -One weather checker site (shows the current weather for the chosen city. Used django) -Finished several Online Python Courses I touched on all the technologies that are indicated in the profile, perhaps my knowledges on them is not perfect, but there the way to grow. At first I want to became a high skill backend developer, after maybe to became a fullstack developer. I want to become a professi"
29b8f86e-e336-5bb9-b747-1d5551933ac6,Project Manager,Project Manager,qa_testing,4.0,mid_3_6,fluent,5.0,agile;product management;project management;qa,4,,"Skills: Project Management, Team Management, Product Management, Recruiting, Team Leadership, JIRA, Quality Assurance (QA), Agile Methodologies, Virtual teams, Production Centre, India. Languages: Russian, Ukrainian, English. Total 5+ years in IT. Strong experience in all stages of the project: initiation, planning, implementation, monitoring, control, maintenance and closure. Work closely with customers on the technical requirements. Pre-Sales negotiations, presenting the company to clients. Working with documentation (Contract Agreements, NDA,) * Project analysis and valuation. Working knowl"
84ff490f-12e2-57a6-86d1-8227548fe007,UI/UX/Product designer,Design,design_ux,7.0,senior_6_10,intermediate,3.0,figma;ui/ux,2,,"Results-driven UX designer with 6+ years of experience creating intuitive and user-centered digital experiences. Proficient in user research, wireframing, prototyping, A/B testing, and usability testing. Skilled in translating complex requirements into user-friendly interfaces that enhance user satisfaction and drive business goals. Experienced in utilizing the MVP approach within a full product or part of a product. Possess strong collaboration and communication skills. Experienced in working with large-scale SaaS projects and how to make design systems for them, atomic design friendly. Have "
2852063b-0d37-52fa-9071-f0f289e349b9,Junior QA Engineer,QA,data_analytics,0.5,junior_0_1,intermediate,3.0,agile;java;javascript;qa;scrum;sql,6,,"Aug2016-Dec2016: QA Engineer; (IT-software Manufacturing) - Participated in 2 projects - Manual software testing: cross browser testing, UI testing, smoke testing, functional testing, regression testing, ad hoc testing, usability and acceptance testing. - Bug-tracking system: Redmine - Experience in writing test documentation - Implementation and support of software - Testing CRM-system based on platform SalesForce.com. - Testing web-applications - Waterfall experience - Understanding of HTML/Java/JavaScript - Understanding of SDLC Agile (Scrum) - SQL (basic) Courses: - Jul2016: Prometheus, So"
a5e351d4-81b9-5e1e-af32-302309b6e6be,QA Automation Engineer,QA Automation,mobile,7.0,senior_6_10,fluent,5.0,mysql;qa;selenium,3,,"As a Senior QA Engineer at Fidelity Investments, I oversee testing for our Fidelity Crypto platform. With 6 years of experience, I manage end-to-end test strategy for mobile and web apps, including trading, account management, and reporting. My responsibilities range from reviewing user stories to updating the regression suite with automated test cases. I use tools like Selenium, Postman, MySQL, Linear, X-ray, and Notion. Currently, we're adding VWAP order type, a major update that requires meticulous testing and regression checks. I ensure all aspects function seamlessly, from UI to backend, "
1d4c7d01-2561-55b9-84f5-e3c65553a4ad,Digital marketing specialist,Project Manager,product_project,1.0,junior_1_3,fluent,5.0,agile;project management,2,,"- I was running over 4 projects simultaneously - I learned how to determine the importance of different tasks and order them effectively based on that My previous work experience: I have over a year of experience in project management, my tasks were: - Ensure that projects meet the requirements and satisfaction of clients - Use skillful communication to manage and coordinate the efforts of multiple teams - Develop management skills and use them to manage multiple complex projects simultaneously - Automate basic management processes using the latest management software and tools Also, previousl"
80f897a9-aa30-563a-9b0d-5a9a7199b385,Senior QA Engineer,QA Automation,devops_cloud,6.0,senior_6_10,intermediate,3.0,api;aws;qa,3,,"Manual and automated testing for web application, for API, AWS. Use BDD approach, mostly with Cucumber. Created lots of different documantation artifacts: reports, notes, acceptance criterias, test cases, diagrams etc. Worked as a team part and solo. Participated in Helthcare practice, Insurance practice, and others. Can manage work as a lead. Plan to growth in a management direction"
d1234801-0c66-5da5-a74d-defd1ac58bd3,Middle JavaScript developer,JavaScript,frontend,3.0,mid_3_6,intermediate,3.0,android;angular;api;ios;javascript;mongodb;react;rest,8,,"Projects: - LinkedIn sales tool Tasks: making layout and integration custom UI elements into LinkedIn search page, parsing data and emulation of http queries Technologies: JavaScript, HTML, CSS, jQuery, Chrome extensions, RESTful API - City guide app Tasks: making layout, implementation page logic, communication with back-end and Google Map Technologies: JavaScript, HTML, CSS, Angular(1), Google Maps - Sales CRM system Tasks: making layout, implementation of page logic, communication with back-end and Google Map Technologies: JavaScript, HTML, CSS, React, Meteor, MongoDB, Google Maps, RESTful "
77224a63-d3be-5c99-be3e-f0f65a1b440a,Business Analyst,Business Analyst,mobile,1.0,junior_1_3,intermediate,3.0,agile;api;java;javascript;scrum;sql,6,,"- Experience in developing a model using the BPMN 2.0, idef0, idef3 and dfd methodology; - Passionate about creating great web, desktop, and mobile products; - Good leadership skills -Basic knowledge of UML diagrams, Agile, Scrum, Kanban, Api, SDLC, JavaScript, Java, SQL, C++, -Experience in sales B2C (2+ years) Analytical mindset, Sociability, Desire to develop, Ability to work in a team, Stress resistance."
78a6c1a2-b1f9-5db6-bb51-75b32531a20d,Python/Django developer,Python,design_ux,0.5,junior_0_1,intermediate,3.0,django;linux;python,3,,"As freelancer: www.orthocalc.com - project that started as single-page calculator using HTML/CSS/jQuery. And now have grown (and is still growing) into big project, that helps US orthodontists to make their work simpler. Django, Python, jQuery, HTML, CSS, Linux servers Looking for interesting projects that would give me opportunity to make internet (or at least single page in it) better"
65a81266-f66f-5cc8-92d9-810a80759163,DevOps engineer,DevOps,devops_cloud,0.0,junior_0_1,intermediate,3.0,javascript;linux,2,,"Courses: - DevOps Essential, DevOps and Cloud at EPAM University program. - Linux and Network Administration at PortaOne education Center. - HTML, CSS, JavaScript essential at Softserve academy. Three years at Goethe University / Institute of Computer Science in Frankfurt am Main, Germany. Assistant System Administrator. Trainee-level DevOps engineer without commercial experience but highly motivated to start a DevOps career! Eager to utilize skills in a fast-paced environment and grow expertise in a collaborative team. Possesses a can-do attitude and a knack for problem-solving."
e3272faa-75e8-5656-9f34-f16264e47e74,Project Manager,Project Manager,product_project,4.0,mid_3_6,intermediate,3.0,agile;project management;scrum,3,,"- Agile methodologies (successful implementation of Scrum process within several teams), ability to both learn and teach new methodologies and best practices. - Ability to work within tight deadlines, self-motivated, punctual, accountable and highly motivated in self-development. - Excellent communication and people management skills, real team player, experienced in mentoring, conflict solving, people motivation. - Excellent organizational and analytical capabilities. - Focused on customer needs satisfaction, based on excellent communication and good understanding of processes and possible wa"
8b200062-0ae4-5cce-89b6-4ec2ff50136d,Data Engineer,Data Engineer,data_analytics,5.0,mid_3_6,fluent,5.0,aws;docker;python;sql,4,,"I usually work on creating and maintaining ETL pipelines. I work with Python and use AWS as a cloud plus other supportive technologies like docker, sql, spark etc. Currently, I learn scala as well to be more flexible and improve my AWS knowledge."
e5b7323f-0db6-5010-809b-4f121e5a4967,Разработчик C#,.NET,backend,2.5,junior_1_3,intermediate,3.0,.net;ci/cd;typescript,3,,"I have been doing robotic process automation for the more than last two years. I specialize in Automating business processes using UiPath, C#, Vb.Net, Powershell and TypeScript. I participate in the development of complex projects that require teamwork and the use of several technologies. These solutions are easily scalable. Continuous integration is used. Projects are developed taking into account non-functional requirements: performance, protection, stability, support of decisions. I have experience in Automating business processes using .Net (UiPath, C#, Vb.Net, Powershell ) and TypeScript."
b6471d3c-53af-54dd-aa61-d39c2d5b20d2,Tech Lead / Team Lead / Architect,Java,machine_learning,11.0,senior_10_plus,fluent,5.0,aws;gcp;java;mongodb;python,5,leadership,"As team lead on one of my projects i was responsible for full cycle of development, from writing first line of code to moving into production (after 6 month), adding new features, supporting application in production. I am software engineer with 13 years of experience (9 years Java and 4 years Python). Worked on different projects from simple app for tracking students progress in school to more complex AI related product. Certifications: - AWS Certified Solutions Architect - Associate (March 2017) - Oracle Certified Professional, Java SE 8 Programmer (December 2016) - Microsoft Certified Solut"
43757ae8-05a8-565f-8a19-5d4e2a2132bb,Junior QA Engineer,Python,qa_testing,0.0,junior_0_1,intermediate,3.0,django;flask;git;linux;python;qa,6,,"I have Udemy certificates in Python, I am studying network architecture, I have a confirmed B2 level of English. 2 years of Python development experience, know Git, can work with Django, Flask. I study at the faculty of cyber security. Worked as a freelancer, made small orders, there is a desire to develop in the IT field as a software developer or QA. I have experience with Kali Linux."
399b40a5-2ce4-5ce0-a09c-32438b668bd3,Junior Frontend developer/ Junior Full-Stack developer,JavaScript,fullstack,0.0,junior_0_1,intermediate,3.0,api;javascript;react,3,,"I have some achievements in study development: 1) I was a team member of Veggieboost project called the best by invited expert. 2) I developed the skills of a team player on team projects. 1) Veggieboost HTML/CSS Team project (using javascript). My task was a modal window and i wrote most of js code. 2) Bookshelf HTML/CSS/JS Team project (using RestAPI). A website for purchasing books. 3) Phonebook [React (Hooks, Routers, Redux, Redux Toolkit] A simple phonebook connected to backend API - you can register, log in, add, remove or filter contacts, log out."
44ee9ef4-5168-5023-a33d-e1636510590c,UX/UI Designer,Design,data_analytics,3.0,mid_3_6,intermediate,3.0,data analysis;ui/ux,2,,"Understanding of layout principles and practices of front­end development. Participation and organization of testing, work with analytics. Created and designed ChatBot and Crm product. Working with presentations, brand book and polygraphs materials. Ability to draw by hand and visualize the ideas. Create animate banners for social media. Understanding of the design testing process. User recearch, creation prototyping and interaction design."
138b87b4-ca0a-5f4c-8d5b-3f8e7ad401bd,Middle QA Engineer,QA,frontend,5.0,mid_3_6,intermediate,3.0,android;api;git;project management;python;qa;rest;selenium;sql,9,,"• More than 5 years working in outsourcing companies as Manual QA Engineer and QA Lead • Work experience with FinTech domain and CRM systems • Manual desktop and mobile application testing (functional, non-functional, regression, smokes, sanity, level, cross-platform, cross-browser, performance, usability, localization, gray box, pair testing) • QA with full system development life cycle experience • Experience in front-end and back-end testing, active communications with developers, pair testing • Experience in test design techniques, test documentation creation (bug reports, test cases, chec"
ac16c37a-6ce2-5a5b-aa61-0ebab59e674c,UX/UI Designer,Design,design_ux,1.0,junior_1_3,fluent,5.0,figma;ui/ux,2,,"I have experience on ""Real estate "" , ""Bank "" ,""Second hand cothes' , ""Utility payment"",""Handmade "" both app and web design. I'am both UX/UI designer, i use figma for my designs . I do google forms, interviews then affinity map, user personas, empathy map , CJM, Information architecture , User flow , Low and Highy - Fidelity wireframes , during all design process i test all my desicions. I want improve my UX reserch 'cause it's really interesting me and I love it , I love my job :) Looking for an interesting product or outsource company with long-term projects. Would like to have the ability t"
05893b68-0d2d-51e1-abcd-2f2983527a64,Разработчик .NET,.NET,backend,2.5,junior_1_3,fluent,5.0,.net;git;sql,3,,"1st place in WAWCODE 2017 Hackathon 2,5 years of software development experience. Technologies and programming languages: .Net, C#, T-SQL, Git Software maintenance not more than 20% of working time"
3a3986d2-c16f-5ab1-8c71-00e2d2720e80,QA Lead,QA,qa_testing,8.0,senior_6_10,fluent,5.0,java;project management;qa,3,,Launched and successfully completed a project with final steps being done in Toronto during the business trip 8 years of IT experience with Canadian companies * had been working as a technical support agent * had been working as a qa manual * had been working as a Project manager extending knowledge in QA Java automation
e17c9f98-3555-5816-b270-c9ebd1413324,Junior QA Engineer,QA,mobile,0.5,junior_0_1,intermediate,3.0,android;api;mysql;qa;sql;tableau,6,,"- API Testing course - SQL for QA course - Android Applications Testing course Auction Application Client: Software engineering firm Description: The goal of the project is to build an online auction platform that holds online selling of various products on a website and serves sellers. The system is designed to allow users to buy or sell items; they can trade anything they want by posting a lot. Tools: Jira, Postman, Confluence, LightHouse Position: QA Engineer Activities: • Designing tests for new features including web UI; • Creating and maintaining the test cases for full feature tests, re"
57092835-3cf0-5402-aa9e-a0d73a1d0f24,Project Manager,Project Manager,devops_cloud,8.0,senior_6_10,intermediate,3.0,android;azure;ios;project management,4,,"Key projects: — An updated site dominos.ua was designed and launched. — A loyalty program has been designed and launched. — IoT service was designed and launched. — A new restaurant POS-system and ERP were implemented. — Migrates most Important IT Services for Business to Microsoft Azure were implemented. — ERP modules for utility management; IT assets management, corporate fleet management were developed and implemented. About the achievements: - Finalist of ""BEST CIO 2017"" (HoReCa) - SLA for terms of solving user requests at least 97% (2016 - 2018); - level of satisfaction with the quality o"
0394130f-301f-503a-9e5c-f5c398b8d169,Fullstack (typescript/nodejs/react/react-native) developer / Team lead / Tech lead,Node.js,fullstack,10.0,senior_10_plus,fluent,5.0,android;aws;ci/cd;cypress;git;graphql;ios;javascript;kubernetes;mongodb;mysql;node.js;postgresql;react;react native;redis;typescript;ui/ux,18,,Launched own product - envit mobile application (available for android and ios). Successfully migrated data storage to the Snowflake data warehouse that significantly improved application BI system performance and clients' user experience. Migrated ETL data pipelines to AWS Step functions giving much more clearance and visibility to data processing. Implemented product availability in mainland China. Implemented WebGL solution that highly increased customer UX and increased product revenue. Migrated multirepo project to monorepo that simplified CI/CD cycle and reduced releases frequency and co
ba1ce742-2f80-5795-b6b4-b1e4bab13ed1,Senior Operations Manager/Project Manager,Project Manager,product_project,2.5,junior_1_3,fluent,5.0,agile;project management;scrum,3,leadership,"I have started my IT career almost 5 years ago from Customer Support Agent. Today I'm experienced Operation Manager in 4 different areas of the software development. The process of building 4 teams from the scratch, gave me the most valuable experience that I can ever get. Having 4 full-time areas to work on, I was always passionate about study something new, in such way I started diving into SDLC processes, Project Management and Scrum. Self-educated and motivated :) Customer Support Manager: • Zoho CRM • JIRA • Creating internal documentation • Customer and team communication leading Senior "
9b919c1a-96e7-5de4-b922-e5296a1a100c,Director of Engineering / Delivery Director,Project Manager,machine_learning,11.0,senior_10_plus,fluent,5.0,.net;aws;gcp;java;machine learning;product management;project management;python,8,startup,"* Established a project delivery governance model for a 1000+ FTE outsourcing company. * Designed, delivered, and successfully launched a product for GIS data manipulation. * Created an MVP for an ML startup that reached 10+ million active users. With 18 years of professional experience, I offer a combination of skills in project and product management, as well as hands-on technical expertise. This enables me to drive end-to-end product development while aligning with business objectives. In project management, I have a proven track record of leading and mentoring teams of up to 50 engineers d"
318e3fde-23e8-5067-9be3-c03b29dcd156,Project Manager,Project Manager,machine_learning,9.0,senior_6_10,fluent,5.0,agile;ci/cd;computer vision;data analysis;nlp;project management,6,,"• Ph.D. in Physical and Mathematical Sciences, MBA. • A highly skilled and results-driven Project Manager specializing in AI R&D, Data Science, and CI/CD software projects using Agile methodology. Successfully facilitating effective communication between technical and non-technical stakeholders, collaborating with clients to find improved ways to implement their ideas. Ensuring a clear understanding of client requirements and working with multiple teams to deliver optimal solutions. • Background in Statistical Signal Processing, Inertial Navigation and GPS, Sensor Fusion, Big Data analysis, Co"
97069986-bef4-568f-9dd2-2fc1be035b84,Product manager,Product Manager,design_ux,2.0,junior_1_3,fluent,5.0,product management;project management;ui/ux,3,,"IT specialist with overall 14 years of experience in IT, where 2 years as a Product Manager, 9 as a Project Manager and 6 as UI/UX designer. Now, I'd like to find a permanent home as a Product Manager where I can have a lasting impact. - product Manager with experience in project management - marketing strategy planning and implementation; - tracking and analyzing product and growth metrics; - providing market and competitors researches; - hypotheses based A/B testing with a data-driven approach; - hands-on experience in functional prototyping and UI/UX development - converting business requir"
198ed958-c27d-5ecf-b9b9-55c16beb2767,iOS Developer,iOS,mobile,3.0,mid_3_6,intermediate,3.0,api;git;ios;rest;swift,5,,"I have 3 years experience in commercial development in Swift and Obj-C programming language. During the period of my work I had experience with different technologies like AVFoundation, CoreData, MapKit, Push Notifications, StoreKit, MVP, CocoaPods, REST API, Firebase, socket.io, tvOS development, full mobile development life cycle. Worked with Git/Sourcetree, issue tracking systems like Jira, Assembla, Trello, design tools like Sketch, Zeplin, Photoshop, etc. Intermediate+ level of English, ability to read and write business level English. MS degree in Computer Science. I’d like to find a str"
1af84d0c-3b9a-5018-b8f4-fc0579089469,Full Stack Web Developer,JavaScript,fullstack,7.0,senior_6_10,intermediate,3.0,api;blockchain;javascript;mongodb;node.js;react;rest;ui/ux,8,,"-Developed metararity Private Repo from Organization NFT ecosystem that standardize the creation and trading of NFTs It is working on Ethereum and Solana Chain • React / Redux / MUI / UX-UI design • Node.js / Express / Web3 / MongoDB / Restful API -Developed 10 eCommerce sites using React, Node.js, MongoDB and payment API, also increase sales 20% Interesting job- I want to work with a good team and learn more and more from them"
57018187-f687-56ab-981d-26f414148b36,Junior Project Manager,Project Manager,product_project,2.0,junior_1_3,fluent,5.0,agile;project management;scrum;ui/ux,4,research,"Achievements: - Conducting market research and documenting user requirements. - Organized and facilitated daily stand-up meetings, sprint and release planning, demos, retrospectives, and other Agile Scrum practices and ceremonies. - Updated agile tracking systems to provide transparency to backlog. - Monitoring resources utilisation and informing internal stakeholders on the lack of resources or if team is running out of tasks - Analyzed & reported problems or delays in project commitments to internal stakeholders - Assisted in early project delivery and consistency with stated deliverables th"
19558e5d-a4d0-5c69-a434-4374c3bcd406,Python/Django Developer,Python,devops_cloud,5.0,mid_3_6,intermediate,3.0,aws;django;flask;gcp;python,5,,"5 years of experience in web development; Have an experience with development of different project types (Educational platform, health care, web scrapping, online work-flow, financial, etc.). Experienced with modern frameworks such as Django, Flask, Tornado. Passioned with AWS but also has an experience with GCP for projects delivering. Proficiency in full project development lifecycle. Highly responsible and motivated in personal growth. Experience in mentoring and education Prefer work in-house, want to growth in hard technical skills"
f103fd19-8264-5b84-88db-dee3de04935e,Automation QA Engineer,QA Automation,qa_testing,5.0,mid_3_6,intermediate,3.0,api;ci/cd;git;java;jenkins;mysql;project management;qa;rest;scrum;sql,11,,"One of my accomplishments I would say is establishing a great trustworthy relationship within the team. ""ICT Lab"" LLC 2020 MAY - 2023 to present SDET Automation QA Engineer -Developed and managed automated tests within an automation framework using Java; -Implemented Regression, Functional, Smoke end and End-to-end Tests; -Created and supported automation test scripts using Selenide with TestNG framework under Java platform and logging is done using Apache Log4j utility; -Tested Restful API’s using Postman, and Java with REST-assured Library; -Worked with Maven as build management tool, Git fo"
3b71c084-20f3-5160-a789-28cdef95976a,Front-End Developer,JavaScript,frontend,2.0,junior_1_3,fluent,5.0,git;javascript;react;react native,4,,"You can check my GitHub profile: MuradSadigov I have worked in 2 different jobs, one of them was the position Software Engineer Intern at the company where they are developing site for dealing with mental issued people, where I have worked almost 3 months. During 3 months I have learnt from senior front-end developers about new frameworks and good practices. As an engineer I was responsible to make researches together with the team, all people in the team was working in the position the same as mine. Additionally, we were given a task, different for each of us, to find and fix bugs in front-en"
a25a22b2-64c2-55a9-81f5-2a5e12094437,C# team lead / backend engineer,.NET,backend,6.0,senior_6_10,fluent,5.0,.net;aws;azure;javascript;redis;sql,6,leadership;remote,"developed a streaming software for Swedish Elite Football league from scratch; Was top-300 participant in Google Map maker event Leader of winning team (out of 15 at the beginning) in Stockholm University course/challenge Entrepreneurship in IT area (from newer to older, grouped by workplaces) 36 months - team lead / backend developer - developed a web-based PDF editing software. Main tech used - .net core, cosmosDB, azure, blob storage, redis, servicequeue, azure, worker service, etc Estimation, implementation of new methods, architecture design changes, bug fixing, cooperation with in-house "
16dbe47d-ddce-56e4-9b53-7309243a1b9c,QA Automation Engineer,QA Automation,data_analytics,0.5,junior_0_1,fluent,5.0,java;jenkins;qa;sql,4,,"Worked with Java Serenity for 3 months, Robot Framework, Jenkins for 6 months. Also worked with UI Testing and SQL Current position is Junior Automation Engineer Worked with Java Serenity for 3 months, Robot Framework, Jenkins for 6 months. Also worked with UI Testing and SQL Current position is Junior Automation Engineer"
669b9a75-fbf8-505f-8d03-800ff4f237da,UI/UX Designer,Design,frontend,5.0,mid_3_6,fluent,5.0,figma;ios;ui/ux,3,,"UI Designer | Angle2 Oct 2020 - Dec 2021 - Designed 8 user interfaces for SAAS products, mobile applications - Built a UI design team with weekly syncs and peer reviews - Efficiently managed the agency pre-sale process with potential clients Middle UX/UI Designer | Qream Design Jan 2020 - Sep 2020 - Developed a platform of OpenEBS products for DevOps storage management and service automations - Coordinated a design team on the client’s side to maintain product brand consistency Senior Front-End Developer | SecureKey November 2017 - January 2020 - Supervised integration of iOS based identity ap"
24c52800-3e3f-5a1a-831d-1e6c4d885970,"Technical Agile Project Manager, CTO (PSPO, MPM, CKC, APM, IREB)",Project Manager,mobile,7.0,senior_6_10,fluent,5.0,agile;api;aws;data analysis;docker;git;javascript;jenkins;product management;project management;rest;scrum;sql;swift;ui/ux,15,,"7+ years of project management in different e-commerce, healthcare, financial, projects, including web big data and mobile development. 65+ successful different-sized projects. 14+ years working with intnl businesses and clients. PSPO I, MPM, CKC, ICP-APM, IREB certifications Certifications: Professional Scrum Product Owner (scrum.org PSPO I) Master Project Manager Certified (American Academy of ProjM) Certified Kanban Coach (IBQMI CKC) ICAgile Agile Project Manager IREB RE_Agile Management skills are intact. Just ask. S/W: MS Project,Adobe Photoshop,Corel Draw UI/UX:Balsamiq Moqups,Axure,UML,"
77aa57b7-c368-5c7b-afcb-c426f832c10c,Graphic Designer,Design,design_ux,5.0,mid_3_6,intermediate,3.0,figma;ui/ux,2,,"I'm very proud of my growth, because i began to work as a girl that just knew Photoshop and Corel Draw, and now i'm an experienced graphic designer, with a lot of ideas and big love for everything i do. I'm proud of myself because i'm still growing and never want to stop I'm working as graphic designer since october 2012. I was working in printing houses and advertising agencies, as graphic designer and later as an art director. Last 5 years i'm working mostly as web designer, ui/ux designer, smm designer. I have experience in photography and videography pre/postproduction. Now i'm working mos"
d393f16c-ced0-5538-b28e-b2a446da1214,"Senior Software Engineer, DevOps",DevOps,devops_cloud,11.0,senior_10_plus,fluent,5.0,ci/cd;kubernetes,2,remote,"I am interested in Cloud Computing, Distributed Systems, Observability, DevOps practices, and security. I have 10+ years of commercial software engineering experience in different roles (software-engineer, devops/sre, architect) in miscellaneous domains (IoT, real-time data collection, social-media analysis, data engineering, e-finance, automotive). I worked in startups, product-oriented companies, and as a third-party consultancy. Since 2020 I teach Cloud Computing and Kubernetes courses in one of the top Ukrainian universities. I live in Germany and looking, first of all, for remote position"
4fe6e7c3-aa20-5c55-b71d-43cdd80fb2f8,Project Manager,Project Manager,product_project,3.0,mid_3_6,intermediate,3.0,agile;project management,2,,"• Managing projects using Agile and Waterfall methodologies • Communicating with foreign customers • Managing distributed teams • Project planning, estimating • Hiring new developers to the team • Scope management • Ensure day by day work assignments, support working process and tracking of progress // Tools: MS Project, Jira, Confluence, Trello, Podio, Bitbucket, etc. Intresting projects, professional growth"
4c71ac63-bf38-5552-858d-f6968b8d484d,Senior Fullstack JavaScript Developer,JavaScript,fullstack,5.0,mid_3_6,intermediate,3.0,angular;computer vision;git;go;javascript;node.js,6,,"To get more info about me, please checkout my CV: https://goo.gl/I1fWB9 Node.js (Legacy or ESNext), GoLang, Angular.js, Webpack, Git, Canvas/WebGL - all of this and more for Gamedev/Enterprise you can see at my actual CV: https://goo.gl/I1fWB9 I hate HTML layout, but I want to solve real business/customers problems with good arhitecture, algoritms, performance on front- and backend sides both. I'm always boring with maintenance of legacy projects or without feefback from real-world users. I want to got only interesting project, where I'll participate of the core team."
eb224f35-72f7-5bce-ab37-331bc9746da6,Junior Java developer,Java,backend,0.5,junior_0_1,intermediate,3.0,api;git;java;javascript;mysql;spring,6,,"- SoCal(http://176.107.176.139:8080): Sоcial network with user-friendly interface. (pet project) Spring based client-server web application. MySQL database, Google Maps API usage. Thymeleaf template engine. Interface built with Bootstrap, JavaScript (+ jQuery), AJAX. Detailed description and source code: https://github.com/Raveleen/SoCal - Java SE - Frameworks: Spring (IoC, MVC, Security, Data), Hibernate - Tools: Intellij IDEA, Maven Client-side development technologies: - Thymeleaf, JSP (beginner) - HTML, CSS - JavaScript, jQuery, AJAX, JSON (beginner)"
cdd768e6-777d-544c-904d-9762d16acc24,Data Scientist | ML Engineer,Data Science,machine_learning,4.0,mid_3_6,intermediate,3.0,android;computer vision;data analysis;django;javascript;machine learning;nlp;pandas;postgresql;python;sql;tensorflow,12,leadership,"My latest roles: - **Delivery Manager / Data Scientist**. Since 2010, leading a team of engineers to build business automation software for large retail customers. I own a full cycle from product discovery and customer development to defining product specs, milestones, acceptance, post-sale delivery, integration, and support. Given my passion I also work as a hands-on Data Scientist for my team’s projects. I’m responsible for my business unit’s revenue overall, which I doubled in the past five years. - **Founder, Data Analyst & Engineer**. I'm helping small retail businesses manage inventory w"
fe1977ea-d828-5593-be09-9e9ffba1ed38,Тестировщик,QA,qa_testing,0.0,junior_0_1,intermediate,3.0,api;qa,2,,"SoftServe Academy (02.2022 – 10.2022) Project: Chain of shopping centers ""Епіцентр К"" Involvement Duration: 2 months Project Role: QC Engineer Responsibilities: Worked with documentation, created test cases, wrote bug reports Project Team Size: 15 Tools & Technologies: Jira, Google Docs, Google Sheets Job search website ""robota.ua"" Customer: Involvement Duration: 1 month Project Role: QC Engineer Responsibilities: Worked with API documentation, created test cases, and wrote bug reports, (API testing, Performance testing) Project Team Size: 15 Tools & Technologies: Jira, Postman, JMeter, Chrome"
0e40a97a-0b67-510a-b8a2-885686f51da3,Solution Architect,Lead,data_analytics,11.0,senior_10_plus,fluent,5.0,azure;machine learning;sql,3,,"Successful delivery of the project that has enabled business with the data. - Creation of the methodology to establish communication between Business Analysts and Developers - End-to-end project implementation: requirements collection to the project implementation, optimization, mentoring. - Collection of set of functional/ non-functional requirements of the projects, to establish project replication. As a Solution Architect I am: - Managing Product Owners to gather expectations and understand future business needs - Closely work with the development team to help with technology related questi"
26a2062f-06b0-550c-b6cf-674485f00914,Scrum master/Delivery manager/Project manager,Project Manager,product_project,6.0,senior_6_10,fluent,5.0,agile;project management;qa;scrum,4,leadership,"PSM certification PM/ Scrum Master 2015 - present time (5 y) • 5 years of practice as Scrum master • formation Scrum teams and correct processes, supporting teams for leading the Scrum&Agile processes • track and communicate team velocity and sprint progress within the agreed reporting framework • facilitate inner and outer communications of the team • assist with product backlog maintenance and with making appropriate commitments to deliver business value through story selection, the definition of tasks and estimation • define project scope, resources, and deliverables • plan and schedule pro"
4aaed499-87cb-5610-8609-e210b111b13e,Senior/Lead QA Manual Engineer,QA,devops_cloud,10.0,senior_10_plus,fluent,5.0,aws;qa;terraform,3,leadership,"Developed test documentation for medical lung ventilators. Test department team lead. Worked in a distributed multicultural environment. - Testing activities for transition from on-prem monolith application to AWS with Terraform - Support of the two long-standing desktop applications (support new medical devices) - Work with project documentation: functional requirements and specification review and analysis - Create test cases and test results reports, test plans - Participation in a security assessment Test planning; writing test cases, test suits; manual testing."
d4c206c3-4dfe-5c5d-82c2-4cbd5af6c1cf,Trainee Flutter Developer,Flutter,mobile,0.0,junior_0_1,intermediate,3.0,flutter;git,2,,"Completed flutter and dart courses Git experience with a mentor One application has been fully developed, an anonymous messenger is currently being developed I have been working with flutter for about 6 months (non-commercial experience). During this time, I gained experience in developing UI interfaces and applications with simple functionality, as well as working with git."
e7f67f84-40bf-5724-8f0d-e1c52782e7e2,Разработчик Python,Python,data_analytics,0.0,junior_0_1,intermediate,3.0,flask;linux;mysql;python;sql,5,,"I've got 2 Python pet-projects: 1-st is minimalistic web booklibrary based on flsk, 2-d is Telegram weather bot (I'm still working on it). Python (flask, cherryPy), HTML, CSS, SQL (mySQL, mySQLdb, SQLite), Linux, I'll appreciate each work suggestion even if experience will be as payment."
8946f155-cb1d-5e54-b4ae-297528823340,Junior QA Engineer,QA,qa_testing,1.0,junior_1_3,intermediate,3.0,api;mysql;qa;rest,4,,"Use ad hoc techniques, and successfully tested the functionality of the site, which made it possible to release the application successfully Successfully created and executed test cases for to check the functioning of the web application Efficiently worked with Postman to test APIs and ensure they meet functional requirements I am a Junior QA Tester with strong attention to detail. Since I start testing, I learned how important is to be meticulous and a team player. I like new challenges, that made me want to learn more and more about this domain and improve my skills every day. My objective i"
63815154-df62-5631-bd83-e34a512a482d,Backend JS/TS Developer,Node.js,backend,2.5,junior_1_3,intermediate,3.0,agile;android;api;blockchain;docker;flutter;gcp;git;javascript;microservices;mongodb;mysql;node.js;postgresql;react;redis;rest;scrum;typescript,19,,"I am a very flexible developer, fast learner, I can understand other people's code. My expertise includes RESTful APIs, integrating external services, designing and optimizing databases, utilizing cloud services, and creating scalable architectural solutions. Worked in different teams: with sizes from 1 to +10, includes international teams. Detail experience (projects (companies) with technologies, range by time asc): 1. Product company (crypto aggregator): - nest.js, typescript, microservices, postgres, docker, nats, nest swagger, redis. Working with networks - eth, bsc, polygon, arbitrum and"
21969666-3d74-56e1-a6f8-7c0c89294528,"Head of Sales, Business Development Manager",Sales,machine_learning,11.0,senior_10_plus,fluent,5.0,agile;project management;python;ruby;scrum,5,,"- I Increased the company's annual sales up to 500,000 Eur. by providing new techniques and methods. - Possess sale and presale certifications of the IT Cybersecurity software development companies such as LiveAction/CISCO member/, Senhasegura, Xnoova. - I deal with AI, using some effective sales tools such as Roi4Presenter for creating great product presentations. - I have copyrighted and translated a huge volume of information on very important projects, working under pressure. - Got a basic knowledge of coding in HTML, Python, Ruby. - Got a basic knowledge of Agile and Scrum. - A Honour Uni"
20eb2d04-820e-548f-9086-db32ae8adefc,Senior Full Stack Developer,.NET,fullstack,11.0,senior_10_plus,intermediate,3.0,.net;angular;python;rest;typescript,5,,"- 10+ years experience in product companies; - Experience with a legacy projects; - Developing services from a scratch; - Python; - ASP.NET Core; - TypeScript, Angular; - Full stack, REST; - RND;"
074e8c0e-17e0-5a30-a837-a96699ad2075,Python Developer,Python,frontend,0.5,junior_0_1,intermediate,3.0,api;aws;python;react,4,,"Vasyl Stefanyk Precarpathian National University Master of Science: Applied Mathematics. Successfully completed Python Boot Camp in COAX Software. I worked on several commercial projects, not only as back-end developer but also created front-end part using React. Have experience working with AWS including services: Lambda, S3, API Getaway, SNS."
108c79ee-7b25-5d3c-901a-63224bd30de9,Graphic Designer,Design,design_ux,1.0,junior_1_3,fluent,5.0,figma;ui/ux,2,,"Hello, my name is Platon. My previous work includes working in a branding agency, exhibition stand design for an international company, working on UI for a gaming startup, and freelancing. I am interested in working on branding/marketing and plan to develop my UI/UX skills. Tools: Photoshop, Illustrator, Figma, Blender, AfterEffects."
0f7f29f6-0241-514d-96cb-bec6c98f0282,Lead/Architect Backend PHP developer,PHP,backend,11.0,senior_10_plus,intermediate,3.0,api;elasticsearch;graphql;microservices;php;scrum,6,leadership,• Constructed highload architecture for various services. • Succesufully leads teams of 5-10 people. We often close sprints with all goals done. • Architecting Delivery platform uses microservice and API Gateway. • Succesufuly balanced with cost and availability on Highload projects. • Introduced the GraphQL for fast implementation mobile and one page app. • Developed CMS service based on Botman.io for various bot messenger. • Develop search based on Elasticsearch and Multisearch. • In a team of four people and six months developed on Symfony based payment system like the Interkassa. • Develop
127682f1-0a40-5fca-a9d6-7f5423e8b47e,Junior Frontend developer/ Junior Full-Stack developer,JavaScript,fullstack,0.0,junior_0_1,intermediate,3.0,git;javascript,2,,"I have some achievements in the learning process: - Use Swiper slider and Swiper pagination - Create ""scroll to top"" button - Implemented smooth scroll Projects: 1) Filmoteka (application for choosing a movie) Application for choosing a movie with responsive layout, modal window and attractive design. My main responsibilities included developing the modal window with team members, ""scroll to top"" button, smooth scroll, Stand with Ukraine banner, project presentation. Technologies used: HTML, CSS, JavaScript, Parcel, SASS, GitHub. 2) IceCream (ice-cream manufacture website) Landing page with a "
62765fab-7433-5bd8-aa29-05a679f203b5,Junior QA Engineer Java,QA Automation,qa_testing,0.5,junior_0_1,intermediate,3.0,java;qa,2,,"I am responsible and organized person. I always finish task that I start. I am pay attention to details. I am team player, sociable. I easy cope with stress and solve problems under the pressure. Education -3 months studied an Andersen company and have a certificate 'AutoQA Java';"
78dde479-193c-5578-85b2-af4317a1e69b,Senior Project Manager,Project Manager,devops_cloud,11.0,senior_10_plus,fluent,5.0,agile;azure;linux;mysql;php;project management;sql,7,leadership,"Career Accomplishments highlights: -Successful delivery of Projects worth more than 20 million US dollars. -Achieving Customer satisfaction rate of 90% on Support Projects. -Appreciation Certificates from customers for exceptional level of service. -Effective VAT implementation in UAE for 14 companies in 1 month. -Successful 6 End to End implementation as an IT consultant. -First Consultant from Middle East to be certified in Oracle Fusion Cloud. Project Management: •Direct and manage complex IT software projects from initiation to closure. •Global Experience working in USA, Dubai, Ukraine, Eg"
55bfbf8e-0246-54e2-accf-1770bb171c77,Product manager,Product Manager,data_analytics,5.0,mid_3_6,fluent,5.0,data analysis;figma;product management;sql,4,leadership,"Go Practice Certificate (2021) Apollo Design Center, Product Design Diploma (2020) I'm a product manager based in Kyiv with more than 5 years of experience. My professional background covers IT, telco and banking industries. My main areas of interest and expertise are the following: product management, product design, unit economics and marketing. My experience includes: - providing market research, competitive research, customer research - product metrics analytics - strategic planning & estimation - conducting SH-interviews, user interviews & user tests, a/b tests - developing research strat"
b58af8d1-ccac-5e3d-9207-95ec1f681cbf,"Product manager, Delivery Manager",Project Manager,product_project,5.0,mid_3_6,fluent,5.0,product management;project management,2,,Managed regular releases across 4 different systems with different end users all having their own SDLC within one team structure. Established and monitored KPIs for quantitative and qualitative analysis of performance for the team members for ensuring development of team members as well as adding more value to the project as a consequence. Established and monitored KPIs for the systems in terms of their usage patterns to try and optimize the operational delivery structure and appropriate risk taking ability. Worked in negotiating best practices for user requirements to ensure scalable growth o
19ab63e1-3c00-5d4f-a85c-77900ecb267d,Technical Recruiter,Recruiter,design_ux,5.0,mid_3_6,fluent,5.0,angular;django;java;javascript;node.js;php;project management;react;ui/ux,9,leadership,"I am able to cope with several vacancies (4-6) at the same time. I had luck to work with rare positions (Ionic Developer, EDI Seeburger Specialist, SAP Project Manager, SAP-HR Project Team Member etc.) and find appropriate candidates for them. Besides, I can provide a superfast recruitment process: a couple of times it took me just 1 day to find a really good UX/UI Designer. Proactive technical recruiter with 5 years of experience in IT industry. I am an outgoing and hard-working person who always strives to do her best and become better day after day. I have dealt with different vacancies bot"
b7ab98a5-ceb6-52a1-9e70-c9ea38146a15,Front-end developer (middle +),JavaScript,frontend,6.0,senior_6_10,intermediate,3.0,angular;graphql;javascript;react;react native;typescript;vue,7,,"I consider my achievements to be that over the years I was able to work both with hiring and training young specialists, while not having much experience, but with a great desire and motivation to develop in different directions. I also worked with very versatile projects: both large animated ones (you could see them in various Ukrainian promotional companies), as well as with web and mobile applications. Now I'm focusing more on web and mobile applications using React and React Native to deepen my knowledge in this area, but I'm always ready to learn something new. Responsible and fast learne"
b02acd82-bbdd-5239-97ff-72fec08f49cf,QA Automation Engineer,Java,mobile,2.0,junior_1_3,fluent,5.0,ci/cd;git;java;jenkins;qa;scrum;selenium,7,,"Software Development Engineer in Test Clariter 11/2021 - 04/2023 Cooperation with developers and analysts in creating specifications for new functionalities. Building test scenarios, test cases, user scenarios and bug reporting. Executing test cases with high precision and detail, diligently checking each step and documenting differences. Used Selenium WebDriver to handle various web page controls like textbox, button, dropdown, checkbox, radio button, labels using XPath, CSS and other locators. Proficient at installation and administration of version control systems like GIT and GITHUB. Achie"
911abd52-43fe-55ef-bc8c-31044fa05401,Data Scientist/Machine Learning engineer,Python,machine_learning,4.0,mid_3_6,intermediate,3.0,data analysis;machine learning;python,3,,"Data Science/Machine Learning Engineer at LLP ""Alem Research"", IT Company Period: 06/2019 - 12/2021 - Designed, implemented and evaluated ML model to predict depression on social media posts using screening user's profile. Result: 66 teenagers with mental problems agreed to get professional help. - Managed a process of classification complaint messages from social networks and media resources. - Improve ML model to determined complaints on kazakh language from 53% to 78%(F1 score). - Had re-trained ML model, using DeepPavlov, on russian and kazakh languages to identify NER on local area. Decre"
39aa236d-36ff-56ab-b2f3-57231269ca1c,Junior QA Engineer,QA,mobile,0.0,junior_0_1,intermediate,3.0,api;qa;rest,3,,"I’ve completed a Quality Assurance and English for IT courses at SkillUp. I got knowledge of testing web and mobile applications, understanding of SDLC and STLC. I also gained hands-on experience in creating test documentation, working with REST API and bug-tracking systems (Jira). I have an Intermediate English level. Professional education in SkillUp - student QA engineer (September 2021 - January 2022). I have experience in creating documentations: Test Plans, Check-Lists, Test Cases and creating Bug Reports in Jira. Experience in using Postman, Jira, Sublime Text. Experience in web and mob"
08e16446-b57e-581e-9bb8-f04ff0a9b6cb,IT Project Manager,Project Manager,devops_cloud,6.0,senior_6_10,intermediate,3.0,azure;project management;qa;scrum,4,,"- I set up project implementation processes almost from scratch within my team. - Transferring our projects to Azure DevOps (corporate task tracking system), organizing work within one convenient board for a large number of projects, where everyone has their own responsibilities. - Introduced mandatory TR validation by the development and QA team before final approval by the customer, and the team gladly did it every time. I have 6 years of experience as a Project Manager. During this time, I had the opportunity to work on projects of various types and complexity, established relationships wit"
6c9b3bce-8af1-5419-87c7-bcc5dd594a41,Junior Manual QA Engineer,QA,data_analytics,0.5,junior_0_1,fluent,5.0,data analysis;qa;sql;swift,4,,"Accomplishments: Testing Efficiency Boost: Implemented structured test case design in a Junior Manual Tester role, reducing critical defects by 20% in three months through better collaboration with the development team. Data-Driven Impact: Uncovered user engagement trend as a Junior Data Analyst, leading to a 15% increase in engagement after modifying the user interface based on insights. QA Checklist Success: Introduced QA checklist as a Quality and Support Analyst, resulting in a 25% reduction in post-release defects and improved inter-team communication. Swift Issue Resolution: Responded to"
a745355c-037e-5cd8-b562-c104b4fed004,Data Scientist trainee,Data Science,machine_learning,0.5,junior_0_1,intermediate,3.0,nlp;pytorch,2,,"....................in progress............................. Finished a few years ago Data Science course at UData School. Also finished an online Data Science course at DataRoot University. Now I'm learning Deep Learning with PyTorch. After PyTorch, I'm going to learn NLP. Beginner at Kaggle"
05e100a8-c1f4-5aec-924b-953b90132c1c,.NET Developer,.NET,backend,1.5,junior_1_3,intermediate,3.0,.net;api;azure;git;rest;sql,6,,"Graduated the course on C#/.NET from the company foxminded.ua in mentoring format. Participated in the creation,refactoring and updating of WPF data collection applications, an internal CRM site for employees, an internal API for data management. Implemented in work the principles of DRY, KISS, SOLID, work with third-party APIs, unit tests. Git, C#, .NET,Relational Databses & SQL, HTTP & Web API Basics, REST API, Unit Testing, OOP, SOLID, EF Core, Azure, Blazor, Razor Page. My goal is to find a team where I can grow up as a specialist and overcome new challenges. I am an open, responsible, sel"
c072677f-98e8-5176-b9d1-6eec974828bb,Senior QA Engineer,QA,qa_testing,3.0,mid_3_6,intermediate,3.0,java;javascript;qa,3,,"Finished Hillel IT school on QA Manual proffesion I am General QA Engineer with 3 + year of experience in testing web and desktop applications. Skills: 1. Create test documentation such as test cases and bug reports 2. Create testing strategies for project 3. Regularly reviewed testing processes and approaches, adapting and innovating to aid continual growth. 4. QA Teamlead experience 5. Release Manager experience 6. Create automation tests with Java 7. Create automation tests with JavaScript"
03638532-f605-5b6d-aa7a-08d0224db67a,frontend developer,JavaScript,frontend,0.0,junior_0_1,intermediate,3.0,.net;javascript,2,,"LLC «Trade business network"" (Software development for retail chains) Integration programmer - Checking for the correctness of the client database - Integration of customer data - Software product testing Technologies: - C#/ .NET Framework - JavaScript/HTML5/CSS3 - MSSQL"
ff3b37f8-7e84-53da-ac66-86e6a2085526,UI/UX Designer,Design,design_ux,0.0,junior_0_1,intermediate,3.0,figma;ui/ux,2,,"Achievements: Project Success: Successfully executed multiple UI/UX design projects, utilizing my knowledge and skills to create intuitive and visually appealing interfaces. My projects were recognized for their effectiveness, visual appeal, and ability to meet user needs. Collaborative Teamwork: Actively participated in team projects, collaborating with developers, designers, and other professionals. My effective collaboration and contributions led to successful outcomes and the creation of projects that received positive feedback. Skill Enhancement: Throughout working on various projects, I "
c4d4f75b-40df-5649-a21a-aee7fca63a86,Java Developer,Java,fullstack,0.0,junior_0_1,intermediate,3.0,angular;api;git;java;microservices;postgresql;rest;spring;sql,9,,"SKILLS: - Languages: C++, OOP, Java - - Platform: IntellijIDEA - - Web: HTTP, Authorization/Authentication, Session, Jwt, ServletAPI, RestAPI, JSON - - DB: Sql(Oracle/Postgres), JdbcAPI - - SpringFramework: Core, Mvc, Data(JdbcTemplate, Jpa), Hibernate, Boot, Security, Web – - Other: Maven, Lombok, Git, Angular Projects: - WeatherHub – RESTful Full-Stack Web API based on Spring Boot and Maven, following the Microservices Archtecture. For Back-end I use: SpringWeb, Spring Jpa, Hibernate,PostgreSQL, HibernateValidation; For Front-end I use: Angular, Html, Css, Bootstrap. (Check README in GitHub)"
d184985e-656e-59f7-9966-e0cdbb444492,Project Manager/Product Owner,Project Manager,product_project,7.0,senior_6_10,fluent,5.0,product management;project management;qa,3,gaming;leadership,"• Successfully launched 30+ products allowing customer to capture over 30% of gaming peripherals market • Team growth from 2 developers to independent business structure • Setting up processes, preparing workflow recommendations and guidelines for other business units overseas. Planning and conducting trainings • 7+ years in software development. Experience with desktop and embedded applications • 4+ years as a Project Manager/Product Owner working on embedded projects. Customer is a market leading company producing PC hardware and gaming peripherals • Managing team (20+ members including deve"
e9f4e2e5-1f33-5619-afab-cd67bf4d225f,Frontend Developer - React.js,JavaScript,frontend,2.0,junior_1_3,intermediate,3.0,data analysis;javascript;react,3,,"Hey, My name is Volodymyr and I'm React developer. I have a wide range of skills and ability to use them wisely. I have taken a part in development a few projects from scratch. React developer for single page trading application (November 2021 - May 2022) Implemented the frontend part of the trading data analytics application with React Js, Redux Thunk, Formik, Recharts, React-Table ets. React developer for web medical application. (March 2021 - November 2021) Implemented web application for management of medical personnel with React Js, Redux Saga, Material UI, Recharts, Formik, i18n, Firebas"
1cce7f47-e3f5-5d8f-a7a4-d16d206dc1a9,Разработчик Python,Python,machine_learning,1.0,junior_1_3,intermediate,3.0,api;flask;linux;machine learning;numpy;pandas;python;rest,8,,"- Python 3.X; - pandas, matplotlib, scipy, numpy ect; - Jupiter, PyCharm; - Parsers (beautifull soup, requests) - Basic: flask и REST API, PostrgeSQL, SQLite, SQLAlchemy, html, css; - Linux, OS; What about practice? Codewars tasks, practice intensive course (parsers), online courses on coursera (Data Sciece, Machine Learning) and tasks on kaggle.com datasets. Data Science/Machine Learning."
8cea4757-eb04-5ab1-865e-1783dd5551c9,"Head of Sales, Sales Lead, Project manager",Sales,product_project,6.0,senior_6_10,fluent,5.0,blockchain;product management;project management,3,,"My work experiences 1. In food industry. 4 years in position of Key Account manager: • B2B sales in Ukraine and EU. Average contract value - EUR 2,7 mln. Total annual generated cash flow EUR 15-16 mln. • Daily control over cash flow and shipping volumes. • Project and product management. • Identification of new markets + market analysis. • Preparation of contracts; • Handle claims • Annual post-sales support • Frequent business trips to EU and Middle East. • Presentation of the company at international conferences, exhibitions, trade fairs and forums 2. In IT sector (4 years): • In Blockchain "
640749b7-ec1a-5fd8-a801-555a04f26345,Junior Web UI/UX designer,Design,design_ux,0.0,junior_0_1,intermediate,3.0,figma;ui/ux,2,research,"I consider my main achievement to start my self-realization as a web UI/UX designer. I have knowledge of Figma, Photoshop, Adobe Illustrator, Material Design/HIG principles, guidelines, best practices, pixel-perfect design approach. Good oriented on composition and have knowledge of Visual design such as composition, consistency, modular grids, trends and styles - Content manager of web service ""Ogorodniki.com"". My main functional duty was writing original articles on the main theme of service. - Web UI/UX designer ""WOW-Service"" Оnline service for ordering services in the field of beauty and h"
9d7f9ebe-e6bd-5d72-b957-ad67cc533306,"Frontend Developer, Angular",JavaScript,fullstack,1.0,junior_1_3,intermediate,3.0,angular;git;javascript;typescript,4,,"A year of freelance work experience. Make some components, forms etc with its own logic, according to templates in different Angular projects. Use: HTML, CSS, SCSS, JS, TS, Git, Angular. I want develop as strong full stack programmer, and developer for mobile platforms. I don`t want work in projects with gambling, financial pyramids, propaganda of totalitarian regimes."
8e68e94b-6917-52ff-a6e1-2f72b508b211,Senior QA Engineer (Remote Only),QA,qa_testing,6.0,senior_6_10,fluent,5.0,qa;selenium,2,leadership;part_time;remote,"Certifications: ISTQB Certified Tester - Foundation Level; ISTQB Certified Tester - Advanced Level Test Analyst; ISTQB Certified Tester - Advanced Level Test Manager; ISTQB Certified Tester - Advanced Level Technical Test Analyst; ISTQB Certified Tester - Full Advanced Level; Nevco HIPAA Certification Program. I have been working for more than 6 years as a Quality Control/Assurance Engineer. I have solid understanding and knowledge of main approaches, test design technologies and best practices of software testing. My responsibilities included: - analysis of functionality and requirements; - c"
0eabee80-0ac5-5e4d-8e5a-27e4809e5233,HTML-верстальник,JavaScript,mobile,0.0,junior_0_1,intermediate,3.0,android;java;javascript,3,,"Completed training courses: Java Start(Prog.kiev.ua); Java OOP(Prog.kiev.ua); Developing Android-apps for mobile (Open education). Junior copywriter (LLC «Промо Шанс») 17.08.2018 — 15.11.2018 • developing concepts for advertising letters and catalogs, creating text content and design ideas for them; • working for a few projects in the same time and controlling all the process from beginning to release; • proofreading texts to check any mistakes and th check presence necessary elements on a document; • working with documentation and following a strict development plan. Artist-designer of staine"
77009634-8e12-54e8-99a7-a49cfd383af1,Junior .NET Developer,.NET,backend,0.0,junior_0_1,intermediate,3.0,.net;javascript,2,,"Projects E-Learning Platform Platform for organizing e-learning that has a structured course page with materials and assignments. ASP.NET Core MVC, Entity Framework Core Online Chat Real-time chat to communicate in a private or group room. ASP.NET Core, Entity Framework Core, WebAPI, SignalR, JS Online Shop System for organizing the process of selling and buying products. ASP.NET Core MVC, Entity Framework Core"
ab73ec55-2ebb-5619-9655-e3f2cfe9aa2f,"System administrator, DevOps",Sysadmin,devops_cloud,11.0,senior_10_plus,fluent,5.0,javascript;linux;mysql;php,4,,"deep knowledge of Microsoft Windows and Apple macOS (server and client) extensive experience in administering Linux (Debian, Ubuntu, CentOS) and highly specialized distributions (FreeNAS, Proxmox VE, etc.) experience in virtualization technologies (cloud and on-premise) experience in cloud service models (IaaS, PaaS, SaaS) experience in critical incident response experience in development and IT operations (DevOps) experience in configuring active and passive network equipment, building a LAN knowledge of various network and application protocols deep knowledge of the hardware of computer equi"
be9ccdfc-4401-50eb-95ba-d08a92537b64,Software Test Automation Engineer (Java),QA Automation,data_analytics,5.0,mid_3_6,intermediate,3.0,git;java;jenkins;qa;selenium;sql,6,,"Qualifications: - Selenium Web Driver - Jbehave/Cucumber - Serenity - Selenide - TestNG, Junit - Jenkins CI - UI/Web-services - SQL - Git - BDD, TDD, DDT approaches - HTML/CSS - XPath. Programming languages: - Java Personal qualities: responsibility, ability to work independently and in team based environment; punctuality; ability of self-education; user-oriented thinking; analytical and problem-solving skills. Experience: EPAM Systems: March 2017 — December 2017 Junior Software Test Automation Engineer. Sigma Software: January 2018 - present Software Test Automation Engineer."
db2204a9-e53e-502c-aace-58f734d8501c,DB Developer,Data Engineer,backend,2.0,junior_1_3,intermediate,3.0,agile;scrum;sql,3,,"I have 10 years of experience in software development and designing database structure. I started my work as Delphi developer and grew into head of IT department at a manufacturing company. I continued my work with MS SQL and Oracle databases. It were enterprise accounting systems. These databases consist of more than 100 tables. Last 2 years I worked as C# developer on healthcare project where I combined desktop and WEB development, support, and synchronization of different systems as well as communication with product managers and other teams. I have solid understanding of Agile methodology "
c4fa531e-87f6-5f71-b968-647ae794f6b5,Operations manager/analyst,Data Science,machine_learning,11.0,senior_10_plus,fluent,5.0,blockchain;machine learning;project management,3,blockchain,"Skilled in Business Operations and Business Reporting, with overall SAP experience more than 10 years and 17 years of professional experience, including: - business operations and intelligence, - marketing operations including social media techniques, - project management, - technical support and technical writing, - team leadership and others. Strong permanent interest to latest technology innovations like IoT, AI and Machine Learning, Blockchain and Big Data. I'm looking for a job in big international company with total employee amount not less than 1000+ employees. Highly desirable job area"
572d8b9d-d514-5aa8-a7ac-c2e09b31c926,"Cloud Engagement Lead, CloudOps",DevOps,devops_cloud,8.0,senior_6_10,fluent,5.0,aws;gcp,2,,"Cloud Lead, CloudOps, Engineering Manager. I have more than 9 years of experience in IT domain. Solid technical background, I worked on different positions such as Software Engineer, Engineering Manager, Cloud Engagement Lead & CloudOps Certified GCP Engineer, AWS Solution Architect. Interested in projects with extensive usage of Cloud Technologies (AWS or/and GCP)"
12027ee1-cc86-5a07-8d22-d2de23d1ef8e,Project Manager,Project Manager,product_project,8.0,senior_6_10,fluent,5.0,agile;project management,2,,"Certifications: PMP - Project Management Professional PMI-ACP - Agile Certified Practitioner With a strong technical background and a wealth of professional experience, I'm equipped to effectively tackle complex operational, technical, and development issues while successfully managing multiple programs within challenging deadlines. As a certified PMP and PMI-ACP product professional, I specialize in delivering cutting-edge enterprise platforms. I'm committed to promoting an agile mindset and servant leadership to foster collaboration and establish a culture of continuous improvement. My goal "
647088c8-efb6-5d25-8786-8f60b8c26ae4,UX/UI Designer,Design,design_ux,4.0,mid_3_6,fluent,5.0,blockchain;figma;ui/ux,3,blockchain;leadership;research,"At Thrill Digital/Astra, created research notes and user personas by carrying out secondary research for a blockchain-based healthcare product, achieving faster product development time. Achieved better product understanding for other team members by composing a product requirements document and cutting down paperwork by 50%. Discovered 80% of revenue channels and UX strategies for increased brand awareness and customer acquisition via good product and business understanding, generating more investments for the company by 10%. At MyEtherWallet, performed UX research via contextual inquiries, d"
e185728e-afe9-5005-a209-4721b1d09394,Senior Java Software Engineer,Java,fullstack,5.0,mid_3_6,fluent,5.0,aws;java;javascript;react;ruby;spring,6,,"5 years of commercial experience. Full-stack developer. Interested in cloud technologies. Teams leading experience. Senior Developer/Team Lead Experience in telecom/financial/medical domains. Primary skill: Java Secondary skills: JS Worked with: Spring, React, Ruby on Rails, Oracle, Hibernate, AWS"
c1bf1e51-0f3f-59c8-be3b-a4ed69b21606,Senior QA Engineer,QA,qa_testing,6.0,senior_6_10,intermediate,3.0,api;qa;rest,3,,"ISTQB certified tester, foundation level 6 years of experience in testing client/server and web-based applications ISTQB certified tester, foundation level Creating/supporting test documentation (test cases, bug reports, checklists, test summary reports) Familiar with JIRA, Phabricator, Confluence, TestRail Experience with REST API testing via Swagger, Postman, Fiddler Experience with different types of testing (Functional, Non-functional, Change related) Good understanding of QA processes, all phases of SDLC Hiring, boarding & mentoring newcomers Intermediate English level Friendly team, chal"
b2d5d6e8-f2e6-5416-968a-ed3adee41e0a,iOS Developer,iOS,mobile,10.0,senior_10_plus,fluent,5.0,ci/cd;git;ios;product management;project management;qa;swift,7,leadership;part_time;remote,"I specialise in custom, performant and algorithmic-reach mobile application engineering, i also love to hack into Core Foundation and Apple SDK internals. Specific examples: – engineered a performant openGL based vector drawing/rasterisation engine with real-time centripetal Catmull-Rom spline algorithm implementation to vectorize free-hand input and applied computational math algorithms to effectively solve in real-time vector eraser problem (e.g. cut out eraser shape out of given vector splines) – engineered a performant openGL based real-time 3D chart rasterisation library with support for "
afe4fc1d-80e0-5a53-8ec9-832b62d6835e,Senior Software Engineer,JavaScript,frontend,8.0,senior_6_10,intermediate,3.0,angular;javascript;node.js;php;react;vue,6,,"Software Engineer with 8+ years of experience in creating WEB applications and hybrid mobile applications. Big experience with JavaScript and fluid understanding of its frameworks including ReactJS, EmberJS, Angular, and Vue. Experienced with backend technologies, mainly specialized with NodeJS, PHP, and their frameworks. Fan of cloud technologies."
5b1095c7-4d7a-58a0-91e2-5efcaa336122,Junior Manual QA Engineer,QA,data_analytics,0.5,junior_0_1,intermediate,3.0,api;qa;scrum;sql,4,,"Junior QA Engineer with experience in testing production web sites. I am suitable for you because I have a basic understanding of QA processes and methodologies, have experience working with API and database SQL, understand client-server architecture. • Experience in testing applications with client-server architecture • Experience in writing test cases • Experience working by Scrum methodology, bug reports issuing • Basic knowledge of HTML, CSS • Worked with Atlassian Jira & Trello task tracking system • Basic HTTP API test experience • Basic SQL knowledge • Testing tools: Postman, Chrome Dev"
a78b2e76-f727-5ad6-a997-e06fd484ec3a,UI/UX Designer,Design,design_ux,1.5,junior_1_3,intermediate,3.0,figma;ui/ux,2,,"General Information: Hi! I'm Tung. My department area is UI/UX & Graphic Design. I'm from Ukraine, but now based in Germany. As UI/UX & Graphic designer I have 1,5 years experience of creating project for Industrial Automation, Working in Marketing field. Moreover I have a several practice in E-commerce, Industrial Automation fields, also motion & illustration for robotics interface, marketing area before I took over as designer. Skills: I have a proven experience in Figma, Invision, Photoshop & Illustrator. Amateur skills in Premiere Pro and After Effects, Indesign."
d6434a9a-ce26-57c0-a3e6-10356540c542,"Data scientist, Machine Learning engineer",Data Science,machine_learning,5.0,mid_3_6,fluent,5.0,data analysis;machine learning,2,,"Data Scientist with 5+ years of working experience in Data Science and Machine Learning . Interested in a high-level position. Passionate about data driven decision making, product analytics. Skilled in developing segmentation and recommendation systems, classification tasks. For a last year leading a Data Science team. Also responsible for the end-to-end development process including presenting and describing results for non-technical managers. Professional growth. Leading the team."
547c0672-33e4-57a7-97bc-59c602d6b230,DevOps engineer and Linux System Administrator,DevOps,devops_cloud,5.0,mid_3_6,fluent,5.0,docker;kubernetes;linux,3,,"A Linux enthusiast from collage to a Senior Linux System Admin. I always love to learn new stuff and improve myself. Automating things or building a system is always fun and motivation for me. I work as a System Administrator and DevOps Engineer with 10+ years of Linux background. I was involved in many software architecture projects using Kubernetes, Docker and legacy application servers. Being a versatile person I took different responsibilities in different projects on system design, architecture and product engineering."
6da7c0ce-e338-52fb-926a-7a455964839e,React Developer,JavaScript,fullstack,2.0,junior_1_3,intermediate,3.0,api;javascript;node.js;react;typescript,5,,"I have my own full stack pet project under development, the technologies I use are - Next js - express - Node.js - React JS - Redux-toolkit Hi, my name is Max and I'm front-end developer. I possess a strong proficiency in React, with hands-on experience in developing components, Single Page Applications (SPAs) and E-Commerce web application. I am adept at utilizing React Hooks Form to effectively manage forms within React applications. Furthermore, I have a solid understanding of TypeScript and the ability to develop typed React components. My skill set also includes a deep familiarity with th"
5e596f92-fd18-50fc-a461-b035f57fdb53,Junior PM,Project Manager,product_project,0.5,junior_0_1,fluent,5.0,product management;project management,2,,"I am Kateryna and at the moment I am working as a freelance Marketing Project Manager. I am looking forward to new opportunities in my career development in Project Management. My English is fluent and I have the work experience in both the public and private sectors. I was a Co-founder and manager of a kindergarten where I had to cover a lot of tasks such as engaging new clients, launching the advertising campaigns and hiring the employees. I also worked as a Personal assistant of B2B director Kyivstar where I managed the workflow of documents in the department of 100+ employees. The position"
e5d86a7e-8205-53e2-8fea-5788fc0b48bc,Mobile Developer,Flutter,mobile,0.0,junior_0_1,intermediate,3.0,api;flutter;rest,3,,"Development of a mobile Flutter application whose main task is to search and save various culinary recipes. The application has the function of registration and login by user data. REST API and Firebase are used to retrieve and store data The BLoC pattern was applied to manage the state in the application. If you need, I can provide the full code of the application It is important for me to work in a company that values its employees and provides opportunities for growth and development. I believe it is important to develop and grow in my career, so my job should provide me with opportunities "
2b752130-5291-5bc0-a2e1-c1507b5befe8,"Javascript (React, Node.js) Engineer",JavaScript,frontend,6.0,senior_6_10,intermediate,3.0,api;data analysis;javascript;node.js;react,5,,"Developed high load service for analytics system Have experience with e-commerce, e-bookkeeping, e-booking, SPA, SaaS, API. Participated in 5 startups Looking for a position in a product company"
11baaf98-0672-57f6-9ac9-7c1e71b8c129,Junior Back_End developer,Node.js,backend,1.0,junior_1_3,fluent,5.0,api;javascript;node.js,3,,I have work on my personal project. I have work with some company. I work as a back end developer i send request using API and Postgras i use Express framework to set up my server and it make my work easier
c18fc226-58c3-5f49-8226-24277cc36e91,"Senior Business analyst, Product Owner, Lead BA",Business Analyst,data_analytics,8.0,senior_6_10,fluent,5.0,data analysis;product management;project management,3,,"Certified SAFe® 5 Agilist As a skilled Business Analyst and Project Manager, I have gained significant experience in various domains, including healthcare, financial, security monitoring, and home alarm system manufacturing. With over 8 years of experience in these industries, I have developed a diverse skill set and a unique perspective that allows me to deliver results that meet clients' needs. In healthcare, I have led projects focused on improving patient care and increasing operational efficiency. Although I haven't worked with electronic medical records or clinical workflow, my understan"
34d47d32-7cba-579b-b0a1-5652cd368171,QA Engineer,Other,qa_testing,0.0,junior_0_1,intermediate,3.0,agile;ci/cd;java;qa;selenium;sql;ui/ux,7,,"Experience - ARTENERGO – Head of warehouse - Galychfarm – Foreman o Duties: giving commercial tasks to my subordinates. Controlling the quality of their job, delivery of products to the store and reporting to head office - Galychfarm – Head of warehouse - Western regional store of Zepter International - Director - „Сomfort-Service” - Production Logist. - ЗАТ ДКК «Український реєстратор» - Specialist of software department Education - Lviv IT School, course of Test Automation 10/2016 – 01/ 2017 - Lviv School of Software testing, QC testing course, 10/2015 – 04/ 2016 - State Univresity “Lvivska "
3f14073e-2cc9-5b0c-b9a9-636d6e07f78b,QA Engineer,QA,backend,7.0,senior_6_10,intermediate,3.0,api;java;qa;selenium;sql,5,,"- 7+ years of experience in the QA field; - 1 year of experience as a PM; - Less than 1 year of experience as a BA; - Good experience in testing backend, servers, web, mobile, and API; - Current focus is back-end testing with configs and logs analyzing; - Strong knowledge of QA processes and testing techniques; - Experience with cross-browser testing and cross-platform testing; - Automation skills (Selenium / Maven); - Programming skills in Java for automation; - Experience in planning and estimation; - Active team player; - English - intermediate; - Experience writing SQL queries."
914ff6de-a8fc-5b22-b671-fea481f3ddae,Product owner / Product manager,Product Manager,product_project,7.0,senior_6_10,intermediate,3.0,data analysis;product management,2,,Achievements: - Launch of the personalised smart funnel (offer personalisation depends on preferences from previous steps of the funnel). Increase in CR up to 10% (B2C segment); - Launch marketing processes from scratch. Increase organic traffic in the B2B segment (Region USA) from 0 to 2500/month; - Development of marketing flow and team processes; - Preparation of data collection and analysis with Site + Data Analysis Platform + CRM + Email Service. Project domains: - Dating; - Marketing services. Employment background: - Analyse data to fulfil the market trends; - Performing stakeholder's r
8541d0bb-2298-5936-8b6b-f189f3dede8d,Data scientist,Data Science,machine_learning,2.0,junior_1_3,fluent,5.0,machine learning;nlp;pandas;python,4,,"Precise KPI prediction model development, implicit feedback recommendation engine build from scratch on top of Apache Spark, various prediction modelling experience. Python, Sciki-learn, Pandas, Seaborn, R, Statsmodels, data science, machine learning, nlp"
b3e2f9c6-cc90-59a9-a78d-14b5397c0688,DevOps engineer,DevOps,devops_cloud,0.5,junior_0_1,fluent,5.0,agile;aws;ci/cd;docker;git;kubernetes;terraform,7,,"Successfully completed comprehensive DevOps courses from KodeKloud, demonstrating a commitment to continuous learning and professional development. Developed a strong foundation in DevOps principles, tools, and methodologies through hands-on projects and practical exercises. Showcased proficiency in setting up and managing CI/CD pipelines, enabling rapid and automated software delivery. Mastered Infrastructure as Code (IaC) concepts and gained hands-on experience with tools like Terraform, Ansible, or CloudFormation for efficient and scalable infrastructure provisioning. Acquired expertise in "
35eeea60-ff8f-50b3-9e9e-41d1d5d8abe8,"Trainee, Junior",Android,mobile,0.0,junior_0_1,intermediate,3.0,android;kotlin,2,,"I have strong communication skills, discipline and self-motivation. Successfully worked in sales for 10 years. I have completed the following online Udemy courses: 1. Android App Development with Kotlin / Beginner to Advanced. 41,5 hours, 238 lectures. 2. The Complete Android 12 & Kotlin Development Masterclass. 47,5 hours, 299 lectures. I am looking for the trainee or junior role to start my professional experience in IT, learn from the seniors and become a part of IT culture and environment."
1504fb02-ccc4-5f7b-b52b-de64ffd1f5da,Product and UI/UX Designer,Design,design_ux,2.5,junior_1_3,intermediate,3.0,figma;ui/ux,2,,"I'm a Product and UI/UX Designer with 2+ years of experience in building products and websites for SaaS. - Designing new dashboard and interface pages - Redesign the current dashboard and interface pages following to design system. - Creating design system Components and Auto layouts. - Creating a clickable prototype and simple animation. (in Figma) - Design user flow screens. - Creating interface elements like pop-ups, HTML emails, icons, and graphics. - Analysis of competitors. - Collaborating with the team and brainstorming."
e63e75b5-db1e-5b0a-be1a-42c9c5dc5500,Manual QA Engineer,QA,data_analytics,1.0,junior_1_3,intermediate,3.0,agile;mysql;qa;rest;scrum;sql,6,,"HARD SKILLS - Experience with e-commerce projects (products are related to the development of various marketplaces); - Work with bug tracking (Jira) and test management tools (TestRail, Kibana); - Experience with software testing (Functional, Regression, Integration, Smoke, User Acceptance Testing); - REST APIs (Postman manual tests); - Understanding of product development lifecycles (Waterfall, Agile/ Scrum/ Kanban); - Knowledge of web technologies: HTTP/HTTPS, HTML, JSON; - Knowledge of MySQL databases, SQL queries. SOFT SKILLS - Patience, attentiveness; - Problem solving; - End user empathy"
35cc5442-1377-578f-980b-650222f0f9e6,Middle Frontend Engineer (Vue),JavaScript,frontend,4.0,mid_3_6,fluent,5.0,javascript;vue,2,,"Ask me 4 years of front end development experience Closely working with Vue.js ecosystem since 2018 SPA apps with Vuex and VueRouter, browser extensions, Nuxt.js SSR apps and Electron apps using Vue Besides that I worked with Tailwind integrations and migration from Webpack to Vite A team with common goals that are involved in product development with the ability to progress and gain new knowledgeReady to any test task in range of 1-6 hours"
65aaaffc-9ebb-5521-86b2-0bc8513fec8f,Full Stack Developer,Java,fullstack,4.0,mid_3_6,fluent,5.0,agile;angular;aws;git;java;javascript;machine learning;mongodb;mysql;react;spring;sql,12,,"In the last year working in the company, I was one of the first guys that had started to adhere to the best development practices such as test-driven development, database version management, structured codebase version management with git. As the software engineer on my last position my responsibilities as a software developer included. Developing and maintaining software in accordance with the requirements presented by the customer for such products as websites, crms, chat bots. Ensuring the code quality by performing code reviews, Meeting the quality requirements by automating the testing o"
364d90bb-10ec-538e-b286-8702983a3b4f,Middle QA Engineer,QA Automation,qa_testing,2.5,junior_1_3,fluent,5.0,api;cypress;java;javascript;qa,5,,"The main work is to create and maintain autotests (UI, API) in Cypress(JS). Also, manual testing if needed, supporting documentation, and reporting bugs. Has basic knowledge of Java but with no commercial experience."
